event,video_id,comment_id,published_at,likes
E1_increase,5M8GY429yi0,Ugywnfrx4CpcwyME8wl4AaABAg,2025-10-03T17:02:14Z,265
E1_increase,5M8GY429yi0,UgwAutTjhoeTInBI7QB4AaABAg,2025-10-04T15:10:06Z,31
E1_increase,5M8GY429yi0,UgxVPzIVkMbOFEQizNZ4AaABAg,2025-10-04T08:13:10Z,36
E1_increase,5M8GY429yi0,UgxCxBd00_ZvehOj2bV4AaABAg,2025-10-03T17:55:01Z,100
E1_increase,5M8GY429yi0,UgxIAaIrxV2-CuQZYAt4AaABAg,2025-10-04T06:24:43Z,43
E1_increase,5M8GY429yi0,Ugxgu2JLM07nWZML3zZ4AaABAg,2025-10-03T17:22:48Z,8
E1_increase,5M8GY429yi0,Ugx_EOVgYBakpa_dypR4AaABAg,2025-10-03T17:09:39Z,60
E1_increase,5M8GY429yi0,Ugxc5pHLvIQHxywJzYB4AaABAg,2025-10-05T15:29:38Z,9
E1_increase,5M8GY429yi0,UgyrQL_q2_Qip2xi3jR4AaABAg,2025-10-04T13:32:12Z,5
E1_increase,5M8GY429yi0,UgzVq84BRRsdeEVnKiZ4AaABAg,2025-10-03T17:21:53Z,31
E1_increase,5M8GY429yi0,Ugy8hm9loD0PFD7QrCp4AaABAg,2025-10-03T18:06:52Z,2
E1_increase,5M8GY429yi0,UgxMmakLs1n2LXWe6Kh4AaABAg,2025-10-03T18:59:29Z,5
E1_increase,5M8GY429yi0,Ugx-NrY-axSlBi5zsQd4AaABAg,2025-10-03T19:28:43Z,18
E1_increase,5M8GY429yi0,Ugw5deG1HjDmetOXHHx4AaABAg,2025-10-04T15:31:49Z,5
E1_increase,5M8GY429yi0,Ugz32BcDnI1rXkbE5L14AaABAg,2025-11-15T03:23:07Z,2
E1_increase,5M8GY429yi0,UgxQtcCREFzU47wt0s54AaABAg,2025-10-03T17:18:25Z,8
E1_increase,5M8GY429yi0,Ugy6ZiA6fCh3gXi_wjN4AaABAg,2025-10-04T20:52:23Z,7
E1_increase,5M8GY429yi0,Ugzd_nmk8wOBnnuFGEB4AaABAg,2025-10-03T21:41:43Z,2
E1_increase,5M8GY429yi0,Ugzi1-fzf8TwZ5ZFdi94AaABAg,2025-10-05T19:13:08Z,2
E1_increase,5M8GY429yi0,UgyxSGyClE9dA2DwSqN4AaABAg,2025-10-03T17:13:26Z,17
E1_increase,5M8GY429yi0,UgxRb3mQz7wqM5wkdFV4AaABAg,2026-08-21T21:03:47Z,0
E1_increase,5M8GY429yi0,UgwnUfMcyyMBLCE-JV54AaABAg,2025-10-03T18:47:00Z,6
E1_increase,5M8GY429yi0,UgxK8PeeA7z-MQytQZd4AaABAg,2025-10-03T17:58:28Z,3
E1_increase,5M8GY429yi0,UgxHhS4afng_VfSjmn94AaABAg,2025-10-03T17:16:36Z,1
E1_increase,5M8GY429yi0,Ugwggy1ZNw1GXAViL3l4AaABAg,2025-10-03T17:31:18Z,2
E1_increase,5M8GY429yi0,UgzTy2-orDtGDAEf0Fx4AaABAg,2025-10-05T12:41:23Z,0
E1_increase,5M8GY429yi0,UgxZ2EGpVPxgGJ_Uxrl4AaABAg,2025-10-03T18:22:34Z,1
E1_increase,5M8GY429yi0,UgyTFJJETxthOjAOS454AaABAg,2025-10-03T21:36:36Z,3
E1_increase,5M8GY429yi0,Ugystrmno6jemAdSKbJ4AaABAg,2025-10-03T18:56:54Z,5
E1_increase,5M8GY429yi0,Ugwj12yREuN6UK0Yayh4AaABAg,2025-10-03T17:20:58Z,2
E1_increase,5M8GY429yi0,UgzJc3UPYInDvBtpH9N4AaABAg,2025-10-03T17:04:21Z,1
E1_increase,5M8GY429yi0,UgzGl6lt63dN32YmjDx4AaABAg,2025-10-04T19:55:50Z,0
E1_increase,5M8GY429yi0,UgxbZfx5dAxgH_VKY954AaABAg,2025-10-05T23:19:42Z,3
E1_increase,5M8GY429yi0,Ugwac8ofmv2qhO6IdVd4AaABAg,2025-10-03T17:51:19Z,3
E1_increase,5M8GY429yi0,UgyFkCuQJTdEAW0Pfhp4AaABAg,2025-10-04T05:12:11Z,5
E1_increase,5M8GY429yi0,UgwaWbWHZqCv9nniXWl4AaABAg,2025-10-04T03:48:45Z,0
E1_increase,5M8GY429yi0,Ugy14N2yzwuGEOksf6F4AaABAg,2025-10-03T18:09:41Z,1
E1_increase,5M8GY429yi0,Ugxi-aBgZbodveDwCul4AaABAg,2025-10-03T21:29:11Z,2
E1_increase,5M8GY429yi0,UgxPHkI2LEy65AENsp94AaABAg,2025-10-04T18:12:28Z,0
E1_increase,5M8GY429yi0,UgwildTSIOF214KDMlp4AaABAg,2025-10-03T19:24:04Z,2
E1_increase,5M8GY429yi0,Ugwyv8sCddgm11QlOdp4AaABAg,2025-10-03T17:33:16Z,4
E1_increase,5M8GY429yi0,Ugwt-t_hAWIDtidIpwB4AaABAg,2025-10-03T18:43:25Z,1
E1_increase,5M8GY429yi0,UgyNV4KR3e9hD7A6EpR4AaABAg,2025-10-04T02:23:10Z,0
E1_increase,5M8GY429yi0,UgxhHarltRw4kXuOVgl4AaABAg,2025-10-03T17:12:48Z,1
E1_increase,5M8GY429yi0,UgzMVV4OeFsK_PbXaex4AaABAg,2025-10-03T17:23:23Z,5
E1_increase,5M8GY429yi0,Ugy1ufOpwL9Di0ynKeh4AaABAg,2025-10-03T17:42:05Z,1
E1_increase,5M8GY429yi0,Ugx7olFcei8UOrc1YDh4AaABAg,2025-10-04T21:23:03Z,0
E1_increase,5M8GY429yi0,UgxvYKH2NhJ5T7sjCbF4AaABAg,2025-10-03T18:40:45Z,1
E1_increase,5M8GY429yi0,UgyBsOzUpQS6ggK2WrB4AaABAg,2025-10-05T16:02:49Z,0
E1_increase,5M8GY429yi0,UgyrVPPXiToxVoR5yh54AaABAg,2025-10-03T18:56:46Z,1
E1_increase,5M8GY429yi0,UgxfbEz3SrCd8iBqg1J4AaABAg,2025-10-03T17:38:13Z,5
E1_increase,5M8GY429yi0,Ugz94S3GsLk3H-abEUZ4AaABAg,2025-10-12T15:33:31Z,1
E1_increase,5M8GY429yi0,UgxeXAxKMCP1AJ_8fvF4AaABAg,2025-10-03T17:34:36Z,2
E1_increase,5M8GY429yi0,Ugww1gQunv7IKOsqhfh4AaABAg,2025-10-03T18:45:10Z,1
E1_increase,5M8GY429yi0,Ugxc5Mli60dupF2s6FN4AaABAg,2025-10-05T10:59:31Z,0
E1_increase,5M8GY429yi0,Ugz6WzzHq6AfKvQ2Cx14AaABAg,2025-10-03T17:04:25Z,6
E1_increase,5M8GY429yi0,UgwgL39ZU8X99dl_c2R4AaABAg,2025-10-05T17:22:59Z,0
E1_increase,5M8GY429yi0,UgwhRH4X8cqISPdKzl14AaABAg,2025-10-03T17:32:38Z,3
E1_increase,5M8GY429yi0,Ugz2GeVgnktEOqa1JxB4AaABAg,2025-10-03T20:19:45Z,1
E1_increase,5M8GY429yi0,UgwVFkA8MqvT0MTYDjl4AaABAg,2025-10-04T10:59:30Z,0
E1_increase,5M8GY429yi0,UgzbesE611y0WzO68FV4AaABAg,2025-10-03T17:34:14Z,1
E1_increase,5M8GY429yi0,Ugz5Z8EzWrcsJRI8wUF4AaABAg,2025-10-03T17:01:03Z,0
E1_increase,5M8GY429yi0,Ugyau9Ylxa4aTsQ4Y3x4AaABAg,2025-10-03T20:27:48Z,0
E1_increase,5M8GY429yi0,UgzIeiaq15h1BZH6dfp4AaABAg,2025-10-05T14:32:22Z,0
E1_increase,5M8GY429yi0,UgwQavi_bRswJB5JKmR4AaABAg,2025-10-03T19:45:41Z,0
E1_increase,5M8GY429yi0,Ugz8SnrEwu3DLDq6au14AaABAg,2025-10-03T17:09:47Z,7
E1_increase,5M8GY429yi0,Ugz74Pa2mvHi_CBIzNx4AaABAg,2025-10-04T14:36:30Z,1
E1_increase,5M8GY429yi0,UgxPoHKSqiKkYlmwVuh4AaABAg,2025-10-03T17:14:03Z,0
E1_increase,5M8GY429yi0,Ugywu-8W0PX7c3IlhOt4AaABAg,2025-10-03T23:29:36Z,0
E1_increase,5M8GY429yi0,UgyTmdoyXDRh9spIB2F4AaABAg,2025-10-03T18:37:35Z,1
E1_increase,5M8GY429yi0,UgyXQuthQBtKeegT0wx4AaABAg,2025-10-04T21:04:42Z,0
E1_increase,5M8GY429yi0,Ugy1kdIxwXIRSdPpLl94AaABAg,2025-10-04T22:20:58Z,0
E1_increase,5M8GY429yi0,UgyCVsw3Jls1cGs_7414AaABAg,2025-10-04T10:05:40Z,0
E1_increase,5M8GY429yi0,Ugx_V4r9HF8L22PZeY94AaABAg,2025-10-03T19:58:26Z,0
E1_increase,5M8GY429yi0,Ugw3jQtewtb73fU3P-54AaABAg,2025-10-03T22:49:54Z,0
E1_increase,5M8GY429yi0,UgxXKcMFRakgWknTybh4AaABAg,2025-10-04T04:01:52Z,0
E1_increase,5M8GY429yi0,UgzHIWa76DN8wVMR5854AaABAg,2025-10-06T11:18:41Z,0
E1_increase,5M8GY429yi0,UgwWgQoQH_woLGlyokh4AaABAg,2025-10-03T19:39:10Z,19
E1_increase,5M8GY429yi0,UgxFZh82Uv520CAAsel4AaABAg,2025-10-03T21:58:54Z,0
E1_increase,5M8GY429yi0,Ugx2-TxJ2LpiRt3WFB54AaABAg,2025-10-03T17:06:15Z,0
E1_increase,5M8GY429yi0,Ugx4CJE_1kesYpcMjDt4AaABAg,2025-10-05T14:41:56Z,0
E1_increase,5M8GY429yi0,UgyU4YhnnjgW5MSwNd14AaABAg,2025-10-04T19:07:10Z,0
E1_increase,5M8GY429yi0,UgzBVMB9oCT4yIEQNpJ4AaABAg,2025-10-05T17:37:38Z,0
E1_increase,5M8GY429yi0,Ugw5xqtZm6FYNrXocQl4AaABAg,2025-10-04T15:31:12Z,0
E1_increase,5M8GY429yi0,UgyLy3CV3xa16G_A3gd4AaABAg,2025-10-04T02:26:39Z,0
E1_increase,5M8GY429yi0,UgwodVftjqfkxGsSHAd4AaABAg,2025-10-03T22:07:08Z,0
E1_increase,5M8GY429yi0,Ugzg-XA8F1DAt7vkCx14AaABAg,2025-10-03T23:49:16Z,0
E1_increase,5M8GY429yi0,UgzwzLIx9FchqSpTVHN4AaABAg,2025-10-03T17:58:08Z,0
E1_increase,5M8GY429yi0,UgzOCNYBkYmcpH6iJKl4AaABAg,2025-10-03T18:07:58Z,0
E1_increase,5M8GY429yi0,UgyMfKGwvOYsB607YDp4AaABAg,2025-10-04T14:50:38Z,0
E1_increase,5M8GY429yi0,UgznJX4jQ4ymkiR1Dv14AaABAg,2025-10-04T00:28:54Z,0
E1_increase,5M8GY429yi0,UgyIohBEqALsyb1eXDV4AaABAg,2025-10-04T15:45:19Z,0
E1_increase,5M8GY429yi0,Ugyx5hIaENQ36AioZqx4AaABAg,2025-10-04T16:59:49Z,0
E1_increase,5M8GY429yi0,UgzaNPH4tNrhc6fb61Z4AaABAg,2025-10-04T11:15:44Z,0
E1_increase,5M8GY429yi0,UgyYiZkq26bJwQyRUxh4AaABAg,2025-10-07T10:49:27Z,0
E1_increase,5M8GY429yi0,UgzD4L1iCsBhj9vUH2l4AaABAg,2025-10-10T06:23:58Z,0
E1_increase,5M8GY429yi0,UgxYrs3kLR_c8jtR7AN4AaABAg,2025-10-03T21:21:40Z,0
E1_increase,5M8GY429yi0,UgxPl4WpoPn9Qu3SgNN4AaABAg,2025-10-05T10:39:53Z,0
E1_increase,5M8GY429yi0,UgwZEcew8BQnVjWJ02x4AaABAg,2025-10-04T06:24:28Z,0
E1_increase,5M8GY429yi0,UgyaZreZ1kfr-GAhBOZ4AaABAg,2025-10-04T00:31:07Z,0
E1_increase,5M8GY429yi0,UgzHxUpQe8U8RWfdJXJ4AaABAg,2025-10-05T02:26:20Z,0
E1_increase,5M8GY429yi0,UgxkSbBLJOYxBOcNtJp4AaABAg,2025-10-04T11:33:30Z,0
E1_increase,5M8GY429yi0,UgwEs0Pjm6qtsMjSXYp4AaABAg,2026-04-01T22:38:33Z,0
E1_increase,5M8GY429yi0,UgyEtH3C3ce8vdt_q694AaABAg,2025-10-03T18:38:20Z,0
E1_increase,5M8GY429yi0,UgzDvOmXsS8TQ54h0ql4AaABAg,2025-10-04T00:06:58Z,0
E1_increase,5M8GY429yi0,UgyPMl9QUn9G-3wBrJV4AaABAg,2025-10-04T14:37:59Z,0
E1_increase,5M8GY429yi0,UgzyYMVh7rRSuwPu8SN4AaABAg,2025-10-03T18:53:01Z,0
E1_increase,5M8GY429yi0,UgxUTZLER-OMkYFRd5F4AaABAg,2025-10-03T17:05:49Z,0
E1_increase,5M8GY429yi0,Ugyn07aF5bEC7YtN1xt4AaABAg,2025-10-04T11:05:59Z,1
E1_increase,5M8GY429yi0,UgyCGh8PPNATHOjwEYF4AaABAg,2025-10-03T21:02:59Z,0
E1_increase,5M8GY429yi0,Ugx_bJ_fQdtD0Ok4zrx4AaABAg,2025-10-03T17:09:00Z,0
E1_increase,5M8GY429yi0,Ugwri9AS4hiexpbEcQ54AaABAg,2025-10-04T05:16:18Z,0
E1_increase,5M8GY429yi0,UgxRJ0dOkZnKQrEhf-x4AaABAg,2025-10-04T03:24:09Z,0
E1_increase,5M8GY429yi0,UgwDzp0NMv4i-c_fRf94AaABAg,2025-10-03T23:37:23Z,0
E1_increase,5M8GY429yi0,UgxoRO5uwCJEKpH3fil4AaABAg,2025-10-03T18:13:51Z,3
E1_increase,5M8GY429yi0,Ugwh3HTpSROPrtUa6XJ4AaABAg,2025-10-05T00:34:24Z,0
E1_increase,5M8GY429yi0,UgznczVsRfq5j0OX59t4AaABAg,2025-10-03T21:34:03Z,0
E1_increase,5M8GY429yi0,UgzqopZMNtirOMWV0gt4AaABAg,2025-10-04T21:32:42Z,0
E1_increase,5M8GY429yi0,UgzIojtTNGyzu67qVfV4AaABAg,2025-10-04T14:33:12Z,0
E1_increase,5M8GY429yi0,UgzBJEcPLFTx5QLwGzN4AaABAg,2025-10-08T16:17:36Z,0
E1_increase,5M8GY429yi0,UgyaTOcLa8MqVpyD6Ip4AaABAg,2025-10-03T17:23:53Z,0
E1_increase,5M8GY429yi0,Ugzo3bdq4kwQbsdE91h4AaABAg,2025-10-04T17:08:14Z,0
E1_increase,5M8GY429yi0,Ugz6gbdvj8vmSOTa6Y54AaABAg,2025-10-03T19:28:41Z,0
E1_increase,5M8GY429yi0,Ugz2liR8o0P5jJeadlB4AaABAg,2025-10-05T19:01:44Z,0
E1_increase,5M8GY429yi0,UgzBsTHLp8zuPbn45M54AaABAg,2026-01-28T02:45:32Z,0
E1_increase,5M8GY429yi0,Ugze2xqC7KNLIZp55O14AaABAg,2025-10-05T00:39:02Z,0
E1_increase,5M8GY429yi0,UgywacorFccErU5ywDt4AaABAg,2025-10-04T16:04:14Z,0
E1_increase,5M8GY429yi0,UgxWNoXo22mR1VmV3Jh4AaABAg,2025-10-04T03:28:20Z,0
E1_increase,5M8GY429yi0,Ugy2vbQQ4zNlVF5_2tJ4AaABAg,2025-10-03T21:44:31Z,0
E1_increase,5M8GY429yi0,UgxOeSJglG-Uylctj6N4AaABAg,2025-10-03T17:37:02Z,0
E1_increase,5M8GY429yi0,Ugz_zPx4HzRL52FzkKB4AaABAg,2025-10-03T19:27:58Z,0
E1_increase,5M8GY429yi0,UgwLpSUCYkwhba8Z4Ql4AaABAg,2025-10-04T04:22:19Z,0
E1_increase,5M8GY429yi0,Ugy4qqZg2ubsgEi7K5N4AaABAg,2025-10-03T17:00:54Z,0
E1_increase,5M8GY429yi0,UgyuOhSNQO5o2c7Es154AaABAg,2025-10-03T20:40:25Z,0
E1_increase,5M8GY429yi0,UgxA_da3-HGP5S6v_uJ4AaABAg,2025-10-03T21:20:09Z,0
E1_increase,5M8GY429yi0,Ugw73-1P5azsUhZqAbZ4AaABAg,2025-10-03T17:12:42Z,0
E1_increase,5M8GY429yi0,UgxM1bcQwlP69G_zKUV4AaABAg,2025-10-04T21:42:50Z,0
E1_increase,5M8GY429yi0,UgyTBn-rWamL_2W4DOx4AaABAg,2025-10-03T17:00:44Z,0
E1_increase,5M8GY429yi0,Ugx1Yre49acWFTygiCN4AaABAg,2025-10-04T22:00:26Z,0
E1_increase,5M8GY429yi0,UgzsPxgJ_obBHUx15Wd4AaABAg,2025-10-03T18:11:10Z,0
E1_increase,5M8GY429yi0,Ugy4qy3aE4KsjPulu514AaABAg,2025-10-06T07:55:40Z,0
E1_increase,5M8GY429yi0,UgyOig_GVVOw8zD5k6t4AaABAg,2025-10-03T19:09:52Z,0
E1_increase,5M8GY429yi0,Ugz-Wl3sEob951FhFG94AaABAg,2025-10-03T23:03:07Z,0
E1_increase,5M8GY429yi0,UgxpAf9wzHhtv0fRtxd4AaABAg,2025-10-04T11:15:17Z,0
E1_increase,5M8GY429yi0,UgzOyJIYUhIOfWNBhgR4AaABAg,2025-10-04T14:32:04Z,1
E1_increase,5M8GY429yi0,Ugxn9ALj4gjwlIfgjeF4AaABAg,2025-10-08T13:08:28Z,0
E1_increase,5M8GY429yi0,UgyaLVl90uAgyGOL8gN4AaABAg,2025-10-03T18:36:20Z,0
E1_increase,5M8GY429yi0,UgwPNZU6rG0zp8_Nd8B4AaABAg,2026-02-23T22:47:15Z,0
E1_increase,5M8GY429yi0,UgwSoGswPy9SBpTWe_N4AaABAg,2025-10-04T23:11:13Z,0
E1_increase,5M8GY429yi0,UgzRYKSEaFXVZbJZ1EN4AaABAg,2025-10-03T19:20:35Z,0
E1_increase,5M8GY429yi0,UgylMUyyTiYTppXyyXB4AaABAg,2025-10-04T03:14:01Z,0
E1_increase,5M8GY429yi0,UgyQjq9xN3hM6Hg3avh4AaABAg,2025-10-03T17:39:16Z,0
E1_increase,5M8GY429yi0,UgyEA2QBZnC_bijsLld4AaABAg,2025-10-05T03:16:01Z,0
E1_increase,5M8GY429yi0,Ugx2r188AA3IEYtFMmR4AaABAg,2025-10-03T20:56:44Z,0
E1_increase,5M8GY429yi0,Ugwa1XS5xMr-668QQON4AaABAg,2025-10-04T09:35:19Z,0
E1_increase,5M8GY429yi0,UgyeUPUIlUKvR42axYt4AaABAg,2025-10-03T18:23:00Z,1
E1_increase,5M8GY429yi0,Ugwf7YqdtPDaoTbSZAV4AaABAg,2025-10-10T00:11:07Z,0
E1_increase,5M8GY429yi0,UgyOytKdf0rkPsZ0LPB4AaABAg,2025-10-04T21:02:26Z,0
E1_increase,5M8GY429yi0,UgzVgj7-_Tsua1PFrhZ4AaABAg,2025-10-03T17:07:47Z,0
E1_increase,5M8GY429yi0,UgyW9Q6ez6MeYR2PSLZ4AaABAg,2025-10-04T14:45:49Z,0
E1_increase,5M8GY429yi0,Ugw1UDEGllqF-L_sOzx4AaABAg,2025-10-04T17:09:44Z,0
E1_increase,5M8GY429yi0,UgweuL12IdTfb08IIYJ4AaABAg,2025-10-03T17:29:23Z,0
E1_increase,5M8GY429yi0,UgyVCeMRN_mgCsFGUlB4AaABAg,2025-10-03T22:56:53Z,0
E1_increase,5M8GY429yi0,UgxZQ-KfK4RX3LFRtz94AaABAg,2025-10-05T12:22:41Z,0
E1_increase,5M8GY429yi0,UgxTWT9qrpNTdHovxLx4AaABAg,2025-10-04T15:07:22Z,0
E1_increase,5M8GY429yi0,UgypAk52IYNwS4cUBSV4AaABAg,2025-10-04T01:51:16Z,0
E1_increase,5M8GY429yi0,UgwGF_DfvUCipKrrqIF4AaABAg,2025-10-04T07:46:51Z,0
E1_increase,5M8GY429yi0,Ugy49-ixafBXtcFX03V4AaABAg,2026-01-30T22:31:56Z,0
E1_increase,5M8GY429yi0,UgzME17XGsr0vNX9SUd4AaABAg,2025-10-03T21:33:13Z,0
E1_increase,5M8GY429yi0,UgxrWYvLBcC0Hq0i58N4AaABAg,2025-10-03T18:29:11Z,0
E1_increase,5M8GY429yi0,UgwmrUtnsaqPyI3AcQJ4AaABAg,2025-10-04T08:30:45Z,0
E1_increase,5M8GY429yi0,UgxRIwBIde4az-xoA014AaABAg,2025-10-03T17:13:24Z,0
E1_increase,5M8GY429yi0,UgwTjZ0bu8HQjcSU9al4AaABAg,2025-10-04T04:46:52Z,0
E1_increase,5M8GY429yi0,Ugyftxqwp6s7SxW8g-l4AaABAg,2025-11-17T00:17:07Z,0
E1_increase,5M8GY429yi0,UgwzllPXJxeu549LhBh4AaABAg,2025-10-03T17:01:15Z,2
E1_increase,5M8GY429yi0,Ugw-1MlgSyFTPGF4Q414AaABAg,2025-10-04T16:42:28Z,0
E1_increase,5M8GY429yi0,UgxIS85-yi0xU-txmlp4AaABAg,2025-11-16T12:09:27Z,0
E1_increase,5M8GY429yi0,UgzoAIEilWr2YMYEEaR4AaABAg,2025-10-03T22:30:28Z,0
E1_increase,5M8GY429yi0,UgyrznHXTTuBUqawd7F4AaABAg,2025-10-03T21:31:41Z,0
E1_increase,5M8GY429yi0,UgxS52CEnmAxsgQcKZt4AaABAg,2025-10-08T11:08:38Z,0
E1_increase,5M8GY429yi0,UgykKRq0vXu8pFTmx5R4AaABAg,2025-10-03T17:14:11Z,0
E1_increase,5M8GY429yi0,UgzCiVHt_SNUVmqU4Y14AaABAg,2025-10-04T21:48:23Z,0
E1_increase,5M8GY429yi0,Ugz5t4A23cw9yYWKURF4AaABAg,2025-10-04T21:05:18Z,0
E1_increase,5M8GY429yi0,UgwO-PhJc9hY1JA7Wq94AaABAg,2025-10-04T19:31:34Z,0
E1_increase,5M8GY429yi0,Ugx9gkFmdV1kyFOPOLd4AaABAg,2025-10-03T17:15:40Z,0
E1_increase,5M8GY429yi0,UgwS_zz1NzJkc9lXGCR4AaABAg,2025-10-04T01:12:19Z,0
E1_increase,5M8GY429yi0,UgyCkzPdPMsadUPrH0N4AaABAg,2025-10-03T17:15:42Z,0
E1_increase,5M8GY429yi0,UgwOcl7Ia59c57rKhnh4AaABAg,2025-10-03T21:45:50Z,0
E1_increase,5M8GY429yi0,UgyjVTLyksnaGG-EML94AaABAg,2025-10-03T17:44:32Z,0
E1_increase,5M8GY429yi0,Ugw31UKqWC1mQM_UYLB4AaABAg,2025-10-06T22:47:06Z,0
E1_increase,5M8GY429yi0,UgweU_3gD3pc6FK0GEN4AaABAg,2025-10-04T13:15:22Z,0
E1_increase,5M8GY429yi0,UgxrLbUXUTRMpbApFm94AaABAg,2025-10-04T21:15:05Z,0
E1_increase,5M8GY429yi0,UgzG6c7QFf4JMviQWC54AaABAg,2025-10-04T21:21:42Z,0
E1_increase,5M8GY429yi0,UgzxcLTP7U-tC3ZMIsd4AaABAg,2025-10-03T17:59:03Z,1
E1_increase,5M8GY429yi0,UgycnT-ZabxmhstI6SB4AaABAg,2025-10-03T17:51:02Z,5
E1_increase,5M8GY429yi0,UgwY4Ll65NDdKuFbC8x4AaABAg,2025-10-05T00:51:28Z,0
E1_increase,5M8GY429yi0,UgygPrWXloiRIlTiUPB4AaABAg,2025-10-04T11:07:31Z,0
E1_increase,5M8GY429yi0,UgwCQrAZrXX12X5yfPd4AaABAg,2025-10-03T23:13:53Z,0
E1_increase,5M8GY429yi0,UgwKCRSgSo5fJPbRqQt4AaABAg,2025-10-03T17:04:47Z,2
E1_increase,5M8GY429yi0,UgwbeLHBGTg6-kFGcz94AaABAg,2025-10-06T05:29:13Z,0
E1_increase,5M8GY429yi0,UgzsTJc6JtRIZbdlxIN4AaABAg,2025-10-07T01:38:30Z,0
E1_increase,5M8GY429yi0,UgzpujNejBxkCieaU6h4AaABAg,2025-10-05T02:14:53Z,0
E1_increase,5M8GY429yi0,Ugz3TAbpwrQNc4PWOu14AaABAg,2025-10-05T00:46:11Z,1
E1_increase,5M8GY429yi0,UgzMfTkr1mVUfPgc2uJ4AaABAg,2025-10-04T19:06:31Z,0
E1_increase,5M8GY429yi0,UgxEVqHc4NTz3jQA9A94AaABAg,2025-10-11T09:50:06Z,0
E1_increase,5M8GY429yi0,UgxnnXFlLZKtapIKQch4AaABAg,2025-10-05T08:51:36Z,0
E1_increase,5M8GY429yi0,UgzJtUnmsge_UpXfP8R4AaABAg,2025-10-04T17:51:17Z,0
E1_increase,5M8GY429yi0,UgyaDGHnXGDb0Hkd_th4AaABAg,2025-10-04T00:26:22Z,0
E1_increase,5M8GY429yi0,Ugyc3F2p2wIE9mKhX-d4AaABAg,2025-10-06T08:27:03Z,0
E1_increase,5M8GY429yi0,UgzjhBnPhNULcGjyfjF4AaABAg,2025-10-04T16:55:36Z,0
E1_increase,5M8GY429yi0,UgzYmQP-fWDGmbHhNSZ4AaABAg,2025-10-03T22:09:26Z,0
E1_increase,5M8GY429yi0,UgwT4B6vyotRcgEWeW94AaABAg,2025-10-04T00:44:34Z,0
E1_increase,5M8GY429yi0,UgxQWZN8uMUtrgb9wXp4AaABAg,2025-10-04T04:15:56Z,0
E1_increase,5M8GY429yi0,UgymMNmO1p5FJglb8454AaABAg,2025-10-04T14:32:20Z,0
E1_increase,5M8GY429yi0,Ugyt-0PKZ6xOyPCudnt4AaABAg,2025-10-04T11:25:52Z,1
E1_increase,5M8GY429yi0,UgxomBBxbcAt_aet42h4AaABAg,2025-10-03T17:38:12Z,0
E1_increase,5M8GY429yi0,UgyTR7KydLy9rPsAKH14AaABAg,2025-10-05T14:46:23Z,1
E1_increase,5M8GY429yi0,Ugz4MwTF9LmKiEdLhJN4AaABAg,2025-10-04T11:30:13Z,0
E1_increase,5M8GY429yi0,UgzElmeoMPL6LP3oiHt4AaABAg,2025-10-05T09:36:15Z,0
E1_increase,5M8GY429yi0,Ugwf3fqijb5WZQTBxcp4AaABAg,2025-10-05T11:40:54Z,0
E1_increase,5M8GY429yi0,UgzHGiv6Mnw9O0Hauex4AaABAg,2025-10-03T23:34:57Z,0
E1_increase,5M8GY429yi0,Ugw3qE_DVZIG1Vy6yG94AaABAg,2025-10-03T17:18:55Z,1
E1_increase,5M8GY429yi0,UgxNWeKVgrXj2od4-714AaABAg,2025-10-03T17:13:41Z,0
E1_increase,5M8GY429yi0,UgysKdWSpUAEy6go7NR4AaABAg,2025-10-03T18:47:05Z,0
E1_increase,5M8GY429yi0,UgwXaPU4Qox5QgibtVJ4AaABAg,2025-10-03T18:02:49Z,2
E1_increase,5M8GY429yi0,UgyCVwqTBKkY9r6_7vp4AaABAg,2025-10-03T17:00:45Z,0
E1_increase,5M8GY429yi0,UgzR9tmknqhN7y07ADR4AaABAg,2025-11-28T09:14:28Z,0
E1_increase,5M8GY429yi0,Ugygp8XVErIQaDcAgL94AaABAg,2025-10-07T17:00:13Z,0
E1_increase,5M8GY429yi0,Ugzh5D4P1mt3Cg6kr5d4AaABAg,2025-10-03T17:29:41Z,1
E1_increase,5M8GY429yi0,UgwyvSnDsFRE-udbmBx4AaABAg,2025-10-03T20:08:39Z,0
E1_increase,5M8GY429yi0,UgzhSHbmeFD7UgrDDz54AaABAg,2025-10-05T00:07:20Z,0
E1_increase,5M8GY429yi0,UgyISDgmcAkHyjv9wo94AaABAg,2025-10-05T06:31:14Z,0
E1_increase,5M8GY429yi0,UgzflW39TKTsvG0NpLV4AaABAg,2025-11-22T11:58:37Z,0
E1_increase,5M8GY429yi0,UgzaV3A4N1MPWxVGztd4AaABAg,2025-10-03T17:16:33Z,0
E1_increase,5M8GY429yi0,Ugw4BICWBvEv4NT7ncZ4AaABAg,2025-10-03T18:38:39Z,0
E1_increase,5M8GY429yi0,UgzKgHKQacdGZJCVVXF4AaABAg,2025-10-04T14:31:50Z,0
E1_increase,5M8GY429yi0,Ugyf5-WqS-5AWVoJINR4AaABAg,2025-10-04T13:32:59Z,0
E1_increase,5M8GY429yi0,UgxwkgC9OEuqBQ64_6h4AaABAg,2025-10-05T18:56:31Z,0
E1_increase,5M8GY429yi0,UgzFltN1O1-KASXTfJ54AaABAg,2025-10-04T23:54:49Z,0
E1_increase,5M8GY429yi0,Ugyf2_0-sn-e1iOOIpd4AaABAg,2025-10-03T19:35:22Z,0
E1_increase,5M8GY429yi0,Ugxlc2i0yRLbXe_wAZB4AaABAg,2025-10-03T17:33:03Z,0
E1_increase,5M8GY429yi0,Ugy6NSeYU_KVKFVeHYZ4AaABAg,2025-10-05T18:27:54Z,0
E1_increase,5M8GY429yi0,UgzncFZOsX7UGO4umuF4AaABAg,2025-10-03T23:47:11Z,0
E1_increase,5M8GY429yi0,UgxEzXdiQuO-rGe82Vt4AaABAg,2025-10-03T18:11:45Z,0
E1_increase,5M8GY429yi0,Ugxli-uT-AxFLK_tXeN4AaABAg,2025-10-04T16:58:00Z,0
E1_increase,5M8GY429yi0,Ugw34uGCYCyKZU0p6ud4AaABAg,2025-10-03T17:11:10Z,1
E1_increase,5M8GY429yi0,Ugw3rSf-WMTJzeQtWqR4AaABAg,2025-10-03T21:08:19Z,0
E1_increase,5M8GY429yi0,UgyhpOsqn4XOkgb8jmx4AaABAg,2025-10-04T20:35:07Z,0
E1_increase,5M8GY429yi0,UgzrPNpebvFMwdxe2Yt4AaABAg,2025-10-04T04:50:10Z,0
E1_increase,5M8GY429yi0,UgxlZLxwTn2ZCC5wSwN4AaABAg,2025-10-06T04:29:35Z,0
E1_increase,5M8GY429yi0,Ugx0XAwiyqHx0b7tldp4AaABAg,2025-10-04T09:47:48Z,0
E1_increase,5M8GY429yi0,UgxaEKeMGo71tBEz5FZ4AaABAg,2025-10-05T21:04:02Z,0
E1_increase,5M8GY429yi0,Ugxx_OEZx-HCCmR5k2J4AaABAg,2025-10-13T14:28:04Z,0
E1_increase,5M8GY429yi0,Ugz_mFyE2yvwFY8aMnh4AaABAg,2025-10-03T23:18:31Z,0
E1_increase,5M8GY429yi0,UgzkT8kaKPRAhnjgjg14AaABAg,2025-10-04T11:29:09Z,0
E1_increase,5M8GY429yi0,UgyHVG4Z8CIz5L4SRa14AaABAg,2026-03-12T16:25:48Z,0
E1_increase,5M8GY429yi0,UgzxVi0IJzCMCbW1LL54AaABAg,2025-10-03T17:00:37Z,0
E1_increase,5M8GY429yi0,UgwoPz6Cy8BujBsTbVZ4AaABAg,2025-10-03T17:44:49Z,0
E1_increase,5M8GY429yi0,Ugy-6MQZgMLgTMQevE94AaABAg,2025-10-03T17:00:50Z,1
E1_increase,5M8GY429yi0,Ugzngg3n3e8VH5-juYV4AaABAg,2025-10-05T01:50:42Z,0
E1_increase,5M8GY429yi0,UgxeJRGQBCvbY5hqYw54AaABAg,2025-10-03T17:00:27Z,0
E1_increase,zvROAlfvNPQ,Ugwn0JDd5emzRTd5wid4AaABAg,2025-10-06T20:31:44Z,2570
E1_increase,zvROAlfvNPQ,UgzF-Vw163sMVrDMaOR4AaABAg,2025-10-06T20:40:26Z,349
E1_increase,zvROAlfvNPQ,UgxAhHuKt-lsCQo1Zk14AaABAg,2025-10-06T21:28:43Z,440
E1_increase,zvROAlfvNPQ,UgxolkQkI7dsVlDC6np4AaABAg,2025-10-06T20:34:56Z,469
E1_increase,zvROAlfvNPQ,UgxqpiZcfEO3VsQ8-rR4AaABAg,2025-10-06T20:27:24Z,1236
E1_increase,zvROAlfvNPQ,Ugx9ihs8zPKsWkEnKSN4AaABAg,2025-10-06T21:06:55Z,2222
E1_increase,zvROAlfvNPQ,UgxYlYlupLno7tjGOo54AaABAg,2025-10-06T20:40:29Z,2407
E1_increase,zvROAlfvNPQ,Ugw5HRAbjrgXpxyh_lN4AaABAg,2025-10-06T20:40:01Z,611
E1_increase,zvROAlfvNPQ,UgyJ9-UonfVOTVtABC54AaABAg,2025-10-06T20:47:14Z,747
E1_increase,zvROAlfvNPQ,UgzHIK_A5RPDVYaj_I14AaABAg,2025-10-06T21:56:24Z,295
E1_increase,zvROAlfvNPQ,Ugx4yja-xDg-TD4XM-R4AaABAg,2025-10-06T20:48:37Z,123
E1_increase,zvROAlfvNPQ,UgyW35CxxmsL7KhsPnl4AaABAg,2025-10-06T22:47:20Z,62
E1_increase,zvROAlfvNPQ,UgyCxJrEx92D0XwDPo14AaABAg,2025-10-06T20:27:07Z,158
E1_increase,zvROAlfvNPQ,UgzS5xGNgxb7UqPeMUB4AaABAg,2025-10-06T21:08:18Z,92
E1_increase,zvROAlfvNPQ,UgyFOiJjU-UlClutXJh4AaABAg,2025-10-06T20:25:16Z,56
E1_increase,zvROAlfvNPQ,Ugy-WPXDAuFnn5ptRQF4AaABAg,2025-10-06T22:12:31Z,21
E1_increase,zvROAlfvNPQ,UgyTnIVnJO8aVxRubKh4AaABAg,2025-10-06T20:50:36Z,71
E1_increase,zvROAlfvNPQ,UgyEmoMpTngqtFkg0JR4AaABAg,2025-10-06T20:34:10Z,131
E1_increase,zvROAlfvNPQ,UgxvxX_n-ftlOl10BaZ4AaABAg,2025-10-06T23:22:48Z,14
E1_increase,zvROAlfvNPQ,UgzieEO7ygTgNfKiGSF4AaABAg,2025-10-06T21:20:00Z,20
E1_increase,zvROAlfvNPQ,UgzPmSIyM49GcHI67Yl4AaABAg,2025-10-06T21:27:33Z,16
E1_increase,zvROAlfvNPQ,UgzlTCaxb6637ws7en14AaABAg,2025-10-07T04:19:50Z,9
E1_increase,zvROAlfvNPQ,Ugw_MaBrA1iWdeHZCBl4AaABAg,2025-10-06T21:08:53Z,54
E1_increase,zvROAlfvNPQ,Ugw0dkB7ARLucWFb7Vd4AaABAg,2025-10-06T20:36:17Z,30
E1_increase,zvROAlfvNPQ,UgwVxuVbFlqUqBagevJ4AaABAg,2025-10-06T23:04:06Z,17
E1_increase,zvROAlfvNPQ,UgzFLhOmw9Wh3vax_sh4AaABAg,2025-10-06T21:44:50Z,14
E1_increase,zvROAlfvNPQ,Ugy9PWPkawoaYXBXJAF4AaABAg,2025-10-06T22:47:27Z,6
E1_increase,zvROAlfvNPQ,UgxPeobGHbLGN7yO-854AaABAg,2025-10-06T22:46:18Z,5
E1_increase,zvROAlfvNPQ,UgwballfOgErvpZ9Wsd4AaABAg,2025-10-07T04:24:09Z,6
E1_increase,zvROAlfvNPQ,UgwwZs7dWcGQtzC6EcJ4AaABAg,2025-10-06T21:33:56Z,7
E1_increase,zvROAlfvNPQ,UgwmcE_jwETPiCjuwmN4AaABAg,2025-10-06T21:10:39Z,7
E1_increase,zvROAlfvNPQ,UgxCSwOuY0CmJq17kDl4AaABAg,2025-10-06T20:32:48Z,7
E1_increase,zvROAlfvNPQ,Ugy5ou9NTFAZ2p6bGX94AaABAg,2025-10-06T21:37:13Z,29
E1_increase,zvROAlfvNPQ,UgyhSXdA5ngVtYDqJnZ4AaABAg,2025-10-06T22:07:43Z,19
E1_increase,zvROAlfvNPQ,Ugzff-StNOlvV4w6WfV4AaABAg,2025-11-14T00:08:24Z,1
E1_increase,zvROAlfvNPQ,UgxzVQ2GwVi9VkVyUe54AaABAg,2025-10-06T20:31:27Z,5
E1_increase,zvROAlfvNPQ,UgzPSqKOpIOZoJpP7Z54AaABAg,2025-10-07T05:12:10Z,2
E1_increase,zvROAlfvNPQ,UgzuXD84O0hJND0__kV4AaABAg,2025-10-06T20:48:35Z,5
E1_increase,zvROAlfvNPQ,Ugx7yIR_28No_iA6Utx4AaABAg,2025-10-12T18:40:24Z,1
E1_increase,zvROAlfvNPQ,UgzzYwGDePbAFpkfb-Z4AaABAg,2025-10-07T03:11:12Z,4
E1_increase,zvROAlfvNPQ,UgzuIQ7_lAypQrbn7yd4AaABAg,2025-10-31T17:27:05Z,1
E1_increase,zvROAlfvNPQ,UgzINPHz_Kwqr3saV2h4AaABAg,2025-10-07T06:18:20Z,2
E1_increase,zvROAlfvNPQ,UgweIm_SzHwq194FBD54AaABAg,2025-10-07T03:08:00Z,2
E1_increase,zvROAlfvNPQ,UgzILyY1sdCQ5qdJx2R4AaABAg,2025-10-06T22:42:37Z,3
E1_increase,zvROAlfvNPQ,UgyNXaDT0MK6VmwoysB4AaABAg,2025-10-07T02:53:18Z,2
E1_increase,zvROAlfvNPQ,UgwLq2AStpAFigRVvVd4AaABAg,2025-10-06T20:27:19Z,13
E1_increase,zvROAlfvNPQ,UgyJAzmOKOf0xmTMwvl4AaABAg,2025-10-09T20:18:22Z,1
E1_increase,zvROAlfvNPQ,Ugx6dee8qSqkcubNrSN4AaABAg,2025-10-06T21:07:10Z,4
E1_increase,zvROAlfvNPQ,UgxARFP5wbrqH09ohvF4AaABAg,2025-10-06T23:06:33Z,2
E1_increase,zvROAlfvNPQ,UgyHHgWvpONL2HL1zlp4AaABAg,2025-10-06T23:38:29Z,3
E1_increase,zvROAlfvNPQ,UgwZBk88QbfSSut6hkV4AaABAg,2025-10-08T11:17:23Z,1
E1_increase,zvROAlfvNPQ,Ugzppc7SVdzrRCxrga14AaABAg,2025-10-06T21:47:47Z,9
E1_increase,zvROAlfvNPQ,UgxEQiqNWJbTv2B4PiB4AaABAg,2025-10-07T06:13:19Z,1
E1_increase,zvROAlfvNPQ,Ugz3Gu9Gquqnkjonnrd4AaABAg,2025-10-06T21:16:59Z,2
E1_increase,zvROAlfvNPQ,Ugx4sc9h0N__mscIfvd4AaABAg,2025-10-07T03:51:53Z,1
E1_increase,zvROAlfvNPQ,UgxR-mDf5JLQgwhR5bx4AaABAg,2025-10-06T20:40:31Z,23
E1_increase,zvROAlfvNPQ,UgyGu3fWrTOqeZd5BV54AaABAg,2025-10-07T01:22:42Z,1
E1_increase,zvROAlfvNPQ,UgzvuqbpOcKD2XaCaoN4AaABAg,2025-10-06T20:29:14Z,28
E1_increase,zvROAlfvNPQ,Ugxr0pJTqdWJ_uBbR5F4AaABAg,2025-10-06T22:31:14Z,1
E1_increase,zvROAlfvNPQ,UgzMppTnBMPU21JRG1R4AaABAg,2025-10-06T20:30:49Z,8
E1_increase,zvROAlfvNPQ,UgzC3zQAHDdgGLxtIwR4AaABAg,2025-10-06T23:09:23Z,0
E1_increase,zvROAlfvNPQ,UgwH0d5cbgzhQ4ZbkRd4AaABAg,2025-10-06T21:35:35Z,6
E1_increase,zvROAlfvNPQ,UgzEzFHoehSgflpnh754AaABAg,2025-10-07T01:48:10Z,1
E1_increase,zvROAlfvNPQ,Ugz_pyWdD0rXOee5tHt4AaABAg,2025-10-06T20:54:53Z,3
E1_increase,zvROAlfvNPQ,UgyFIemWSc9skhR-toF4AaABAg,2025-10-06T20:49:26Z,1
E1_increase,zvROAlfvNPQ,Ugxy2zC17VUNddQtcX54AaABAg,2025-10-06T22:39:39Z,9
E1_increase,zvROAlfvNPQ,UgwDyz2nTVbo7FUiUKZ4AaABAg,2025-10-06T22:43:05Z,1
E1_increase,zvROAlfvNPQ,UgyiYu8PJXpdEqJ4cE14AaABAg,2025-10-06T21:41:38Z,5
E1_increase,zvROAlfvNPQ,UgwCTAUqRfMnxUSzMgl4AaABAg,2025-10-06T21:27:39Z,1
E1_increase,zvROAlfvNPQ,Ugxeow5E_GrFL8DO0Xh4AaABAg,2025-10-07T02:10:29Z,2
E1_increase,zvROAlfvNPQ,UgwAmjNgLZ786DNl_el4AaABAg,2025-10-07T05:43:55Z,1
E1_increase,zvROAlfvNPQ,UgyEQwQeLHUBi0TPmaN4AaABAg,2025-10-06T21:48:12Z,1
E1_increase,zvROAlfvNPQ,Ugz-Hv5bc2QmqHQam5J4AaABAg,2025-10-07T04:46:43Z,0
E1_increase,zvROAlfvNPQ,UgxknUgxiI-SiggC95t4AaABAg,2025-10-07T03:46:03Z,1
E1_increase,zvROAlfvNPQ,UgxbQgwQlBm8hoW78al4AaABAg,2025-10-07T16:06:18Z,0
E1_increase,zvROAlfvNPQ,UgxirYEeE-pSKn0CoD54AaABAg,2025-10-07T22:56:07Z,1
E1_increase,zvROAlfvNPQ,Ugx0h6VfWv1IwQZPc5l4AaABAg,2025-10-07T03:52:26Z,2
E1_increase,zvROAlfvNPQ,UgxTIkF1Gv5LNxekPyl4AaABAg,2025-10-07T04:50:26Z,0
E1_increase,zvROAlfvNPQ,Ugz6oTNk6NjuSH55i-p4AaABAg,2025-10-06T22:08:05Z,1
E1_increase,zvROAlfvNPQ,UgwTRjvbRpVCTELIQrl4AaABAg,2025-10-11T10:45:53Z,1
E1_increase,zvROAlfvNPQ,Ugzg9n7c99qFjVwFkad4AaABAg,2025-10-07T14:54:49Z,0
E1_increase,zvROAlfvNPQ,UgxhkvPgZfM6vtGBNQl4AaABAg,2025-10-08T10:41:04Z,1
E1_increase,zvROAlfvNPQ,Ugx39tX3VB3rce9TcMJ4AaABAg,2025-10-07T11:26:04Z,1
E1_increase,zvROAlfvNPQ,UgwsGp_1c2Oz-V_bNtF4AaABAg,2025-10-08T17:16:04Z,0
E1_increase,zvROAlfvNPQ,UgxhM3MEyr3yRS6aL3t4AaABAg,2025-10-10T14:59:28Z,1
E1_increase,zvROAlfvNPQ,UgwLAhyrA-lN5Zn1p1Z4AaABAg,2025-10-07T07:45:03Z,0
E1_increase,zvROAlfvNPQ,Ugyhlpso1y8R-TLve_d4AaABAg,2025-10-06T21:20:29Z,0
E1_increase,zvROAlfvNPQ,UgxpKwWkBf2bIySdNih4AaABAg,2025-10-07T23:13:03Z,1
E1_increase,zvROAlfvNPQ,UgyVxiKjszwQnMuAZTh4AaABAg,2025-10-07T04:52:38Z,0
E1_increase,zvROAlfvNPQ,UgyeIW-ObpCRuBm8xS94AaABAg,2025-10-07T03:36:35Z,0
E1_increase,zvROAlfvNPQ,UgzKpWbtY-hgjQ9_-9d4AaABAg,2025-10-10T19:49:42Z,0
E1_increase,zvROAlfvNPQ,UgwRSfMPZZdspTFHmeN4AaABAg,2025-10-07T14:06:25Z,0
E1_increase,zvROAlfvNPQ,UgwEhOMTKoObnEcQsuN4AaABAg,2026-07-01T01:24:41Z,1
E1_increase,zvROAlfvNPQ,UgzGnh76S-PKQO774TB4AaABAg,2025-10-07T23:00:40Z,0
E1_increase,zvROAlfvNPQ,Ugx5Q3XSnkwhmODkmfx4AaABAg,2025-10-11T12:07:14Z,1
E1_increase,zvROAlfvNPQ,Ugx0licya6486G8RMGF4AaABAg,2025-10-10T19:37:04Z,0
E1_increase,zvROAlfvNPQ,Ugw5GrmOb75ALHiSogJ4AaABAg,2025-10-07T01:29:19Z,1
E1_increase,zvROAlfvNPQ,Ugwn9qUaNyvzbI3PhMV4AaABAg,2025-10-09T17:45:56Z,0
E1_increase,zvROAlfvNPQ,UgwyKvYe90S58MRt5u54AaABAg,2025-11-03T23:38:11Z,2
E1_increase,zvROAlfvNPQ,Ugxdo3mYGECHiQlnJFl4AaABAg,2025-11-17T08:36:14Z,1
E1_increase,zvROAlfvNPQ,Ugwiej7Xnju_oM-ZFJV4AaABAg,2025-10-06T23:06:49Z,0
E1_increase,zvROAlfvNPQ,Ugxu7TVpUhmWVvRAzGF4AaABAg,2025-10-06T23:12:19Z,0
E1_increase,zvROAlfvNPQ,Ugx93yAeZFMAbX_i9rZ4AaABAg,2025-10-06T22:43:05Z,0
E1_increase,zvROAlfvNPQ,UgzOuy7nXXjGxkFrupB4AaABAg,2025-10-07T14:07:45Z,0
E1_increase,zvROAlfvNPQ,Ugy5ZRheSTObZfzkIp54AaABAg,2025-10-07T18:28:50Z,0
E1_increase,zvROAlfvNPQ,UgzjxuPaZXwo0tLo4ed4AaABAg,2025-10-06T21:48:09Z,1
E1_increase,zvROAlfvNPQ,Ugypw7XGmCdAlJWOCtV4AaABAg,2025-10-08T14:35:33Z,0
E1_increase,zvROAlfvNPQ,UgzkLowKmpdeVxTQneZ4AaABAg,2025-10-14T16:29:36Z,0
E1_increase,zvROAlfvNPQ,UgxUic9CqCfgkgGLYyl4AaABAg,2025-10-08T07:08:46Z,1
E1_increase,zvROAlfvNPQ,UgyyV8ZX7WIAfumbDkp4AaABAg,2025-10-08T17:58:34Z,0
E1_increase,zvROAlfvNPQ,UgwzOeNdgMLs3Pz0KNx4AaABAg,2025-10-06T22:04:24Z,1
E1_increase,zvROAlfvNPQ,UgziNALQHZyetLP388l4AaABAg,2025-11-28T20:09:24Z,0
E1_increase,zvROAlfvNPQ,Ugz2YZapWN3ekjPowoV4AaABAg,2025-10-06T22:39:45Z,2
E1_increase,zvROAlfvNPQ,UgwCmD2UX6Jh5-Wvj8h4AaABAg,2025-10-07T01:35:17Z,0
E1_increase,zvROAlfvNPQ,UgxcO_S8IX7vy-qQezp4AaABAg,2025-10-07T07:27:37Z,0
E1_increase,zvROAlfvNPQ,UgyS8PyxN7imJLk9p-h4AaABAg,2025-10-08T12:13:19Z,0
E1_increase,zvROAlfvNPQ,UgxP4AcTJterba1LFT14AaABAg,2025-10-06T23:56:44Z,0
E1_increase,zvROAlfvNPQ,UgxmjPbWKCpc7VhKLVx4AaABAg,2025-10-08T12:15:23Z,1
E1_increase,zvROAlfvNPQ,UgzDpGd7HJXddsjIocN4AaABAg,2025-10-07T06:35:38Z,0
E1_increase,zvROAlfvNPQ,UgxpoGhdruZMERSs5pt4AaABAg,2025-10-07T06:00:20Z,0
E1_increase,zvROAlfvNPQ,UgxKIj3WBEU0DEG4K5N4AaABAg,2025-11-05T16:27:55Z,0
E1_increase,zvROAlfvNPQ,UgyDNBlz4SRFR8-ckvx4AaABAg,2025-10-06T23:34:53Z,0
E1_increase,zvROAlfvNPQ,Ugzg7dykCEGM9fklYcp4AaABAg,2025-12-23T00:45:35Z,0
E1_increase,zvROAlfvNPQ,Ugyg8Q6LG7vEWAifsad4AaABAg,2025-10-09T14:37:06Z,0
E1_increase,zvROAlfvNPQ,UgzqqYxW3U8E7Iu6PPx4AaABAg,2025-10-06T21:52:13Z,1
E1_increase,zvROAlfvNPQ,UgxKp2rU4jcmK6fAEgp4AaABAg,2025-10-07T15:45:15Z,0
E1_increase,zvROAlfvNPQ,UgwlRAQ-ubR4rBpMitZ4AaABAg,2025-10-11T18:03:18Z,0
E1_increase,zvROAlfvNPQ,UgyD7214LEwiPnCHgJR4AaABAg,2025-10-08T13:10:24Z,0
E1_increase,zvROAlfvNPQ,Ugyq0MR_33_QeI702bN4AaABAg,2025-10-08T12:26:17Z,0
E1_increase,zvROAlfvNPQ,UgxdsiT_2xvkIC7eK4x4AaABAg,2025-10-11T00:02:51Z,0
E1_increase,zvROAlfvNPQ,Ugz9RAKxbLMnPZKGUwd4AaABAg,2025-10-07T23:18:23Z,0
E1_increase,zvROAlfvNPQ,UgzoB2rDYYiduJWMRo94AaABAg,2025-10-07T20:38:39Z,0
E1_increase,zvROAlfvNPQ,Ugw3W5x7vCI2aAL67lh4AaABAg,2025-10-06T23:19:44Z,0
E1_increase,zvROAlfvNPQ,UgynMerH37bf-DjH5nt4AaABAg,2025-10-11T17:48:48Z,0
E1_increase,zvROAlfvNPQ,UgzzJu07pV43A-43VnJ4AaABAg,2025-10-07T03:01:51Z,0
E1_increase,zvROAlfvNPQ,UgyqvbkDeJW0aC0TIqN4AaABAg,2025-10-10T02:28:44Z,0
E1_increase,zvROAlfvNPQ,UgyPO1uggfkCrTrahp14AaABAg,2025-10-07T20:46:28Z,0
E1_increase,zvROAlfvNPQ,UgyGol7inzaSjOyXbil4AaABAg,2025-10-07T12:49:11Z,1
E1_increase,zvROAlfvNPQ,UgxflMzIuR1QuaLjKzl4AaABAg,2025-10-10T23:37:02Z,0
E1_increase,zvROAlfvNPQ,UgwOQF6i2ti8srO7UJN4AaABAg,2025-10-07T17:00:02Z,0
E1_increase,zvROAlfvNPQ,UgzDg86YgdN01jJ-WDR4AaABAg,2025-11-20T07:36:12Z,2
E1_increase,zvROAlfvNPQ,Ugyg3cvod1GnpbK0Bol4AaABAg,2025-10-10T20:39:23Z,0
E1_increase,zvROAlfvNPQ,UgyjZ1UJ8lmgP7cJPB54AaABAg,2025-10-07T09:12:58Z,0
E1_increase,zvROAlfvNPQ,UgyfkwvKkOf-scQj5FR4AaABAg,2026-04-23T01:08:37Z,0
E1_increase,zvROAlfvNPQ,UgxjIY1NPP1hqUiPEqR4AaABAg,2025-10-13T14:58:52Z,0
E1_increase,zvROAlfvNPQ,UgwOUNh9UTqLCjdusvJ4AaABAg,2025-10-07T19:01:06Z,0
E1_increase,zvROAlfvNPQ,UgwkI0yPQIxnzn33HW14AaABAg,2025-10-16T03:18:25Z,0
E1_increase,zvROAlfvNPQ,UgzHOEaDa4CmFSsHh6h4AaABAg,2025-10-08T00:07:13Z,0
E1_increase,zvROAlfvNPQ,UgzHttbHEX-9avshk854AaABAg,2025-10-08T13:25:47Z,0
E1_increase,zvROAlfvNPQ,UgwTgUQy0wqCQIaxr3x4AaABAg,2025-10-06T23:40:23Z,0
E1_increase,zvROAlfvNPQ,UgyXwK7EWofI8F1e6tJ4AaABAg,2025-10-07T10:58:20Z,0
E1_increase,zvROAlfvNPQ,UgzmFIKdudPXDaD06PR4AaABAg,2025-10-06T22:39:01Z,0
E1_increase,zvROAlfvNPQ,UgxplmtjsUbtMsV8k9J4AaABAg,2025-10-07T02:45:32Z,2
E1_increase,zvROAlfvNPQ,UgwhRvMo-gWLuHQQYB94AaABAg,2025-10-07T05:17:28Z,0
E1_increase,zvROAlfvNPQ,UgyZZXYUAM8y8LSR_fl4AaABAg,2025-10-07T03:08:22Z,0
E1_increase,zvROAlfvNPQ,UgwPA8WHW-dzdbBWBgR4AaABAg,2025-10-07T17:49:26Z,0
E1_increase,zvROAlfvNPQ,Ugx13oRxSJT9Kg5wPVJ4AaABAg,2025-10-12T18:51:08Z,1
E1_increase,zvROAlfvNPQ,Ugxk5R0iYc7M9zMxZUR4AaABAg,2025-10-07T05:07:35Z,1
E1_increase,zvROAlfvNPQ,UgxF9pP9ryV7wPayE2B4AaABAg,2025-10-07T00:59:25Z,1
E1_increase,zvROAlfvNPQ,Ugz8n6JEhzzB2iNROp94AaABAg,2025-10-08T21:57:14Z,0
E1_increase,zvROAlfvNPQ,Ugyp8VZjiCf7-_rZMsl4AaABAg,2025-10-07T05:11:34Z,0
E1_increase,zvROAlfvNPQ,UgypT7ekcaqhZ494P414AaABAg,2025-10-07T11:40:23Z,0
E1_increase,zvROAlfvNPQ,UgxFznAUzTS_AqehXBJ4AaABAg,2025-10-17T03:33:44Z,0
E1_increase,zvROAlfvNPQ,UgyG6vX2Pn_SVJfMjbp4AaABAg,2025-10-06T21:51:56Z,2
E1_increase,zvROAlfvNPQ,UgwSl4Peo-Z00V3T1sp4AaABAg,2025-10-06T22:58:44Z,0
E1_increase,zvROAlfvNPQ,UgyXN5fWD6uN0Qrdbvp4AaABAg,2025-10-08T06:17:53Z,0
E1_increase,zvROAlfvNPQ,Ugx5tZ1eVWsQNtTfEEp4AaABAg,2025-10-11T13:13:41Z,0
E1_increase,zvROAlfvNPQ,Ugzemxz_xAWSMJoLtb54AaABAg,2025-10-07T14:10:24Z,0
E1_increase,zvROAlfvNPQ,UgzSfJ1YPsXKiNIOxgJ4AaABAg,2025-10-07T04:40:55Z,0
E1_increase,zvROAlfvNPQ,UgyyfVFuGPyOze2WMkZ4AaABAg,2025-10-07T14:47:58Z,1
E1_increase,zvROAlfvNPQ,Ugy42SMnVUI1mVtp_Ex4AaABAg,2025-10-07T15:43:53Z,0
E1_increase,zvROAlfvNPQ,UgxCWwVoSfDkZen_49N4AaABAg,2025-10-07T12:26:45Z,0
E1_increase,zvROAlfvNPQ,UgyeUiHU_3foBwHyHgB4AaABAg,2025-10-08T14:00:28Z,0
E1_increase,zvROAlfvNPQ,Ugz-0CftZLVpTJP1HNh4AaABAg,2025-10-07T17:40:13Z,0
E1_increase,zvROAlfvNPQ,Ugy2QhWAiMSBBDYuh9J4AaABAg,2025-10-08T04:01:49Z,0
E1_increase,zvROAlfvNPQ,Ugw4W6KRt2EpzOz8CbN4AaABAg,2025-10-14T02:15:55Z,0
E1_increase,zvROAlfvNPQ,UgyNMIU0611MP0_VxHp4AaABAg,2025-10-08T07:16:28Z,0
E1_increase,zvROAlfvNPQ,UgyrETvzO51-FuR7lJx4AaABAg,2025-10-09T03:03:36Z,0
E1_increase,zvROAlfvNPQ,UgwgFOX3YeOqeRxDWV14AaABAg,2025-10-08T13:48:53Z,0
E1_increase,zvROAlfvNPQ,Ugz_spIeZBHC1IzMDTp4AaABAg,2025-10-07T14:41:34Z,0
E1_increase,zvROAlfvNPQ,UgzCAQA3LEdzzi58Dsd4AaABAg,2025-10-09T10:14:47Z,0
E1_increase,zvROAlfvNPQ,UgzTyc2F63RCSDIEoGV4AaABAg,2025-10-07T03:20:30Z,0
E1_increase,zvROAlfvNPQ,UgxXo0ziZxlqOp5uFJB4AaABAg,2025-10-13T19:21:00Z,0
E1_increase,zvROAlfvNPQ,Ugx_RT-f7xfgcVo4iK54AaABAg,2025-10-07T07:04:53Z,0
E1_increase,zvROAlfvNPQ,Ugw7GyUjhrGFucLs2nV4AaABAg,2025-10-08T14:07:40Z,0
E1_increase,zvROAlfvNPQ,UgwSqAZl4sSSnKvt4JR4AaABAg,2025-10-07T03:58:48Z,0
E1_increase,zvROAlfvNPQ,UgziUwT2-6U1b9F3d8R4AaABAg,2025-10-06T23:56:17Z,0
E1_increase,zvROAlfvNPQ,Ugws_SvHwswqh-W6ceJ4AaABAg,2025-10-07T02:28:20Z,1
E1_increase,zvROAlfvNPQ,UgyBH4nFwKrodqQ5pJp4AaABAg,2025-10-07T12:55:12Z,1
E1_increase,zvROAlfvNPQ,UgypxUZbVil7YxtzK914AaABAg,2025-10-07T02:46:03Z,0
E1_increase,zvROAlfvNPQ,UgyQjuY3UxCV94bTE6d4AaABAg,2025-10-08T15:44:40Z,1
E1_increase,zvROAlfvNPQ,UgyNDpcG-ANWJuZjzf54AaABAg,2025-10-17T21:36:45Z,0
E1_increase,zvROAlfvNPQ,UgxBNzx_X4tM9gBqY-Z4AaABAg,2025-10-08T12:30:01Z,0
E1_increase,zvROAlfvNPQ,UgzVmi0BCzfNCLuUf154AaABAg,2025-10-07T04:38:35Z,0
E1_increase,zvROAlfvNPQ,UgwSnXQ8RJPIxynN_gN4AaABAg,2025-10-07T20:14:22Z,0
E1_increase,zvROAlfvNPQ,UgytFkY8SBxBVZTMQjl4AaABAg,2025-10-07T02:50:29Z,2
E1_increase,zvROAlfvNPQ,Ugx-6ePzQ3c_1mbOjYx4AaABAg,2025-10-07T10:53:01Z,0
E1_increase,zvROAlfvNPQ,UgzsB0Y9E9aRwMG_2gR4AaABAg,2025-10-08T10:43:35Z,0
E1_increase,zvROAlfvNPQ,UgyVuOZZtQzU31817wh4AaABAg,2025-10-07T03:56:01Z,0
E1_increase,zvROAlfvNPQ,Ugxwtxo3C_VSK_kkI4t4AaABAg,2025-10-08T03:05:52Z,0
E1_increase,zvROAlfvNPQ,Ugwdveza16nOno0Y2614AaABAg,2025-10-11T11:28:00Z,0
E1_increase,zvROAlfvNPQ,UgwGDORYTMwny6g1rgd4AaABAg,2025-10-06T21:27:46Z,0
E1_increase,zvROAlfvNPQ,Ugw4_Xymy_X-kD9cXjp4AaABAg,2025-10-07T23:53:31Z,0
E1_increase,zvROAlfvNPQ,UgwusvfoTIRYW5-0HjB4AaABAg,2025-10-06T22:39:35Z,1
E1_increase,zvROAlfvNPQ,UgyLwm9aeztzn-Si1Zh4AaABAg,2025-12-08T14:05:10Z,0
E1_increase,zvROAlfvNPQ,UgzeA9XlWs0nHYDbmxR4AaABAg,2025-10-08T20:53:26Z,0
E1_increase,zvROAlfvNPQ,UgyGKKxk9UJu_dqLZUZ4AaABAg,2025-10-09T00:34:40Z,0
E1_increase,zvROAlfvNPQ,Ugy2C4ZRTouUGLwxzYV4AaABAg,2025-10-06T21:41:42Z,1
E1_increase,zvROAlfvNPQ,UgxqVNSCvM6qDRvsn7V4AaABAg,2025-10-07T04:12:36Z,0
E1_increase,zvROAlfvNPQ,UgwKx8YS4Sc_wMulsw14AaABAg,2025-10-07T15:19:30Z,0
E1_increase,zvROAlfvNPQ,Ugw4xqnQ4mzFR1lRoS14AaABAg,2025-10-08T16:49:50Z,0
E1_increase,zvROAlfvNPQ,UgzbZGZIUvS02JHLOtl4AaABAg,2025-10-07T13:57:04Z,0
E1_increase,zvROAlfvNPQ,UgwINl3RN6Xa1bgsP8N4AaABAg,2025-10-11T04:31:25Z,0
E1_increase,zvROAlfvNPQ,Ugw-1zYv0I67CDDykTB4AaABAg,2025-10-07T12:16:20Z,0
E1_increase,zvROAlfvNPQ,UgzUFTmwttH-QGHljxh4AaABAg,2025-10-11T18:53:50Z,0
E1_increase,zvROAlfvNPQ,Ugy7ukuOUQv8bPOu2_p4AaABAg,2025-10-08T11:39:44Z,0
E1_increase,zvROAlfvNPQ,UgyyPN9YA6T1oCl7HvV4AaABAg,2025-10-07T05:11:11Z,0
E1_increase,zvROAlfvNPQ,UgwuUrijCmIcwwILDGx4AaABAg,2025-10-07T19:00:56Z,0
E1_increase,zvROAlfvNPQ,Ugw1mY-ssp9NOY4UfCJ4AaABAg,2025-10-07T18:50:17Z,0
E1_increase,zvROAlfvNPQ,Ugz4a10FxRdZNc-ywod4AaABAg,2025-10-08T14:21:14Z,0
E1_increase,zvROAlfvNPQ,UgxEJKV0tgq0gNdL5nZ4AaABAg,2025-10-11T07:19:49Z,1
E1_increase,zvROAlfvNPQ,UgxippdYWLZYLjdDrnh4AaABAg,2025-10-07T05:26:06Z,0
E1_increase,zvROAlfvNPQ,UgwWLvebGD9vbqjMASt4AaABAg,2025-10-08T05:47:21Z,1
E1_increase,zvROAlfvNPQ,UgyBkv15Lk2-hIwOGqd4AaABAg,2025-10-07T01:15:01Z,0
E1_increase,zvROAlfvNPQ,UgxiYNPz3TxAvgrt3Bh4AaABAg,2025-10-08T23:55:14Z,0
E1_increase,zvROAlfvNPQ,UgyzBSNS-L6j9ZzStzd4AaABAg,2025-10-10T21:30:36Z,0
E1_increase,zvROAlfvNPQ,UgxDQ4Dg6-L8rw_86nx4AaABAg,2025-10-07T00:49:02Z,0
E1_increase,zvROAlfvNPQ,UgzjtFEtbKh2xaLY9YV4AaABAg,2025-10-07T04:21:33Z,1
E1_increase,zvROAlfvNPQ,UgwNVOP4zxRQLg-U90d4AaABAg,2025-10-08T14:55:08Z,0
E1_increase,zvROAlfvNPQ,UgyxJOuZAy8UmQamMkt4AaABAg,2025-10-10T07:01:14Z,0
E1_increase,zvROAlfvNPQ,Ugyi5zUkSyy2eC44eIF4AaABAg,2026-03-18T21:27:58Z,1
E1_increase,zvROAlfvNPQ,UgwklsfdoNjeTG88yt54AaABAg,2025-10-11T04:50:53Z,0
E1_increase,zvROAlfvNPQ,UgyDBTzVRJM6g_TTZSd4AaABAg,2025-10-07T19:09:49Z,0
E1_increase,zvROAlfvNPQ,Ugw6OaDitcgyHmsQ8yx4AaABAg,2025-10-07T13:46:32Z,0
E1_increase,zvROAlfvNPQ,UgzAUsE6v7wMXL3MY7x4AaABAg,2025-10-06T21:30:38Z,1
E1_increase,zvROAlfvNPQ,UgyCQ0f-CotiqccoyHh4AaABAg,2025-10-07T14:04:03Z,0
E1_increase,zvROAlfvNPQ,Ugw9gypYwwrZ3w7Em2F4AaABAg,2025-10-07T15:35:36Z,0
E1_increase,zvROAlfvNPQ,UgyrwSuQk-30ILsDBL14AaABAg,2025-10-07T09:22:04Z,0
E1_increase,zvROAlfvNPQ,UgykNM39_op-OGoDpjZ4AaABAg,2025-10-11T10:52:56Z,0
E1_increase,zvROAlfvNPQ,UgwhuEl71RtPX6SK8Md4AaABAg,2025-10-06T22:17:11Z,1
E1_increase,zvROAlfvNPQ,UgzQG4IpFGaa11PclWN4AaABAg,2025-10-07T18:40:37Z,0
E1_increase,zvROAlfvNPQ,UgwDPYLECoYqmW874ZV4AaABAg,2025-10-07T14:09:18Z,0
E1_increase,zvROAlfvNPQ,UgzB373Qs7OFUg69Bsx4AaABAg,2025-12-04T00:45:58Z,0
E1_increase,zvROAlfvNPQ,UgzkbN8Yyyi1K7FU3A54AaABAg,2025-10-07T16:16:10Z,1
E1_increase,zvROAlfvNPQ,UgymHnZbpgubemcc5QJ4AaABAg,2025-10-07T10:47:46Z,0
E1_increase,zvROAlfvNPQ,UgwkjGOpPDBJny5bTG94AaABAg,2025-10-12T06:53:19Z,0
E1_increase,zvROAlfvNPQ,UgzUUWkCOqJnijzuMXV4AaABAg,2025-10-06T22:54:54Z,0
E1_increase,zvROAlfvNPQ,Ugzw5MX7TMvQuGHEy_p4AaABAg,2025-10-07T11:05:27Z,1
E1_increase,zvROAlfvNPQ,UgyfKn9NB0LqahrPsSZ4AaABAg,2025-10-10T21:28:35Z,0
E1_increase,zvROAlfvNPQ,Ugx-8oH7A-aKio8UH5N4AaABAg,2025-10-07T00:58:21Z,0
E1_increase,zvROAlfvNPQ,UgyLN9iClbSY9CVzJAV4AaABAg,2025-10-07T02:17:51Z,0
E1_increase,zvROAlfvNPQ,UgxrMbcqgv668Wrj4Zx4AaABAg,2025-10-07T02:52:57Z,0
E1_increase,zvROAlfvNPQ,UgzTwZBhAWwKp6yVxuh4AaABAg,2025-10-06T22:59:42Z,0
E1_increase,zvROAlfvNPQ,UgxtodTYld_vvuansAN4AaABAg,2025-10-07T04:34:06Z,0
E1_increase,zvROAlfvNPQ,Ugxa0oGvPAF96Td_Ert4AaABAg,2025-10-07T10:09:48Z,0
E1_increase,zvROAlfvNPQ,UgwTitxqp8VOYlJKiBd4AaABAg,2025-10-07T01:50:42Z,0
E1_increase,zvROAlfvNPQ,UgzY6HOYeOSoZnwQ5qh4AaABAg,2025-10-08T22:26:51Z,0
E1_increase,zvROAlfvNPQ,UgxgIgAdSmh4Wg-CKop4AaABAg,2025-10-06T21:48:17Z,1
E1_increase,zvROAlfvNPQ,Ugy_HdNEJK-pbkwVmsN4AaABAg,2025-10-06T20:47:04Z,1
E1_increase,zvROAlfvNPQ,UgwMCSG5Rof93Zah-WR4AaABAg,2025-10-07T19:12:26Z,0
E1_increase,zvROAlfvNPQ,UgwgEIaAF91e8TJsnuZ4AaABAg,2025-10-06T22:46:15Z,1
E1_increase,zvROAlfvNPQ,Ugw1KX4ZfCOen4gBcOJ4AaABAg,2025-10-07T02:58:14Z,2
E1_increase,zvROAlfvNPQ,UgzWXYDFglnH9qrWlDN4AaABAg,2025-10-07T14:12:12Z,0
E1_increase,zvROAlfvNPQ,UgxjtTnKP9dWnigYUyF4AaABAg,2025-10-06T21:26:28Z,1
E1_increase,zvROAlfvNPQ,Ugx948diZK-nk9dtFuR4AaABAg,2025-10-12T13:32:40Z,0
E1_increase,zvROAlfvNPQ,UgyH1swMw3GIHr636-l4AaABAg,2025-10-08T03:38:17Z,0
E1_increase,zvROAlfvNPQ,UgwImqBPPDmSYGUMevV4AaABAg,2025-10-07T08:23:19Z,0
E1_increase,zvROAlfvNPQ,Ugyk-VrXc97pCq6PyBt4AaABAg,2025-10-07T17:37:46Z,0
E1_increase,zvROAlfvNPQ,UgyG5VVzg_KJiCQkDzN4AaABAg,2025-12-04T00:28:22Z,0
E1_increase,zvROAlfvNPQ,UgzXi7HHNPC8sky6GnB4AaABAg,2025-10-07T13:21:42Z,0
E1_increase,zvROAlfvNPQ,UgywdIcT2Zl29EBXzed4AaABAg,2025-10-08T10:40:06Z,0
E1_increase,zvROAlfvNPQ,UgzeaT2eQVeZEdOUMKJ4AaABAg,2025-10-08T20:07:27Z,0
E1_increase,zvROAlfvNPQ,UgwEgfhlh8pbqIX9rYZ4AaABAg,2025-10-07T04:11:41Z,0
E1_increase,zvROAlfvNPQ,UgzgAwgjPZfSZ_OJKQt4AaABAg,2025-10-06T22:24:03Z,0
E1_increase,zvROAlfvNPQ,Ugy8XvXjQkESiJquiHh4AaABAg,2025-10-08T05:16:21Z,0
E1_increase,zvROAlfvNPQ,UgzNgZ4gtBlX9FHxNi14AaABAg,2025-10-07T18:31:37Z,0
E1_increase,zvROAlfvNPQ,UgyK2nh1F0-w3saX_xR4AaABAg,2025-10-08T13:18:02Z,0
E1_increase,zvROAlfvNPQ,Ugyqd54Xp-zHQGG1l3p4AaABAg,2025-10-08T13:25:04Z,0
E1_increase,zvROAlfvNPQ,UgxYymveVUuVpAwi3rd4AaABAg,2025-10-08T15:37:54Z,0
E1_increase,zvROAlfvNPQ,UgyfHSiTEl6dvD4sEbV4AaABAg,2025-10-08T09:02:47Z,0
E1_increase,zvROAlfvNPQ,UgxJEudEeNSQ9fk1Kv94AaABAg,2025-10-07T12:20:10Z,0
E1_increase,zvROAlfvNPQ,UgyVCNZ8jxsgwDokNmd4AaABAg,2025-10-08T23:18:02Z,0
E1_increase,zvROAlfvNPQ,UgwWc0O5hde4krao-Ft4AaABAg,2025-10-06T22:10:06Z,0
E1_increase,zvROAlfvNPQ,UgzuM2rMB1J341oWYUx4AaABAg,2025-10-17T09:56:46Z,0
E1_increase,zvROAlfvNPQ,UgwPmwZd-QDoNt7gxdN4AaABAg,2025-10-07T06:44:31Z,0
E1_increase,zvROAlfvNPQ,UgyOuwSeFgolT6w3DdV4AaABAg,2025-10-08T23:33:39Z,0
E1_increase,zvROAlfvNPQ,Ugx7TaBrNTk98KUXOGN4AaABAg,2025-10-06T21:53:35Z,1
E1_increase,zvROAlfvNPQ,UgzTJJyHSFh02EOwqAd4AaABAg,2025-10-07T14:09:16Z,0
E1_increase,zvROAlfvNPQ,Ugy52W2EywmwVlHwFBR4AaABAg,2025-10-07T18:35:40Z,0
E1_increase,zvROAlfvNPQ,UgyQNdCsMXqBOtmxfNp4AaABAg,2025-10-07T08:21:13Z,0
E1_increase,zvROAlfvNPQ,UgwJ_iw8esdxRZ7v0bx4AaABAg,2025-10-07T15:50:05Z,0
E1_increase,zvROAlfvNPQ,Ugy8urnGfWrt2xsC6IN4AaABAg,2025-10-07T12:05:34Z,0
E1_increase,zvROAlfvNPQ,UgxJtAzEPF9sdv0sgGh4AaABAg,2025-10-09T10:59:02Z,0
E1_increase,zvROAlfvNPQ,UgwIndmT9y6H-PDx4AZ4AaABAg,2025-10-07T02:58:22Z,0
E1_increase,zvROAlfvNPQ,UgzsLLqZqb1v5n4KaFl4AaABAg,2025-10-06T21:24:21Z,0
E1_increase,zvROAlfvNPQ,Ugx3l4g_3JYhtKeWmAd4AaABAg,2025-10-09T18:47:53Z,0
E1_increase,zvROAlfvNPQ,UgyQr9B614_bG5FKv_V4AaABAg,2025-10-07T03:06:19Z,0
E1_increase,zvROAlfvNPQ,UgxZrrro4TFAJnNxh8V4AaABAg,2025-10-10T22:15:33Z,0
E1_increase,zvROAlfvNPQ,Ugx8dhzj1q_Zef6tOGR4AaABAg,2025-10-07T15:08:45Z,0
E1_increase,zvROAlfvNPQ,UgwswfNzmO9Hv3UbgHd4AaABAg,2025-10-06T21:58:52Z,0
E1_increase,zvROAlfvNPQ,Ugzd-rW3xmrIy7yKY_x4AaABAg,2025-10-07T09:41:55Z,0
E1_increase,zvROAlfvNPQ,UgzC-FWezhGirRIesIR4AaABAg,2025-10-07T22:38:37Z,0
E1_increase,zvROAlfvNPQ,Ugw1VCt6wITKcI4iqnB4AaABAg,2025-10-06T21:04:52Z,0
E1_increase,zvROAlfvNPQ,UgyjbjuGG32l1yru_O54AaABAg,2025-10-07T17:38:19Z,0
E1_increase,zvROAlfvNPQ,UgxFCfcr-dKxPKccgvF4AaABAg,2025-10-06T22:40:25Z,0
E1_increase,zvROAlfvNPQ,UgySd3b4HzJH02BQfc14AaABAg,2025-10-06T21:41:18Z,0
E1_increase,zvROAlfvNPQ,Ugzt-y4BbYsUcnHSJzN4AaABAg,2025-10-10T06:00:36Z,0
E1_increase,zvROAlfvNPQ,Ugw8lQidyUgL-rxR2VJ4AaABAg,2025-10-07T01:06:48Z,0
E1_increase,zvROAlfvNPQ,UgylXT0q5OzSExPvTq94AaABAg,2025-10-07T09:40:06Z,0
E1_increase,zvROAlfvNPQ,UgyEQKCsk2PDvloFCAV4AaABAg,2025-10-08T03:03:02Z,0
E1_increase,zvROAlfvNPQ,Ugx9x0iFZD2ezeXVB214AaABAg,2025-10-07T10:15:46Z,0
E1_increase,zvROAlfvNPQ,Ugyq9NHYPRqhUwq6b1B4AaABAg,2025-10-07T01:19:43Z,0
E1_increase,zvROAlfvNPQ,UgyAepZdHV-gynieN5t4AaABAg,2025-10-08T02:47:02Z,0
E1_increase,zvROAlfvNPQ,Ugwk42yV6rv0M3rF5Y54AaABAg,2025-10-08T03:04:55Z,0
E1_increase,zvROAlfvNPQ,UgxpZI-LsZtelSK_orV4AaABAg,2025-10-06T23:01:43Z,0
E1_increase,zvROAlfvNPQ,Ugyqj09Pedy0uCoxyip4AaABAg,2025-10-10T22:03:53Z,0
E1_increase,zvROAlfvNPQ,UgxsQCWfcFMigcsz9NV4AaABAg,2025-10-07T21:11:18Z,0
E1_increase,zvROAlfvNPQ,UgyfwLjT5Hp-deM_6OF4AaABAg,2025-10-07T04:08:45Z,0
E1_increase,zvROAlfvNPQ,Ugz4475bruFIKI3070x4AaABAg,2025-10-07T11:38:52Z,0
E1_increase,zvROAlfvNPQ,UgxSRGT2P0WKuUFq__J4AaABAg,2025-10-08T14:14:18Z,0
E1_increase,zvROAlfvNPQ,UgwSQ7kKJy2zt_IT5ml4AaABAg,2026-02-23T22:26:28Z,2
E1_increase,zvROAlfvNPQ,Ugzi0ieacYJLc4aXYWZ4AaABAg,2025-10-07T13:03:22Z,0
E1_increase,zvROAlfvNPQ,UgwM8DQU1oEorRmrU4h4AaABAg,2025-10-07T02:28:16Z,0
E1_increase,zvROAlfvNPQ,UgxP3D3xXaoHCA6b0AZ4AaABAg,2025-10-07T19:44:49Z,0
E1_increase,zvROAlfvNPQ,Ugyj7tCjKktcWJTOviZ4AaABAg,2025-10-06T22:47:04Z,0
E1_increase,zvROAlfvNPQ,UgzS40tIMMGMHTloCAB4AaABAg,2025-10-06T22:41:53Z,0
E1_increase,zvROAlfvNPQ,UgxdL1BeCpJp-mPhr5x4AaABAg,2025-10-09T13:15:58Z,0
E1_increase,zvROAlfvNPQ,UgxrnN3tpi473Sc9Qo54AaABAg,2025-10-08T16:25:49Z,0
E1_increase,zvROAlfvNPQ,Ugz3CrbVjMwjxc_R7d94AaABAg,2025-10-07T14:26:03Z,0
E1_increase,zvROAlfvNPQ,UgyfVnA3-vakpCtC06p4AaABAg,2025-10-07T08:16:59Z,0
E1_increase,zvROAlfvNPQ,Ugx92CgjWVpQ9cR53s94AaABAg,2025-10-08T06:18:32Z,0
E1_increase,zvROAlfvNPQ,UgwC8R7ihyn-J49p7Jt4AaABAg,2025-10-08T14:00:21Z,0
E1_increase,zvROAlfvNPQ,Ugz5QFtiLtwK0zuEfcF4AaABAg,2025-10-06T22:57:43Z,0
E1_increase,zvROAlfvNPQ,UgyR85StYm5dWLX2Bhx4AaABAg,2025-10-08T15:23:49Z,0
E1_increase,zvROAlfvNPQ,UgyivKZcgYTXTjbhV7J4AaABAg,2025-10-07T23:47:52Z,0
E1_increase,zvROAlfvNPQ,UgwmEmbgGMwFccJuhqJ4AaABAg,2025-10-07T15:45:08Z,0
E1_increase,zvROAlfvNPQ,UgxLtf3YzY-mIGtO-nt4AaABAg,2025-10-07T14:15:27Z,0
E1_increase,zvROAlfvNPQ,UgykPrjsfK0rQzl3-Dh4AaABAg,2025-10-08T03:24:05Z,0
E1_increase,zvROAlfvNPQ,UgwQAdvnUCKS3ECExQR4AaABAg,2025-11-21T01:53:26Z,0
E1_increase,zvROAlfvNPQ,UgxWGO8-w52CRhtOz2J4AaABAg,2025-10-08T14:36:22Z,0
E1_increase,zvROAlfvNPQ,UgysnxUToX6nvby47Ot4AaABAg,2025-10-17T16:39:01Z,0
E1_increase,zvROAlfvNPQ,UgxDV6dqO33-CZqIl9d4AaABAg,2025-10-06T22:44:24Z,0
E1_increase,zvROAlfvNPQ,UgzfJH8JeUHTANu4Z9t4AaABAg,2025-10-08T16:05:03Z,0
E1_increase,zvROAlfvNPQ,UgyCu84wfyOGZ7SrP894AaABAg,2025-10-07T00:43:49Z,0
E1_increase,zvROAlfvNPQ,UgzSSu4GAIuPkgFHZ-14AaABAg,2025-10-11T18:57:39Z,0
E1_increase,zvROAlfvNPQ,UgwR0sAmn_5Bl-8kO6d4AaABAg,2025-10-08T13:57:12Z,0
E1_increase,zvROAlfvNPQ,Ugy9FAdo0unstDGBsmt4AaABAg,2025-10-06T21:42:58Z,1
E1_increase,zvROAlfvNPQ,UgyeKEvSWo0fkTc8H6Z4AaABAg,2025-10-07T10:20:37Z,0
E1_increase,zvROAlfvNPQ,Ugx85Yu_1O1MwdAN_HV4AaABAg,2025-10-08T01:00:46Z,0
E1_increase,zvROAlfvNPQ,UgwLSwsHzUVYALPB3sN4AaABAg,2025-10-08T11:51:21Z,0
E1_increase,zvROAlfvNPQ,Ugx9pk2nUAJsWf-80h94AaABAg,2025-10-07T17:44:43Z,0
E1_increase,zvROAlfvNPQ,UgyoLiIweBNPqtLIeU14AaABAg,2025-10-07T14:44:23Z,0
E1_increase,zvROAlfvNPQ,Ugw8rKN7AL__VrkIUFJ4AaABAg,2025-10-08T23:20:14Z,0
E1_increase,zvROAlfvNPQ,UgwQGtQOFXr-8AIuMh54AaABAg,2025-10-07T23:55:35Z,0
E1_increase,zvROAlfvNPQ,Ugx6a50TOtrYeCeKoYV4AaABAg,2025-10-06T21:04:35Z,1
E1_increase,zvROAlfvNPQ,UgydcUw3nDTutPhtWjB4AaABAg,2025-10-08T14:40:16Z,0
E1_increase,zvROAlfvNPQ,Ugx9io7Kt9lMvd9CVSV4AaABAg,2025-10-07T06:08:15Z,0
E1_increase,zvROAlfvNPQ,UgwKsV4HHzD2i3i1Xit4AaABAg,2025-10-07T11:17:15Z,0
E1_increase,zvROAlfvNPQ,UgyWmK7mHT3id7rajKR4AaABAg,2025-10-06T21:37:27Z,0
E1_increase,zvROAlfvNPQ,UgwM7l_5Rhadj9HLmXJ4AaABAg,2025-10-08T19:28:27Z,0
E1_increase,zvROAlfvNPQ,UgzKsSuUS6LzMzcdplp4AaABAg,2025-10-08T22:04:12Z,0
E1_increase,zvROAlfvNPQ,UgwDVq4Mva9RVmI5EuF4AaABAg,2025-10-08T09:31:21Z,0
E1_increase,zvROAlfvNPQ,Ugy2UZ9Z-lQlUJgoY6F4AaABAg,2025-10-08T13:54:31Z,0
E1_increase,zvROAlfvNPQ,UgwzEUpdJgS0xHlsO5t4AaABAg,2025-10-07T10:39:56Z,0
E1_increase,zvROAlfvNPQ,UgwEqgWkGS40kPzYUJt4AaABAg,2025-10-14T16:56:36Z,0
E1_increase,zvROAlfvNPQ,UgzQEnekbDVunlAD0WB4AaABAg,2025-10-08T04:01:24Z,0
E1_increase,zvROAlfvNPQ,UgxPQHWKEuDmwzQ1Lpt4AaABAg,2025-10-10T16:25:40Z,0
E1_increase,zvROAlfvNPQ,Ugx4AHkXIZUNg28XZsR4AaABAg,2025-10-09T05:20:27Z,0
E1_increase,zvROAlfvNPQ,Ugx_u-uWsmbVrlR-d9F4AaABAg,2025-10-07T18:24:29Z,0
E1_increase,zvROAlfvNPQ,UgyP7esRfNUleMHAK3N4AaABAg,2025-10-07T06:40:46Z,0
E1_increase,zvROAlfvNPQ,UgwMUTDw-J7vYo_st_N4AaABAg,2025-10-11T00:49:28Z,0
E1_increase,zvROAlfvNPQ,Ugy_0uUd3I7-qI1WfaV4AaABAg,2025-10-07T21:06:00Z,0
E1_increase,zvROAlfvNPQ,UgwXg3d5V5a_gK5tIZ94AaABAg,2025-10-08T02:22:26Z,0
E1_increase,zvROAlfvNPQ,UgzV3wQjzVye2dwZiuF4AaABAg,2025-10-07T03:01:27Z,0
E1_increase,zvROAlfvNPQ,UgytZXVGZnAUjGllcaN4AaABAg,2025-10-07T08:02:49Z,0
E1_increase,zvROAlfvNPQ,UgyYkJK5xGMtLCTKeft4AaABAg,2025-10-07T18:34:31Z,0
E1_increase,zvROAlfvNPQ,UgyoHmDbS5t4Sbq_3iR4AaABAg,2025-10-13T21:52:46Z,0
E1_increase,zvROAlfvNPQ,UgycY05bivO7GktGC5V4AaABAg,2025-10-09T07:47:12Z,0
E1_increase,zvROAlfvNPQ,UgyRzag92XZ5t4ehci94AaABAg,2025-10-07T15:01:23Z,0
E1_increase,zvROAlfvNPQ,UgzAybpLpOA44rOKT5t4AaABAg,2025-10-07T05:58:52Z,0
E1_increase,zvROAlfvNPQ,UgwUHWXbFYiuIh_MocN4AaABAg,2025-10-07T00:36:00Z,0
E1_increase,zvROAlfvNPQ,Ugzc78tp6t4-rnb_Xi54AaABAg,2025-10-07T00:32:02Z,0
E1_increase,zvROAlfvNPQ,UgxcaaScvABVO3THl5p4AaABAg,2025-10-08T14:28:06Z,0
E1_increase,zvROAlfvNPQ,UgznEjycTw1ACiszcdN4AaABAg,2025-10-09T20:48:01Z,0
E1_increase,zvROAlfvNPQ,UgyoSVa4UvNhCBAj7YB4AaABAg,2025-10-07T15:55:12Z,0
E1_increase,zvROAlfvNPQ,Ugwr5V3WYYuLrFiFozd4AaABAg,2025-10-07T02:16:33Z,0
E1_increase,zvROAlfvNPQ,UgyAPJQbNet2fWPzpdp4AaABAg,2025-10-11T15:42:22Z,0
E1_increase,zvROAlfvNPQ,UgxLNtaVXQTTWTdglSJ4AaABAg,2025-10-08T20:48:05Z,0
E1_increase,zvROAlfvNPQ,UgwNmBC-NnSIn4gaFr54AaABAg,2025-10-06T23:59:32Z,1
E1_increase,zvROAlfvNPQ,UgydBdkdcEMwC0etBz94AaABAg,2025-10-07T12:01:34Z,0
E1_increase,zvROAlfvNPQ,UgzoBNJEtfmNEIdlmRl4AaABAg,2025-10-06T22:40:36Z,0
E1_increase,zvROAlfvNPQ,Ugyivnvv_VYSCP_uKIB4AaABAg,2025-10-08T14:22:19Z,0
E1_increase,zvROAlfvNPQ,Ugx0IY_fI1SQx53uSg94AaABAg,2025-10-07T08:04:29Z,0
E1_increase,zvROAlfvNPQ,UgxMxLEZjgNoXbAq_9Z4AaABAg,2025-10-08T19:05:34Z,0
E1_increase,zvROAlfvNPQ,UgzaaCVWAk0HTmwqlR54AaABAg,2025-10-08T04:29:31Z,0
E1_increase,zvROAlfvNPQ,UgweNXr68KP4ACcHDBh4AaABAg,2025-10-06T21:45:46Z,0
E1_increase,zvROAlfvNPQ,UgwNSIQISL3PQn-SX4N4AaABAg,2025-10-08T19:31:55Z,0
E1_increase,zvROAlfvNPQ,Ugxx5NdbnOu8OeENtud4AaABAg,2025-10-09T00:37:51Z,0
E1_increase,zvROAlfvNPQ,Ugx6XdRH7-tctM_0J2F4AaABAg,2025-10-07T07:05:02Z,0
E1_increase,zvROAlfvNPQ,UgwD-v1nBKaAXwR-sR94AaABAg,2025-10-11T03:34:07Z,0
E1_increase,AmNGzg9Dv4w,Ugz1cDsjWJJidOSBmYx4AaABAg,2025-10-03T23:06:05Z,4356
E1_increase,AmNGzg9Dv4w,UgwmpsBhKH1s_wLHwch4AaABAg,2025-10-04T04:02:27Z,1504
E1_increase,AmNGzg9Dv4w,UgzCzGTsHEvYCdB685F4AaABAg,2025-10-03T16:39:03Z,8593
E1_increase,AmNGzg9Dv4w,Ugwi9eMmAw4DpM57ik54AaABAg,2025-10-03T17:50:45Z,4422
E1_increase,AmNGzg9Dv4w,UgxkPc3MKpWIL745EH54AaABAg,2025-10-10T22:10:18Z,278
E1_increase,AmNGzg9Dv4w,UgymQ_gZng3GTpSJJqd4AaABAg,2025-10-03T18:25:20Z,5148
E1_increase,AmNGzg9Dv4w,UgzvksLxnRAYFz2MRJl4AaABAg,2025-10-03T16:22:58Z,8788
E1_increase,AmNGzg9Dv4w,UgxlJ3NN-PLtCLqUHFt4AaABAg,2025-10-03T20:41:47Z,2335
E1_increase,AmNGzg9Dv4w,UgyEtaZsLoJZVCSUMh54AaABAg,2025-10-08T16:48:51Z,64
E1_increase,AmNGzg9Dv4w,UgxaHHmpN-uO4fajF6p4AaABAg,2025-10-04T00:20:08Z,2176
E1_increase,AmNGzg9Dv4w,UgzcZenEQ629Iu9oVRB4AaABAg,2025-10-08T01:55:35Z,409
E1_increase,AmNGzg9Dv4w,UgyxsRRjLVc7TA2wUe14AaABAg,2025-10-04T07:06:09Z,871
E1_increase,AmNGzg9Dv4w,UgxXdaKyrGjQ_YQfrD94AaABAg,2025-10-11T16:13:23Z,31
E1_increase,AmNGzg9Dv4w,UgwXZ0SaaPPKE0lRUop4AaABAg,2025-10-03T17:18:03Z,1000
E1_increase,AmNGzg9Dv4w,Ugy9HhyZ0JKIp0WtDSB4AaABAg,2025-10-04T00:28:38Z,1094
E1_increase,AmNGzg9Dv4w,UgzdYMDVgxLrlWQxirt4AaABAg,2025-10-03T16:22:00Z,571
E1_increase,AmNGzg9Dv4w,UgwyyxGRiUKX4n3A7iV4AaABAg,2025-10-09T15:33:02Z,7
E1_increase,AmNGzg9Dv4w,UgwomAE9FtBd3e7Tq2V4AaABAg,2025-10-05T06:23:57Z,544
E1_increase,AmNGzg9Dv4w,UgxU_QBb92gDePXtqQN4AaABAg,2025-10-03T16:46:58Z,1810
E1_increase,AmNGzg9Dv4w,UgwLf5vcv1hu5YZ4wuJ4AaABAg,2025-10-03T16:28:31Z,949
E1_increase,AmNGzg9Dv4w,UgxL7ciO3nqnC0RFGh94AaABAg,2025-10-14T22:05:32Z,17
E1_increase,AmNGzg9Dv4w,UgydZ0n7tJkOiUPxExx4AaABAg,2025-10-04T06:03:30Z,724
E1_increase,AmNGzg9Dv4w,Ugyu-dc6W6TzxuJL_hJ4AaABAg,2025-10-03T16:24:04Z,1302
E1_increase,AmNGzg9Dv4w,UgwitmXYYgT5zaOMYsx4AaABAg,2025-10-03T17:35:19Z,2064
E1_increase,AmNGzg9Dv4w,UgykuBound0Ll3Py5914AaABAg,2025-10-14T20:04:08Z,11
E1_increase,AmNGzg9Dv4w,Ugz4PiyylJZId607rMN4AaABAg,2025-10-03T17:33:40Z,875
E1_increase,AmNGzg9Dv4w,Ugy4uNhNI88i6HvQoLl4AaABAg,2025-10-03T16:23:18Z,443
E1_increase,AmNGzg9Dv4w,UgzjdrBqKkRG-NYJFo94AaABAg,2025-10-04T19:31:13Z,341
E1_increase,AmNGzg9Dv4w,UgxWTDvgn-zzmr9CzMp4AaABAg,2025-12-07T12:51:58Z,6
E1_increase,AmNGzg9Dv4w,Ugwoes4qXq2iKCTIktF4AaABAg,2025-10-03T16:23:20Z,1500
E1_increase,AmNGzg9Dv4w,UgwJb4beIPmgjn1ka-p4AaABAg,2025-10-04T08:13:34Z,200
E1_increase,AmNGzg9Dv4w,UgwTe5OLaFNdw_M18RN4AaABAg,2025-10-03T17:00:54Z,402
E1_increase,AmNGzg9Dv4w,UgzzrbI2IH6BZYnWLfl4AaABAg,2025-10-15T13:42:48Z,23
E1_increase,AmNGzg9Dv4w,UgxBKwQeL6YazTK6PZ94AaABAg,2025-10-03T18:43:29Z,498
E1_increase,AmNGzg9Dv4w,UgzbzYfM9HfQUkP5CVh4AaABAg,2025-10-03T16:24:16Z,643
E1_increase,AmNGzg9Dv4w,Ugy9UUNd7GBYiteu84R4AaABAg,2026-04-22T03:28:43Z,2
E1_increase,AmNGzg9Dv4w,UgxxtwaHApUgJBXBA9Z4AaABAg,2025-10-05T16:43:11Z,226
E1_increase,AmNGzg9Dv4w,UgwHuUzicsuf98OMrcZ4AaABAg,2025-10-03T16:47:46Z,1194
E1_increase,AmNGzg9Dv4w,UgxrC3P_z-Qb6S2Bsm54AaABAg,2025-10-03T19:32:06Z,378
E1_increase,AmNGzg9Dv4w,UgzJTGWYcZx10GYLcjd4AaABAg,2025-10-13T05:57:56Z,24
E1_increase,AmNGzg9Dv4w,UgzuFf11BCyzuZo2JKZ4AaABAg,2025-10-04T14:20:26Z,147
E1_increase,AmNGzg9Dv4w,Ugw8YfoCFsuO_DRvLP14AaABAg,2025-10-03T17:47:34Z,240
E1_increase,AmNGzg9Dv4w,Ugx_O4AJyWvwaLCY6hx4AaABAg,2025-10-03T16:33:30Z,406
E1_increase,AmNGzg9Dv4w,UgyGMu2gljfeTo_R3SB4AaABAg,2025-10-15T14:07:30Z,4
E1_increase,AmNGzg9Dv4w,UgwYeVsNp8qI0d1NS994AaABAg,2025-10-05T04:16:34Z,115
E1_increase,AmNGzg9Dv4w,Ugw5CeSqhrRiuJLnIVh4AaABAg,2025-10-04T01:59:25Z,234
E1_increase,AmNGzg9Dv4w,UgzyyHPJDu_IubJ83tZ4AaABAg,2025-10-03T16:27:19Z,442
E1_increase,AmNGzg9Dv4w,Ugw8ZzNOeL84ds1CN1x4AaABAg,2025-10-08T12:20:17Z,50
E1_increase,AmNGzg9Dv4w,UgwA2JSlkve79Di2JH94AaABAg,2025-10-03T16:30:41Z,519
E1_increase,AmNGzg9Dv4w,UgxRe8zBwU5tWWAVGSh4AaABAg,2025-10-04T00:18:16Z,56
E1_increase,AmNGzg9Dv4w,UgwEx6R4yOeWqqzWceV4AaABAg,2025-10-03T16:57:56Z,78
E1_increase,AmNGzg9Dv4w,UgyNLHN6GAF86F7W9Ap4AaABAg,2025-10-14T11:19:21Z,3
E1_increase,AmNGzg9Dv4w,Ugz4tSm802NR3A3gcFt4AaABAg,2025-10-03T20:12:17Z,53
E1_increase,AmNGzg9Dv4w,UgzJNUOsOUNaoyHj9cp4AaABAg,2025-10-03T17:46:51Z,64
E1_increase,AmNGzg9Dv4w,UgyHfXA7DykvYBvYddp4AaABAg,2025-10-14T14:14:58Z,4
E1_increase,AmNGzg9Dv4w,UgykZyz_YkX5gGK07rJ4AaABAg,2025-10-03T20:10:17Z,263
E1_increase,AmNGzg9Dv4w,Ugy4PtjhSVGn_LpMWm94AaABAg,2025-10-03T16:38:08Z,123
E1_increase,AmNGzg9Dv4w,UgyhMTanM0nbhDQrN1l4AaABAg,2025-10-08T09:52:20Z,56
E1_increase,AmNGzg9Dv4w,UgzYc2S9Q0CWVE0XV7l4AaABAg,2025-12-29T04:24:29Z,3
E1_increase,AmNGzg9Dv4w,UgzOm6ZfLZVuQKRa3Rt4AaABAg,2025-10-03T19:53:11Z,68
E1_increase,AmNGzg9Dv4w,UgxG0hrS-O76be6Oc3t4AaABAg,2025-10-04T12:57:52Z,87
E1_increase,AmNGzg9Dv4w,UgxUsyNygcY14goOfVt4AaABAg,2025-10-03T16:58:08Z,145
E1_increase,AmNGzg9Dv4w,UgyILJpu9o9-2kwybUl4AaABAg,2025-10-16T15:06:11Z,2
E1_increase,AmNGzg9Dv4w,Ugw_QSkWODGEcFAUMBl4AaABAg,2025-10-03T19:06:10Z,19
E1_increase,AmNGzg9Dv4w,UgyLtsCUfLeZwwBmput4AaABAg,2025-10-04T05:24:15Z,99
E1_increase,AmNGzg9Dv4w,Ugy94Y8bZrm0G8yYA_d4AaABAg,2025-10-04T07:39:59Z,172
E1_increase,AmNGzg9Dv4w,UgzcmKk4STNThBdjcTB4AaABAg,2025-12-08T15:16:32Z,1
E1_increase,AmNGzg9Dv4w,UgwtUnxSr0KVeUJoPZp4AaABAg,2025-10-03T18:44:34Z,95
E1_increase,AmNGzg9Dv4w,UgzIpF3cCNJ2GtbPAZ94AaABAg,2025-10-03T16:57:00Z,203
E1_increase,AmNGzg9Dv4w,Ugz-EtH_g0c86YVO5_x4AaABAg,2025-10-05T04:06:24Z,90
E1_increase,AmNGzg9Dv4w,UgxioH_I_LOBh4cgTSZ4AaABAg,2025-10-03T16:32:35Z,18
E1_increase,AmNGzg9Dv4w,UgzUDFbLccDtuUxnlol4AaABAg,2025-10-19T03:10:45Z,2
E1_increase,AmNGzg9Dv4w,UgyqWVyT2W2Y6h-8d1N4AaABAg,2025-10-03T16:22:16Z,327
E1_increase,AmNGzg9Dv4w,UgycE37_CEwZlthHTYl4AaABAg,2025-10-03T16:57:04Z,169
E1_increase,AmNGzg9Dv4w,Ugw35YDCDoGbZYGwDm14AaABAg,2025-10-04T03:41:52Z,73
E1_increase,AmNGzg9Dv4w,Ugwv-TYDKPYOBzjVyOJ4AaABAg,2025-10-10T14:30:37Z,4
E1_increase,AmNGzg9Dv4w,UgwupoTzmH2b23wxaCB4AaABAg,2025-10-05T04:40:42Z,38
E1_increase,AmNGzg9Dv4w,UgyQ-A8iH4rbLQvFn154AaABAg,2025-10-04T18:50:49Z,67
E1_increase,AmNGzg9Dv4w,UgwdfqqGcpwFURTcmpJ4AaABAg,2025-10-06T05:58:35Z,66
E1_increase,AmNGzg9Dv4w,Ugyt8XQ0fillH5tZJCJ4AaABAg,2025-10-14T23:40:01Z,3
E1_increase,AmNGzg9Dv4w,UgzHPN2YsDDOvefozcp4AaABAg,2025-10-06T17:01:01Z,125
E1_increase,AmNGzg9Dv4w,UgzWaTg-TWT44VIDDwt4AaABAg,2025-10-03T16:41:58Z,151
E1_increase,AmNGzg9Dv4w,Ugz_S0IQ4xH47B_r9Zd4AaABAg,2025-10-03T20:27:28Z,60
E1_increase,AmNGzg9Dv4w,UgweDYZBapv4o0wmz3h4AaABAg,2025-10-09T00:20:44Z,5
E1_increase,AmNGzg9Dv4w,UgxGBj9X6FG64IbilfJ4AaABAg,2025-10-03T19:00:33Z,30
E1_increase,AmNGzg9Dv4w,Ugw-rCsn8dAtqnaEtdJ4AaABAg,2025-10-05T08:49:59Z,22
E1_increase,AmNGzg9Dv4w,UgwkioKFoajFneNi74V4AaABAg,2025-10-03T17:27:30Z,48
E1_increase,AmNGzg9Dv4w,Ugx53Aq8km83ngw2kwB4AaABAg,2025-10-16T04:06:19Z,2
E1_increase,AmNGzg9Dv4w,Ugy0CVssCXNhCfnQAIl4AaABAg,2025-10-03T16:22:40Z,95
E1_increase,AmNGzg9Dv4w,UgzmG7WurbEO-8kAlFV4AaABAg,2025-10-03T21:20:23Z,58
E1_increase,AmNGzg9Dv4w,UgzftdO6movF5AJToA94AaABAg,2025-10-03T17:30:55Z,22
E1_increase,AmNGzg9Dv4w,UgyYQtYX9n_AvfA9AaN4AaABAg,2025-10-10T12:47:41Z,2
E1_increase,AmNGzg9Dv4w,UgwQapeYLe_Sj1sCeu54AaABAg,2025-10-03T19:42:47Z,24
E1_increase,AmNGzg9Dv4w,UgwUDwRA31S-Tutsq0F4AaABAg,2025-10-04T14:22:03Z,80
E1_increase,AmNGzg9Dv4w,UgzKzQfxi8RKNQQm9px4AaABAg,2025-10-03T16:23:10Z,158
E1_increase,AmNGzg9Dv4w,UgzCtBisHbR3Vqvovpl4AaABAg,2025-10-11T13:08:38Z,1
E1_increase,AmNGzg9Dv4w,UgzKm3tAQJS3Of2R8i14AaABAg,2025-10-03T20:58:01Z,87
E1_increase,AmNGzg9Dv4w,UgwfYrKH0W7mIhmzqWh4AaABAg,2025-10-03T18:09:39Z,148
E1_increase,AmNGzg9Dv4w,Ugxh3iw0xMgmA8nkmHN4AaABAg,2025-10-03T17:38:35Z,487
E1_increase,AmNGzg9Dv4w,UgwnDiaUcixT43rXkZJ4AaABAg,2025-10-11T05:58:58Z,3
E1_increase,AmNGzg9Dv4w,Ugwk4rz4_R2DLmdPjwt4AaABAg,2025-10-03T18:27:09Z,19
E1_increase,AmNGzg9Dv4w,UgwQc2cr8-ZD2o4JDn14AaABAg,2025-10-03T17:48:54Z,27
E1_increase,AmNGzg9Dv4w,UgzPhBd3nXaYmFQHMDl4AaABAg,2025-10-03T16:26:35Z,178
E1_increase,AmNGzg9Dv4w,Ugy-Fd6dr7SzkUyCgFh4AaABAg,2025-11-02T21:34:10Z,2
E1_increase,AmNGzg9Dv4w,Ugw87HVsXJzPpsXYT0B4AaABAg,2025-10-03T16:24:42Z,60
E1_increase,AmNGzg9Dv4w,UgwVlPPYqh6tPKv66HV4AaABAg,2025-10-03T17:27:46Z,74
E1_increase,AmNGzg9Dv4w,UgxPhI343F6Jlz0MbSl4AaABAg,2025-10-03T18:36:11Z,108
E1_increase,AmNGzg9Dv4w,UgzLs-ch-P3ycIsBQiZ4AaABAg,2025-10-23T05:21:09Z,1
E1_increase,AmNGzg9Dv4w,UgxeaUexUfAgm22Iz8N4AaABAg,2025-10-04T00:25:10Z,39
E1_increase,AmNGzg9Dv4w,UgzNp4wfe6fX98EDhxh4AaABAg,2025-10-04T03:52:55Z,13
E1_increase,AmNGzg9Dv4w,UgzMF8IALLTTZijnPQZ4AaABAg,2025-10-04T17:36:36Z,6
E1_increase,AmNGzg9Dv4w,Ugy-aVn96Rb5KAKVrLN4AaABAg,2025-10-03T16:44:44Z,82
E1_increase,AmNGzg9Dv4w,UgwbJ4zW0grSuVUrmu54AaABAg,2025-10-04T05:22:07Z,43
E1_increase,AmNGzg9Dv4w,UgzFNEGaClqyrTqNrMR4AaABAg,2025-10-03T16:51:20Z,20
E1_increase,AmNGzg9Dv4w,Ugw-Vy8YGcYXtHqZ-Tx4AaABAg,2025-10-09T22:22:59Z,4
E1_increase,AmNGzg9Dv4w,UgzDr9qFs8unmci7xRp4AaABAg,2025-10-04T04:12:26Z,21
E1_increase,AmNGzg9Dv4w,UgwEfDuQbrY9JOIOSGZ4AaABAg,2025-10-03T17:47:19Z,57
E1_increase,AmNGzg9Dv4w,UgxkAZ1S5RW4affSHUp4AaABAg,2025-10-03T17:04:02Z,60
E1_increase,AmNGzg9Dv4w,Ugx7sGPnwq_jSUKg0-Z4AaABAg,2025-12-30T19:19:10Z,1
E1_increase,AmNGzg9Dv4w,UgwK3saPqWrcbuzpX4h4AaABAg,2025-10-03T17:34:44Z,25
E1_increase,AmNGzg9Dv4w,UgwQCtgUWwD0Ue5-4tB4AaABAg,2025-10-03T17:16:41Z,46
E1_increase,AmNGzg9Dv4w,Ugzay0pZXz076PizW_Z4AaABAg,2025-10-04T00:07:56Z,22
E1_increase,AmNGzg9Dv4w,Ugww1weuanObSZ8XyKp4AaABAg,2025-11-18T04:38:29Z,2
E1_increase,AmNGzg9Dv4w,UgyjJF9xM3PrY9Ns7yh4AaABAg,2025-10-03T16:22:14Z,72
E1_increase,AmNGzg9Dv4w,UgwFxEXTvcGkZ_agVQd4AaABAg,2025-10-05T04:27:46Z,14
E1_increase,AmNGzg9Dv4w,UgyQng1dIrbBFV0mcwh4AaABAg,2025-10-04T07:01:51Z,4
E1_increase,AmNGzg9Dv4w,UgxmCeA16ty1Yapqueh4AaABAg,2025-12-24T08:20:38Z,2
E1_increase,AmNGzg9Dv4w,Ugzwxki99VfAVdehHD54AaABAg,2025-10-03T16:23:02Z,120
E1_increase,AmNGzg9Dv4w,Ugyi-QTwUwCH5jEa_jR4AaABAg,2025-10-03T19:54:09Z,61
E1_increase,AmNGzg9Dv4w,UgyNmfR-QhoqCeTH8Yh4AaABAg,2025-10-03T18:54:32Z,26
E1_increase,AmNGzg9Dv4w,Ugyq9vxn-zb91iIlASt4AaABAg,2025-10-18T01:43:31Z,1
E1_increase,AmNGzg9Dv4w,Ugz8yZhCpxOGrYXN20V4AaABAg,2025-10-03T16:37:43Z,13
E1_increase,AmNGzg9Dv4w,UgwG4C0KPaHcQuT952F4AaABAg,2025-10-03T17:15:05Z,156
E1_increase,AmNGzg9Dv4w,Ugxc0cZ3qSoYblxBTgl4AaABAg,2025-10-03T17:33:39Z,84
E1_increase,AmNGzg9Dv4w,Ugz0HS7bfnLX-AVV2Th4AaABAg,2025-10-21T21:27:08Z,1
E1_increase,AmNGzg9Dv4w,Ugze7mDqPh-LWgeQFRd4AaABAg,2025-10-03T16:32:34Z,1035
E1_increase,AmNGzg9Dv4w,UgxYTOOWZef-dBiIZa94AaABAg,2025-10-07T17:23:20Z,13
E1_increase,AmNGzg9Dv4w,Ugwy_w0i9Wm5iO6fx1F4AaABAg,2025-10-03T16:31:54Z,33
E1_increase,AmNGzg9Dv4w,UgyQJ_6EHMetvJL0y1t4AaABAg,2025-10-12T14:01:00Z,4
E1_increase,AmNGzg9Dv4w,UgzBbi5jGH-JgdvhKjh4AaABAg,2025-10-06T01:12:54Z,14
E1_increase,AmNGzg9Dv4w,UgyU3rbji1THE750QNV4AaABAg,2025-10-03T17:55:47Z,5
E1_increase,AmNGzg9Dv4w,UgwJDNoRYw2LP-gKOAd4AaABAg,2025-10-06T23:44:06Z,10
E1_increase,AmNGzg9Dv4w,Ugzv5ToJh8GcK25R4eZ4AaABAg,2025-10-18T13:16:11Z,1
E1_increase,AmNGzg9Dv4w,UgyIIOv064wU8Lpm3-h4AaABAg,2025-10-03T17:55:01Z,7
E1_increase,AmNGzg9Dv4w,Ugwbh8L7css-cK_xO8x4AaABAg,2025-10-03T16:23:27Z,62
E1_increase,AmNGzg9Dv4w,UgwDbJeAqlX6YbW6faN4AaABAg,2025-10-03T16:23:20Z,45
E1_increase,AmNGzg9Dv4w,UgxDsF76YzxjSis60I54AaABAg,2025-10-15T16:22:15Z,1
E1_increase,AmNGzg9Dv4w,Ugy1LT2bQv4M4DGTQPR4AaABAg,2025-10-03T18:23:07Z,6
E1_increase,AmNGzg9Dv4w,UgwQt7AvzviSErYpUOh4AaABAg,2025-10-03T16:23:51Z,69
E1_increase,AmNGzg9Dv4w,Ugz-l0sRhaoSf_-SJtp4AaABAg,2025-10-03T21:10:18Z,34
E1_increase,AmNGzg9Dv4w,UgxaWQOEPz009aiOQ1B4AaABAg,2025-10-07T00:32:05Z,195
E1_increase,AmNGzg9Dv4w,UgwhSxw_SMA1nl0GGnp4AaABAg,2025-10-04T20:07:01Z,13
E1_increase,AmNGzg9Dv4w,UgwZEzDRGQ_NMIen0lp4AaABAg,2025-10-20T00:32:12Z,2
E1_increase,AmNGzg9Dv4w,UgxtkqLaEIzIyOG6WmZ4AaABAg,2025-10-03T17:54:56Z,7
E1_increase,AmNGzg9Dv4w,UgytPDWPS8Qr07UdMVx4AaABAg,2025-10-07T01:01:24Z,21
E1_increase,AmNGzg9Dv4w,UgxLE6vA7adWthcEHBF4AaABAg,2025-10-03T16:42:19Z,11
E1_increase,AmNGzg9Dv4w,UgxSKxfv7X7eqUpYbfF4AaABAg,2026-04-11T15:49:38Z,1
E1_increase,AmNGzg9Dv4w,UgwbRtLnLHu57tjgZ-x4AaABAg,2025-10-04T00:24:53Z,5
E1_increase,AmNGzg9Dv4w,UgyNw64x05350b4B1mt4AaABAg,2025-10-06T05:37:23Z,23
E1_increase,AmNGzg9Dv4w,UgzB5yFegoSSX7lp-Xd4AaABAg,2025-10-03T21:02:15Z,15
E1_increase,AmNGzg9Dv4w,UgyKcEeyeGst6cQO9qN4AaABAg,2026-01-15T13:41:17Z,1
E1_increase,AmNGzg9Dv4w,Ugw3oDY8pzPGFAHdR7p4AaABAg,2025-10-03T16:35:14Z,31
E1_increase,AmNGzg9Dv4w,UgyOgwfS7ZgSeQ-7um14AaABAg,2025-10-04T15:45:41Z,22
E1_increase,AmNGzg9Dv4w,UgympRKZSHFcRwo65Lh4AaABAg,2025-10-03T17:02:09Z,17
E1_increase,AmNGzg9Dv4w,UgzT7TkqPLnoBnSKCgR4AaABAg,2025-11-01T01:12:21Z,1
E1_increase,AmNGzg9Dv4w,UgyS7jhcRZJ3b2bW9VJ4AaABAg,2025-10-03T16:25:55Z,10
E1_increase,AmNGzg9Dv4w,UgzxChl0u-I5vD0Fe0Z4AaABAg,2025-10-03T17:48:04Z,11
E1_increase,AmNGzg9Dv4w,UgyuZS0-mRiYP5F4MCJ4AaABAg,2025-10-05T08:59:21Z,48
E1_increase,AmNGzg9Dv4w,Ugw5dvS1T8yZ5P8OdCd4AaABAg,2025-10-11T23:59:36Z,1
E1_increase,AmNGzg9Dv4w,UgzmtC-pPvTc6geZaNN4AaABAg,2025-10-03T19:59:12Z,10
E1_increase,AmNGzg9Dv4w,UgzpBz6cxQm2PxodGbV4AaABAg,2025-10-04T19:36:58Z,48
E1_increase,AmNGzg9Dv4w,UgxvkeOR1E_BsuT8i_h4AaABAg,2025-10-06T09:20:34Z,9
E1_increase,AmNGzg9Dv4w,Ugy9heA9ApbiPGaTod14AaABAg,2025-10-25T07:21:08Z,1
E1_increase,AmNGzg9Dv4w,UgxKg_t87Wxd7cJUTuZ4AaABAg,2025-10-03T16:27:56Z,21
E1_increase,AmNGzg9Dv4w,UgyuhqbfyIYG2x_N8AV4AaABAg,2025-10-03T20:48:11Z,43
E1_increase,AmNGzg9Dv4w,UgzzeDjzfAQpfnJv95d4AaABAg,2025-10-03T16:36:17Z,11
E1_increase,AmNGzg9Dv4w,UgwhDtGbwfK7rzhzlGR4AaABAg,2025-10-15T07:24:40Z,1
E1_increase,AmNGzg9Dv4w,UgwysnIsw4U83NqE_aV4AaABAg,2025-10-03T16:22:09Z,297
E1_increase,AmNGzg9Dv4w,UgzJdMiqVNkC5rMRCB14AaABAg,2025-10-04T00:08:03Z,5
E1_increase,AmNGzg9Dv4w,Ugx3EKqbuDvTZuCYxy54AaABAg,2025-10-04T16:43:12Z,9
E1_increase,AmNGzg9Dv4w,Ugz1tSdPMp_O9uktfKF4AaABAg,2025-10-03T18:30:28Z,8
E1_increase,AmNGzg9Dv4w,UgzcSpVB8yaoO9lX19Z4AaABAg,2025-10-08T17:02:10Z,2
E1_increase,AmNGzg9Dv4w,Ugye8j01uuEyavOU8kB4AaABAg,2025-10-04T00:34:37Z,6
E1_increase,AmNGzg9Dv4w,Ugxro9JyICZzrNG0j6h4AaABAg,2025-10-06T17:10:47Z,6
E1_increase,AmNGzg9Dv4w,UgyT5puQPv8xY3Fruq94AaABAg,2025-10-04T10:03:30Z,86
E1_increase,AmNGzg9Dv4w,UgxQtimYAeR9eM3MtSF4AaABAg,2025-10-12T21:48:02Z,2
E1_increase,AmNGzg9Dv4w,UgwxErGQg1pV4j3Eiep4AaABAg,2025-10-03T16:49:59Z,18
E1_increase,AmNGzg9Dv4w,UgznOgjp5WK7g01GsFt4AaABAg,2025-10-04T04:22:12Z,4
E1_increase,AmNGzg9Dv4w,UgwDorYA_-OucWzXnXl4AaABAg,2025-10-03T16:21:59Z,22
E1_increase,AmNGzg9Dv4w,UgwBsvSwlDWHDtkIJHl4AaABAg,2025-10-08T13:29:16Z,1
E1_increase,AmNGzg9Dv4w,Ugy99ucW7uhU29qjnXZ4AaABAg,2025-10-03T18:29:53Z,4
E1_increase,AmNGzg9Dv4w,Ugw0rEWsqldk4xPbwmN4AaABAg,2025-10-04T00:41:40Z,5
E1_increase,AmNGzg9Dv4w,UgwPD6WF0Jwl5WEObwp4AaABAg,2025-10-03T20:58:01Z,15
E1_increase,AmNGzg9Dv4w,UgxtiQC0hhLPuPd8F5Z4AaABAg,2025-10-17T06:05:15Z,1
E1_increase,AmNGzg9Dv4w,UgzknayIJjFj_KMFW4d4AaABAg,2025-10-03T17:43:57Z,15
E1_increase,AmNGzg9Dv4w,UgyeCnSpCEbiwzvv2y14AaABAg,2025-10-06T12:50:46Z,9
E1_increase,AmNGzg9Dv4w,Ugxz5RXi3ETfu_m1N2V4AaABAg,2025-10-03T17:24:12Z,43
E1_increase,AmNGzg9Dv4w,Ugw8tDUXSanPLrmVOQZ4AaABAg,2025-10-13T13:32:57Z,2
E1_increase,AmNGzg9Dv4w,UgzwOQFxGLjJOeT9PVB4AaABAg,2025-10-05T16:03:10Z,4
E1_increase,AmNGzg9Dv4w,UgzMqrQSc0KvrHzlb1d4AaABAg,2025-12-24T18:34:33Z,1
E1_increase,AmNGzg9Dv4w,UgxCfRS0PbpRPK7xv_l4AaABAg,2025-10-22T08:29:21Z,1
E1_increase,AmNGzg9Dv4w,UgyDqGlII4Wsa-vhcsR4AaABAg,2025-10-03T16:54:45Z,14
E1_increase,AmNGzg9Dv4w,UgzNvhZlxZ9sk7UgNqh4AaABAg,2025-10-03T18:53:01Z,4
E1_increase,AmNGzg9Dv4w,UgxlLrvZKfLOGnavjDl4AaABAg,2025-10-03T17:20:05Z,12
E1_increase,AmNGzg9Dv4w,UgyfVjqzJ1Pjg5yufZB4AaABAg,2025-10-20T02:50:53Z,1
E1_increase,AmNGzg9Dv4w,UgwHboCWqj8W--gLKPJ4AaABAg,2025-10-03T20:53:49Z,9
E1_increase,AmNGzg9Dv4w,UgxmCJDY1EEf3ZkTGFN4AaABAg,2025-10-03T17:17:32Z,12
E1_increase,AmNGzg9Dv4w,UgxMF94Z83zXr2WutZV4AaABAg,2025-10-03T19:22:21Z,7
E1_increase,AmNGzg9Dv4w,UgwNREdSlZTIz8DeApV4AaABAg,2025-10-08T15:16:42Z,1
E1_increase,AmNGzg9Dv4w,Ugz5cyCfZrRZcre-hMx4AaABAg,2025-10-04T02:09:04Z,45
E1_increase,AmNGzg9Dv4w,Ugx971LIgrtvf7TKXGh4AaABAg,2025-10-03T21:07:27Z,7
E1_increase,AmNGzg9Dv4w,Ugx_FBziqjmoV4GQ6AV4AaABAg,2025-10-04T19:30:46Z,4
E1_increase,AmNGzg9Dv4w,UgxRazsEaWSo7ib866x4AaABAg,2025-10-14T17:39:21Z,4
E1_increase,AmNGzg9Dv4w,Ugy6jaMKjVhpuF5oTFx4AaABAg,2025-10-03T17:05:32Z,8
E1_increase,AmNGzg9Dv4w,Ugx0ZblEUAdo3b1QqJ14AaABAg,2025-10-06T12:24:06Z,11
E1_increase,AmNGzg9Dv4w,Ugz0ZNXZ73DIEymF6hV4AaABAg,2025-10-03T21:42:03Z,30
E1_increase,AmNGzg9Dv4w,UgyA7p3oY8-88P9dO9l4AaABAg,2025-10-08T13:12:34Z,0
E1_increase,AmNGzg9Dv4w,UgzVwlUcXrr2jTNZcDZ4AaABAg,2025-10-03T17:40:51Z,64
E1_increase,AmNGzg9Dv4w,UgwYPbTlQ22pOUCNrtx4AaABAg,2025-10-03T17:42:23Z,15
E1_increase,AmNGzg9Dv4w,UgzVjDiQvvHzrjG0Ov54AaABAg,2025-10-03T16:52:26Z,47
E1_increase,AmNGzg9Dv4w,UgzLpbyLhHkrq5Ay7lx4AaABAg,2025-10-16T16:43:01Z,1
E1_increase,AmNGzg9Dv4w,UgzJyAvFBfOQ-8jO6dN4AaABAg,2025-10-03T16:58:27Z,12
E1_increase,AmNGzg9Dv4w,UgzIzCqpv64Y9uOqnLF4AaABAg,2025-10-03T18:15:37Z,11
E1_increase,AmNGzg9Dv4w,Ugxhq7gs1BNDXpQwamd4AaABAg,2025-10-04T06:11:03Z,8
E1_increase,AmNGzg9Dv4w,UgyC1lMcD84scevYOb54AaABAg,2025-10-10T14:47:40Z,0
E1_increase,AmNGzg9Dv4w,Ugw9VzCCXnOFIZVyfkB4AaABAg,2025-10-04T19:51:01Z,12
E1_increase,AmNGzg9Dv4w,UgwIltJQz9MjeoTmO5V4AaABAg,2025-10-04T12:25:05Z,4
E1_increase,AmNGzg9Dv4w,UgxeLeYiV0LwcLux_W94AaABAg,2025-10-04T00:41:13Z,4
E1_increase,AmNGzg9Dv4w,UgwHtk-SuxQb56gUqId4AaABAg,2025-11-01T14:13:18Z,3
E1_increase,AmNGzg9Dv4w,UgxvFdYKzZMOiQj8ru14AaABAg,2025-10-03T18:13:19Z,7
E1_increase,AmNGzg9Dv4w,UgyEX3G22vqffiIISel4AaABAg,2025-10-03T17:47:26Z,6
E1_increase,AmNGzg9Dv4w,UgzgfPswftXKfJdneIB4AaABAg,2025-10-04T06:05:42Z,5
E1_increase,AmNGzg9Dv4w,Ugx0v_Or_TMIt_jp-g94AaABAg,2025-10-11T23:16:59Z,1
E1_increase,AmNGzg9Dv4w,Ugx1JGSJ6Ch9XSayiGZ4AaABAg,2025-10-03T18:34:23Z,13
E1_increase,AmNGzg9Dv4w,Ugw2mOmoWcCggBH4pv14AaABAg,2025-10-03T17:11:37Z,55
E1_increase,AmNGzg9Dv4w,UgzB7CLOG_hGb8uLlTB4AaABAg,2025-10-04T00:20:55Z,265
E1_increase,AmNGzg9Dv4w,UgwD7BRJDMTOEk6LFLx4AaABAg,2026-01-06T09:37:27Z,2
E1_increase,AmNGzg9Dv4w,UgzXYiiAqgGtM03HnvZ4AaABAg,2025-10-03T18:01:20Z,12
E1_increase,AmNGzg9Dv4w,UgwZnmAtRSowF6JA8LV4AaABAg,2025-10-03T18:56:52Z,35
E1_increase,AmNGzg9Dv4w,UgxUIwtxxwXYsy4PCiV4AaABAg,2025-10-04T00:07:44Z,5
E1_increase,AmNGzg9Dv4w,UgyMjLePVp5hexjNFAF4AaABAg,2025-10-12T15:36:23Z,0
E1_increase,AmNGzg9Dv4w,Ugy0W9ZrTkTA_zTh18l4AaABAg,2025-10-03T17:28:10Z,43
E1_increase,AmNGzg9Dv4w,UgwM-L7n1h5bt2HWIE54AaABAg,2025-10-03T17:32:25Z,11
E1_increase,AmNGzg9Dv4w,UgzXXXcj-1v_PJC9LiR4AaABAg,2025-10-03T16:24:42Z,6
E1_increase,AmNGzg9Dv4w,UgwvraUmWIk1KZO9UBJ4AaABAg,2025-10-08T19:15:52Z,1
E1_increase,AmNGzg9Dv4w,UgyGBXId3exNzQIvSt54AaABAg,2025-10-03T17:27:01Z,46
E1_increase,AmNGzg9Dv4w,Ugz0sMpdpd_Qfz3SRu54AaABAg,2025-10-06T11:51:23Z,11
E1_increase,AmNGzg9Dv4w,UgxQYrEyIst9n7jdbhJ4AaABAg,2025-10-03T16:45:15Z,43
E1_increase,AmNGzg9Dv4w,Ugwz1GBKEOXEwdqUWo54AaABAg,2025-10-08T12:38:48Z,1
E1_increase,AmNGzg9Dv4w,UgzSXRyHWiofenG7YGR4AaABAg,2025-10-03T17:28:03Z,4
E1_increase,AmNGzg9Dv4w,UgzTRvK3OBz7sGeC85h4AaABAg,2025-10-03T16:24:11Z,33
E1_increase,AmNGzg9Dv4w,UgwXi8SIDFLCUzyRMK14AaABAg,2025-10-04T00:16:59Z,5
E1_increase,AmNGzg9Dv4w,UgwZ-WmzZxSLOz_AfcF4AaABAg,2025-10-11T19:09:09Z,2
E1_increase,AmNGzg9Dv4w,UgzltPiF0ah84hukmKp4AaABAg,2025-10-03T21:23:41Z,5
E1_increase,AmNGzg9Dv4w,UgzxsYBuHTS6WOOGCN94AaABAg,2025-10-06T00:13:23Z,8
E1_increase,AmNGzg9Dv4w,UgwCYRZh1HZWRerS8oR4AaABAg,2025-10-03T16:55:17Z,8
E1_increase,AmNGzg9Dv4w,UgwbLGjiPzasFrTnrTB4AaABAg,2025-10-08T15:23:27Z,1
E1_increase,AmNGzg9Dv4w,UgwpwcWcsO9WT04wP-Z4AaABAg,2025-10-04T05:44:21Z,4
E1_increase,AmNGzg9Dv4w,UgxnT_ysu5UOm1BDdAB4AaABAg,2025-10-03T16:42:00Z,14
E1_increase,AmNGzg9Dv4w,UgxQQ8LXD35jYztXlWZ4AaABAg,2025-10-03T17:28:44Z,4
E1_increase,AmNGzg9Dv4w,Ugwk5PVzetkKpLYlWzd4AaABAg,2026-01-06T09:44:29Z,2
E1_increase,AmNGzg9Dv4w,UgyTzbqCpRkOuVdCBlZ4AaABAg,2025-10-03T17:54:33Z,5
E1_increase,AmNGzg9Dv4w,Ugx6JAhSqY-Rkwxt-dF4AaABAg,2025-10-03T17:05:11Z,6
E1_increase,AmNGzg9Dv4w,UgwyK21puXu4s2xMRNJ4AaABAg,2025-10-03T21:08:59Z,15
E1_increase,AmNGzg9Dv4w,UgySXcaidiv6fSndo7x4AaABAg,2025-12-19T16:18:22Z,1
E1_increase,AmNGzg9Dv4w,UgyPYr1F97U7rLcqQoV4AaABAg,2025-10-03T16:43:38Z,37
E1_increase,AmNGzg9Dv4w,UgycKMcJOpbTdJ41m3J4AaABAg,2025-10-04T08:40:12Z,9
E1_increase,AmNGzg9Dv4w,UgxioIx4coKHWxX41JV4AaABAg,2025-10-04T11:58:43Z,4
E1_increase,AmNGzg9Dv4w,UgzNsRXYSGHGlQp35HZ4AaABAg,2026-01-16T12:16:43Z,2
E1_increase,AmNGzg9Dv4w,UgyoHDOsyjiedxkvkpd4AaABAg,2025-10-03T16:23:38Z,44
E1_increase,AmNGzg9Dv4w,UgzlNtjDoFjCFo2rjtt4AaABAg,2025-10-03T16:45:08Z,11
E1_increase,AmNGzg9Dv4w,UgwIuBzrRfnNO-wJBZN4AaABAg,2025-10-04T14:30:45Z,9
E1_increase,AmNGzg9Dv4w,Ugza4e4XQFppmh1mlJR4AaABAg,2025-10-28T14:10:51Z,1
E1_increase,AmNGzg9Dv4w,UgwCuB4G9hpa_prjxZR4AaABAg,2025-10-04T08:04:05Z,6
E1_increase,AmNGzg9Dv4w,UgzgeEt5IAwV4W13-_14AaABAg,2025-10-03T20:41:49Z,7
E1_increase,AmNGzg9Dv4w,Ugw2H0o4kPW4ikhHxpJ4AaABAg,2025-10-03T16:31:52Z,5
E1_increase,AmNGzg9Dv4w,UgxBX2Buhd4T4matx9t4AaABAg,2025-10-09T00:17:24Z,0
E1_increase,AmNGzg9Dv4w,UgwYS58ex5BIx_jY4SB4AaABAg,2025-10-03T16:33:38Z,4
E1_increase,AmNGzg9Dv4w,Ugxh1YfEYTzzYfGDF1N4AaABAg,2025-10-03T16:48:43Z,8
E1_increase,AmNGzg9Dv4w,UgyoM7E5dAbEC5OT_Ch4AaABAg,2025-10-03T16:58:42Z,7
E1_increase,AmNGzg9Dv4w,UgzCFSsa-vtg9rnKKPh4AaABAg,2025-10-16T03:36:07Z,1
E1_increase,AmNGzg9Dv4w,Ugy3c6UVBVH7y1U7zhp4AaABAg,2025-10-03T17:35:06Z,6
E1_increase,AmNGzg9Dv4w,UgxwwWhh9TQeVjgW8Yt4AaABAg,2025-10-03T16:23:24Z,8
E1_increase,AmNGzg9Dv4w,UgyvY9AKbqmiTFgE22B4AaABAg,2025-10-03T21:12:17Z,9
E1_increase,AmNGzg9Dv4w,UgzenW3RI8IZ1skEGsR4AaABAg,2025-10-19T07:20:17Z,1
E1_increase,AmNGzg9Dv4w,UgxhnlNWvRuMADQsN6B4AaABAg,2025-10-04T19:09:21Z,17
E1_increase,AmNGzg9Dv4w,UgylMnsNS0jke3B-Vg14AaABAg,2025-10-03T18:15:11Z,4
E1_increase,AmNGzg9Dv4w,UgxBjmvuFf1iktyG3iR4AaABAg,2025-10-03T18:39:56Z,5
E1_increase,AmNGzg9Dv4w,Ugzq8eCMhiT_3fY8trx4AaABAg,2025-10-13T06:25:12Z,0
E1_increase,AmNGzg9Dv4w,Ugzp3g2KV7gbF262eyJ4AaABAg,2025-10-03T16:33:17Z,5
E1_increase,AmNGzg9Dv4w,Ugz-RXeq4I-73B14KqV4AaABAg,2025-10-03T17:51:04Z,7
E1_increase,AmNGzg9Dv4w,UgynW32Jd3pIY4kDWdB4AaABAg,2025-10-03T18:01:12Z,13
E1_increase,AmNGzg9Dv4w,UgzWVA-Xee9G10n-q_B4AaABAg,2025-10-09T23:10:48Z,0
E1_increase,AmNGzg9Dv4w,UgyeUZ2IuFTksX8NOsp4AaABAg,2025-12-14T00:44:43Z,3
E1_increase,AmNGzg9Dv4w,UgxMHDajsNcEZjiyrch4AaABAg,2025-10-03T16:49:28Z,6
E1_increase,AmNGzg9Dv4w,UgzP3tmk8pzJG97O9wx4AaABAg,2025-10-03T16:28:17Z,10
E1_increase,AmNGzg9Dv4w,Ugwy1fqca5XbxNu2cm54AaABAg,2025-10-13T22:51:30Z,1
E1_increase,AmNGzg9Dv4w,Ugzw9Gxe6jMWefn_gPd4AaABAg,2025-10-03T22:43:23Z,5
E1_increase,AmNGzg9Dv4w,Ugy7ZlKMcnlrKezWBpp4AaABAg,2025-10-03T21:26:26Z,4
E1_increase,AmNGzg9Dv4w,UgzGQJvQYey6sD9oulB4AaABAg,2025-10-16T20:56:29Z,4
E1_increase,AmNGzg9Dv4w,Ugztyj4WKlB-pR3OloV4AaABAg,2025-10-09T11:17:11Z,1
E1_increase,AmNGzg9Dv4w,Ugw7_ZBF1KJQTuSbAZV4AaABAg,2025-10-13T15:43:49Z,0
E1_increase,AmNGzg9Dv4w,UgwevcZ94W9ERiMm-6Z4AaABAg,2025-10-14T23:33:48Z,5
E1_increase,AmNGzg9Dv4w,UgzPLeF9_fNF2_tZ0Lt4AaABAg,2025-10-08T14:27:48Z,5
E1_increase,AmNGzg9Dv4w,UgyQLSfaPxCGhYxfavV4AaABAg,2025-10-08T22:41:25Z,0
E1_increase,AmNGzg9Dv4w,UgxlAH81H0unbXkS2bF4AaABAg,2025-10-03T17:34:17Z,7
E1_increase,AmNGzg9Dv4w,Ugwe4n2j-Fu0ArHTkGt4AaABAg,2025-10-04T01:34:47Z,9
E1_increase,AmNGzg9Dv4w,Ugw4ryx-DH3XA14IHCJ4AaABAg,2025-10-31T06:25:28Z,1
E1_increase,AmNGzg9Dv4w,UgwK9Z4f_HeZ90LtBKh4AaABAg,2025-10-13T04:38:45Z,5
E1_increase,AmNGzg9Dv4w,UgxFG75TQEbcsbl0wj94AaABAg,2025-10-10T16:54:18Z,0
E1_increase,AmNGzg9Dv4w,UgzeuKP8bIo6ZvX0Z1d4AaABAg,2025-10-03T17:01:35Z,4
E1_increase,AmNGzg9Dv4w,UgxZIP-OCo-YjB1zaIF4AaABAg,2025-10-05T05:00:24Z,5
E1_increase,AmNGzg9Dv4w,UgxQxOaQ2GWNbd2loNR4AaABAg,2025-10-17T18:31:44Z,0
E1_increase,AmNGzg9Dv4w,Ugy40o8G_3GFdYTHvLl4AaABAg,2025-10-03T17:55:28Z,14
E1_increase,AmNGzg9Dv4w,Ugz4q9ERTUH4bJhcPBp4AaABAg,2025-10-03T16:46:33Z,5
E1_increase,AmNGzg9Dv4w,UgzGm5MY_vn9-Ik4vzJ4AaABAg,2025-12-27T19:22:19Z,1
E1_increase,AmNGzg9Dv4w,Ugyz1l3Z5npQa6I-As54AaABAg,2025-10-03T21:24:27Z,8
E1_increase,AmNGzg9Dv4w,UgyO6EHQzLFh0CjPtOx4AaABAg,2026-04-11T02:19:19Z,0
E1_increase,AmNGzg9Dv4w,UgzYxJiCjTolKWl79iJ4AaABAg,2025-10-13T00:31:40Z,0
E1_increase,AmNGzg9Dv4w,UgxD_6iJtiKink7lFxJ4AaABAg,2025-10-08T14:34:21Z,1
E1_increase,AmNGzg9Dv4w,UgxridlE-7FMkoRLbmp4AaABAg,2025-10-12T21:57:54Z,1
E1_increase,AmNGzg9Dv4w,UgyEje3Yd8_0JAgW3LN4AaABAg,2026-01-17T12:35:28Z,2
E1_increase,AmNGzg9Dv4w,UgxWmqg3Kd_eU5NHDOh4AaABAg,2025-11-02T21:34:49Z,0
E1_increase,AmNGzg9Dv4w,Ugx-qdYnBnyVlzzgTVd4AaABAg,2025-11-07T18:50:23Z,1
E1_increase,AmNGzg9Dv4w,Ugy1GM1c7q6R5bPNNTx4AaABAg,2025-10-09T17:46:13Z,0
E1_increase,AmNGzg9Dv4w,Ugw97wFKrPXRzYsRR1d4AaABAg,2025-11-05T22:53:23Z,0
E1_increase,AmNGzg9Dv4w,Ugw6fP95MF6vTrWLuhl4AaABAg,2025-10-16T15:07:28Z,0
E1_increase,AmNGzg9Dv4w,UgxeSZkr9uZUdOahFPV4AaABAg,2025-10-27T04:47:17Z,2
E1_increase,AmNGzg9Dv4w,UgxiLIA-qCxe4srMAtx4AaABAg,2025-10-11T05:12:57Z,0
E1_increase,AmNGzg9Dv4w,UgznD0NkC6oEEk6BK-V4AaABAg,2025-10-10T11:11:19Z,0
E1_increase,AmNGzg9Dv4w,UgxZqv8YKPRZNdRNRfJ4AaABAg,2025-11-02T09:46:01Z,0
E1_increase,AmNGzg9Dv4w,UgwW17liHxwy2UZJhwp4AaABAg,2025-10-13T03:22:43Z,0
E1_increase,AmNGzg9Dv4w,Ugy8UbBIppAVApmi2px4AaABAg,2025-10-10T16:55:11Z,1
E1_increase,AmNGzg9Dv4w,Ugwj0J-ArzhUEr9OPf94AaABAg,2026-01-08T04:17:24Z,1
E1_increase,AmNGzg9Dv4w,UgyCqCNTdKlmHdhRdBd4AaABAg,2025-10-16T03:36:42Z,0
E1_increase,AmNGzg9Dv4w,Ugw5DjxRzduzD08tHbh4AaABAg,2025-10-09T05:25:35Z,0
E1_increase,AmNGzg9Dv4w,UgwqxNw6zgrYbul2woB4AaABAg,2025-10-21T20:26:23Z,0
E1_increase,AmNGzg9Dv4w,UgzG7n1e_CKqvYdkJoV4AaABAg,2025-10-13T17:24:39Z,0
E1_increase,AmNGzg9Dv4w,Ugw6peEDxbU1kfx2-fR4AaABAg,2025-10-15T14:39:33Z,0
E1_increase,AmNGzg9Dv4w,UgzC6ek6Fq0yN3FSIVF4AaABAg,2025-10-21T21:09:34Z,0
E1_increase,AmNGzg9Dv4w,UgyKUHhIn4fgaJ_bwid4AaABAg,2025-10-11T21:23:15Z,0
E1_increase,AmNGzg9Dv4w,UgxGX1kbvvlX316epeR4AaABAg,2025-10-11T20:13:59Z,0
E1_increase,AmNGzg9Dv4w,UgymzCpiNuM3A0XKuP14AaABAg,2025-10-08T17:13:45Z,0
E1_increase,AmNGzg9Dv4w,UgxHAft1JDzaUB85nN14AaABAg,2025-11-18T23:17:57Z,1
E1_increase,AmNGzg9Dv4w,Ugyf9uqB76Qi6uRMhod4AaABAg,2025-10-08T15:27:15Z,1
E1_increase,AmNGzg9Dv4w,UgzPXYoz-QZzctUNfnd4AaABAg,2025-10-09T16:35:35Z,0
E1_increase,AmNGzg9Dv4w,UgzrCcG0ZFOPxo00bv94AaABAg,2025-10-11T12:52:30Z,0
E1_increase,AmNGzg9Dv4w,UgzpYuV11DgBs4kxePF4AaABAg,2025-10-10T22:45:46Z,1
E1_increase,AmNGzg9Dv4w,UgzV_m3ul90QR1aHlIp4AaABAg,2025-10-14T02:24:54Z,0
E1_increase,AmNGzg9Dv4w,Ugwb0v-KO6RiGDVwNkx4AaABAg,2025-10-10T20:11:31Z,0
E1_increase,AmNGzg9Dv4w,Ugx1NrB3Q8kt64g61Jt4AaABAg,2025-10-14T20:03:59Z,0
E1_increase,AmNGzg9Dv4w,Ugz1NulHm1m2kyldjxx4AaABAg,2025-10-19T22:03:20Z,0
E1_increase,AmNGzg9Dv4w,Ugx_Lh9OwnyBVXg8mmd4AaABAg,2025-10-09T23:06:23Z,1
E1_increase,AmNGzg9Dv4w,UgxSH-uucKK_AcUiG9x4AaABAg,2025-10-14T14:53:13Z,0
E1_increase,AmNGzg9Dv4w,UgwR_z159Ar5hBaILfN4AaABAg,2025-10-17T00:39:37Z,0
E1_increase,AmNGzg9Dv4w,UgzQOGGBaaN9y33uf894AaABAg,2025-10-10T12:24:41Z,0
E1_increase,AmNGzg9Dv4w,UgweDt6J-sp3_eZ-bmZ4AaABAg,2025-10-12T11:44:14Z,0
E1_increase,AmNGzg9Dv4w,UgwLhPyoC7eD7QA1DkN4AaABAg,2025-10-08T13:50:01Z,0
E1_increase,AmNGzg9Dv4w,UgwMpJOrd9PC7eORzfV4AaABAg,2025-12-28T00:47:51Z,1
E1_increase,AmNGzg9Dv4w,Ugxpz5Ii0sUkArmCB9N4AaABAg,2025-10-13T18:41:25Z,0
E1_increase,AmNGzg9Dv4w,UgwwoAKWeU0K6xgNTtx4AaABAg,2025-10-10T09:57:45Z,0
E1_increase,AmNGzg9Dv4w,UgwrHBxryTuhfJxZEsl4AaABAg,2025-10-11T20:17:14Z,0
E1_increase,AmNGzg9Dv4w,UgwvnjR6P1jQejosXD14AaABAg,2025-10-10T22:24:12Z,0
E1_increase,AmNGzg9Dv4w,Ugw91PnLuUj4yOxkZL94AaABAg,2025-10-09T18:55:51Z,1
E1_increase,AmNGzg9Dv4w,Ugx97Cn2zUxlNDbfrul4AaABAg,2025-10-11T22:01:42Z,1
E1_increase,AmNGzg9Dv4w,Ugwfl0zdXq0kXSRSzzx4AaABAg,2025-10-09T04:28:22Z,0
E1_increase,AmNGzg9Dv4w,Ugye6--Hqity7Mi3ij14AaABAg,2025-10-24T01:23:13Z,0
E1_increase,AmNGzg9Dv4w,Ugz9tFP_bHpLPxlzREp4AaABAg,2025-10-13T12:07:49Z,0
E1_increase,AmNGzg9Dv4w,Ugxcqr_yPsC1NJP2knB4AaABAg,2026-02-04T19:05:06Z,2
E1_increase,AmNGzg9Dv4w,Ugw3sY_7mVmFCr_orRl4AaABAg,2025-10-09T22:59:48Z,0
E1_increase,AmNGzg9Dv4w,UgwpyVzqLMjcpxIxA6N4AaABAg,2025-10-08T13:44:12Z,0
E1_increase,AmNGzg9Dv4w,Ugx1vli8gjJKZ0ZkWHF4AaABAg,2025-10-11T17:44:54Z,0
E1_increase,AmNGzg9Dv4w,UgzDrghe6L-uhTOU88t4AaABAg,2025-10-29T19:37:48Z,0
E1_increase,AmNGzg9Dv4w,UgxZBaXE8KSyKii_nnN4AaABAg,2025-10-11T08:44:54Z,0
E1_increase,AmNGzg9Dv4w,Ugw6EmQchZxsNfUJlPJ4AaABAg,2025-10-14T04:13:06Z,0
E1_increase,AmNGzg9Dv4w,UgyCRYMVDTIRSqr3p-94AaABAg,2026-03-07T21:26:56Z,0
E1_increase,AmNGzg9Dv4w,UgzfA3OMYk-JuYzEgf94AaABAg,2025-10-09T00:29:55Z,1
E1_increase,AmNGzg9Dv4w,UgzHe4cbkTYzOGP5uWV4AaABAg,2025-10-09T18:46:30Z,0
E1_increase,AmNGzg9Dv4w,UgzMadOnj7BH058mTZp4AaABAg,2025-11-06T19:36:40Z,0
E1_increase,AmNGzg9Dv4w,Ugxns7FcN18TbHKBsM54AaABAg,2025-10-09T05:08:03Z,0
E1_increase,AmNGzg9Dv4w,UgzmH7CE7h5OFuSbAO54AaABAg,2025-10-11T01:26:46Z,0
E1_increase,AmNGzg9Dv4w,Ugy5TUYdoijA6glMQnp4AaABAg,2025-10-15T00:04:51Z,0
E1_increase,AmNGzg9Dv4w,Ugx4HhJvGkOMFZ9A1bx4AaABAg,2025-10-09T10:51:08Z,1
E1_increase,AmNGzg9Dv4w,UgwjZ1sAfTfKLnaHtYN4AaABAg,2025-10-11T08:39:44Z,0
E1_increase,AmNGzg9Dv4w,UgyCTXXNesHoaIGDCF54AaABAg,2025-10-11T18:43:58Z,0
E1_increase,AmNGzg9Dv4w,UgxWvKj3oJp-vwobGfx4AaABAg,2025-10-13T16:06:07Z,0
E1_increase,AmNGzg9Dv4w,UgwwWw5v9cFDvB9LCll4AaABAg,2025-11-07T21:06:34Z,1
E1_increase,AmNGzg9Dv4w,UgwzHIgzweCnp3Zfm754AaABAg,2025-12-04T03:48:40Z,1
E1_increase,AmNGzg9Dv4w,UgwmzPOmHkU88TIZjCt4AaABAg,2026-01-30T18:04:26Z,0
E1_increase,AmNGzg9Dv4w,UgyAhBzMQEt9Lhhik454AaABAg,2025-10-09T15:03:52Z,0
E1_increase,AmNGzg9Dv4w,Ugwc23EQFxQs0wADEcJ4AaABAg,2025-10-09T05:45:19Z,0
E1_increase,AmNGzg9Dv4w,UgwYZc6QDwwWZNBPmrZ4AaABAg,2025-10-14T22:44:05Z,0
E1_increase,AmNGzg9Dv4w,UgyoMX4eG16FA8OVrbh4AaABAg,2025-10-15T12:59:52Z,0
E1_increase,AmNGzg9Dv4w,UgwOg66J8LzVHOY7qDZ4AaABAg,2025-12-29T09:18:50Z,1
E1_increase,AmNGzg9Dv4w,Ugx5BBLdrMvjLFJ43oR4AaABAg,2025-10-21T02:36:56Z,0
E1_increase,AmNGzg9Dv4w,UgwS1kZuFzdycN7_nNJ4AaABAg,2025-10-11T18:52:26Z,0
E1_increase,AmNGzg9Dv4w,Ugzfk8CW3htvCw23Bnl4AaABAg,2025-10-24T08:35:08Z,0
E1_increase,AmNGzg9Dv4w,UgzsgY_4Hnm76myhgMd4AaABAg,2025-10-10T20:21:25Z,0
E1_increase,AmNGzg9Dv4w,Ugyh_kas5mgiHsME3xl4AaABAg,2025-10-12T19:31:03Z,0
E1_increase,AmNGzg9Dv4w,UgwbTQAJ7vxPFTXKLzF4AaABAg,2025-10-10T14:16:05Z,0
E1_increase,GbPiP0mv8kM,UgyJLCY8n76Y_4HaokN4AaABAg,2025-10-03T13:39:54Z,2067
E1_increase,GbPiP0mv8kM,UgxamRk8VpikE7GiqiF4AaABAg,2025-10-03T01:02:31Z,1749
E1_increase,GbPiP0mv8kM,UgyrooW_UZlhQoUd25x4AaABAg,2025-10-03T10:46:05Z,533
E1_increase,GbPiP0mv8kM,UgwhxplNAYBhnJk1bKJ4AaABAg,2025-10-03T02:32:35Z,125
E1_increase,GbPiP0mv8kM,UgxME7DoAGiYLfz9-dB4AaABAg,2025-10-03T01:26:37Z,298
E1_increase,GbPiP0mv8kM,UgxfIDLyEzu8IDCqnip4AaABAg,2025-10-03T11:42:33Z,151
E1_increase,GbPiP0mv8kM,Ugy4LBC7WCNvKMma64x4AaABAg,2025-10-03T09:22:33Z,37
E1_increase,GbPiP0mv8kM,Ugxyqxj0TdHOyIBzZG94AaABAg,2025-10-03T15:42:58Z,7
E1_increase,GbPiP0mv8kM,UgzOMziP-HgR61p2Lcx4AaABAg,2025-10-03T15:20:35Z,9
E1_increase,GbPiP0mv8kM,UgxcIpAInsv1Wlz4HSx4AaABAg,2026-04-22T06:47:00Z,2
E1_increase,GbPiP0mv8kM,UgzfCZBBoBTJTxdoxWl4AaABAg,2025-10-03T01:05:19Z,64
E1_increase,GbPiP0mv8kM,Ugy04tqJ_EkL3zNX3w54AaABAg,2025-10-03T03:44:31Z,114
E1_increase,GbPiP0mv8kM,UgwKxr9fCcXnBQz0QxV4AaABAg,2025-10-03T17:44:10Z,4
E1_increase,GbPiP0mv8kM,UgzkBLatFZW3AxLCKn94AaABAg,2025-10-03T11:21:20Z,1
E1_increase,GbPiP0mv8kM,UgzaC6SEkymiJb_cElp4AaABAg,2025-10-05T09:52:50Z,1
E1_increase,GbPiP0mv8kM,Ugwtzt8t8-JrpCNzZ854AaABAg,2025-10-04T12:56:31Z,8
E1_increase,GbPiP0mv8kM,UgxF26e4u4_FqpJRfnR4AaABAg,2025-10-04T21:31:32Z,12
E1_increase,GbPiP0mv8kM,UgxV1UlB0m6GYqUEW_V4AaABAg,2025-10-06T08:04:09Z,4
E1_increase,GbPiP0mv8kM,UgzVJof3B0yMC2tVTFh4AaABAg,2025-10-05T01:12:33Z,1
E1_increase,GbPiP0mv8kM,Ugw-ST5FuM1-s6JpoPh4AaABAg,2025-10-03T01:04:44Z,33
E1_increase,GbPiP0mv8kM,UgxK0GQofCYceQ7tT7h4AaABAg,2025-10-03T01:30:04Z,46
E1_increase,GbPiP0mv8kM,UgxaYvYxVBn18HY-IMd4AaABAg,2025-10-05T10:04:24Z,1
E1_increase,GbPiP0mv8kM,UgznFUA9K8DetYqGXVR4AaABAg,2025-10-03T01:46:48Z,0
E1_increase,GbPiP0mv8kM,UgxKKLrZDdS-KbiSQr54AaABAg,2025-10-09T05:19:16Z,0
E1_increase,GbPiP0mv8kM,UgyuYrO-zvHHXg-iX-54AaABAg,2025-10-04T02:38:20Z,0
E1_increase,GbPiP0mv8kM,UgxxCjM50-OS9pKZnud4AaABAg,2025-10-03T01:04:55Z,38
E1_increase,GbPiP0mv8kM,UgyTN5WQAVJ98mErkM54AaABAg,2025-10-04T02:46:30Z,0
E1_increase,GbPiP0mv8kM,UgzSbZYqMmanxSMTXY94AaABAg,2025-10-03T09:26:39Z,0
E1_increase,GbPiP0mv8kM,UgwR_N4e6MexmdyTBD14AaABAg,2026-05-23T16:25:41Z,0
E1_increase,GbPiP0mv8kM,UgyPw4FiPAGz3KeBEdB4AaABAg,2025-10-03T17:06:03Z,21
E1_increase,GbPiP0mv8kM,UgxeMbpaAlrlNEmXq0t4AaABAg,2025-10-04T18:25:36Z,0
E1_increase,GbPiP0mv8kM,Ugyj8YvWjDUEdFhI3KZ4AaABAg,2025-10-07T01:31:57Z,3
E1_increase,GbPiP0mv8kM,UgxjAA6u3SSVta47zwJ4AaABAg,2025-10-03T03:12:46Z,3
E1_increase,GbPiP0mv8kM,Ugwz5hZUNytgOBajJMV4AaABAg,2025-10-04T17:33:53Z,1
E1_increase,GbPiP0mv8kM,UgzwMirqFJC_JpU3kvd4AaABAg,2025-10-06T01:28:54Z,0
E1_increase,GbPiP0mv8kM,Ugwwi_JK8FqBggsu7dp4AaABAg,2025-10-05T12:50:58Z,0
E1_increase,GbPiP0mv8kM,UgwmqgG36IycSgtcuAh4AaABAg,2026-01-05T17:33:41Z,1
E1_increase,GbPiP0mv8kM,Ugywb619PErMQ6nqTrB4AaABAg,2025-10-05T13:53:03Z,2
E1_increase,GbPiP0mv8kM,UgzZ4kjRXFn9Ewjc_zh4AaABAg,2026-03-05T13:49:54Z,0
E1_increase,GbPiP0mv8kM,UgwcAYEcZcuYTvxxIcJ4AaABAg,2025-10-03T23:31:43Z,0
E1_increase,GbPiP0mv8kM,UgzyClJeOEGaTaSWzBt4AaABAg,2025-10-03T03:41:10Z,12
E1_increase,GbPiP0mv8kM,Ugy7N-gIlOm4XsFMksZ4AaABAg,2025-10-21T00:25:12Z,0
E1_increase,GbPiP0mv8kM,UgxLvbLOnpkeqqC8Pmt4AaABAg,2025-10-04T07:00:36Z,0
E1_increase,GbPiP0mv8kM,Ugx17-5_x3IuhKtH4tJ4AaABAg,2025-10-03T02:20:39Z,6
E1_increase,GbPiP0mv8kM,Ugw7a1lfPvXa5VUIAKV4AaABAg,2025-10-04T14:13:22Z,0
E1_increase,GbPiP0mv8kM,UgyxjcUkxrb_NACCxNV4AaABAg,2025-10-07T14:34:56Z,0
E1_increase,GbPiP0mv8kM,UgyT14wRlYtrLLTAXyR4AaABAg,2025-10-06T22:49:51Z,3
E1_increase,GbPiP0mv8kM,UgwCdpQynkkq0xZYxGh4AaABAg,2026-08-09T00:28:54Z,1
E1_increase,GbPiP0mv8kM,Ugyz0EtXj3MIgHdyLNF4AaABAg,2025-10-26T11:41:00Z,0
E1_increase,GbPiP0mv8kM,UgzeEyu4X3dVBztK2PF4AaABAg,2025-10-03T09:57:42Z,0
E1_increase,GbPiP0mv8kM,UgyzcSEX5Lpx-I6QYJp4AaABAg,2025-10-04T17:27:18Z,0
E1_increase,GbPiP0mv8kM,UgxJCzOYK1bnxbYyANV4AaABAg,2025-10-03T20:00:00Z,1
E1_increase,GbPiP0mv8kM,Ugw3dVANZhY4NiBOzB94AaABAg,2025-10-20T08:30:01Z,1
E1_increase,GbPiP0mv8kM,Ugwrg0h2ErWK0xZqR694AaABAg,2025-10-03T03:58:08Z,0
E1_increase,GbPiP0mv8kM,Ugy1PGla9bz52QBX7UZ4AaABAg,2025-10-03T22:12:03Z,0
E1_increase,GbPiP0mv8kM,Ugz7J1e2-baH5IM6oUB4AaABAg,2025-10-04T20:17:25Z,0
E1_increase,GbPiP0mv8kM,Ugymp6ua97R9oVsAkLJ4AaABAg,2025-10-05T08:45:58Z,0
E1_increase,GbPiP0mv8kM,UgxQSXAwCJw5RcYyOQR4AaABAg,2026-07-25T17:58:09Z,1
E1_increase,GbPiP0mv8kM,UgxD5Gcy1Bj6MQp8A2J4AaABAg,2025-10-05T16:54:38Z,0
E1_increase,GbPiP0mv8kM,UgyAuUTSkoA4Kes3nGp4AaABAg,2025-12-31T08:05:02Z,0
E1_increase,GbPiP0mv8kM,UgyQf6O46p2lkzWCDMN4AaABAg,2025-10-22T16:09:15Z,0
E1_increase,GbPiP0mv8kM,UgxNek0bBAWz4Es-Yil4AaABAg,2025-10-04T08:27:07Z,0
E1_increase,GbPiP0mv8kM,UgwQXVl0KD1XiFo43Td4AaABAg,2025-10-03T04:19:56Z,0
E1_increase,GbPiP0mv8kM,Ugze5OwDhUlCPBnqwD94AaABAg,2025-10-04T15:49:22Z,0
E1_increase,GbPiP0mv8kM,Ugye6yio-5dPumXVLTN4AaABAg,2025-10-22T15:24:27Z,0
E1_increase,GbPiP0mv8kM,Ugzvj50KSwTOMUCZdYN4AaABAg,2025-10-04T22:10:49Z,0
E1_increase,GbPiP0mv8kM,UgyOoWhrH16avKFEtyV4AaABAg,2025-10-04T14:18:36Z,0
E1_increase,GbPiP0mv8kM,UgwbH0dNAxNo1dzddll4AaABAg,2025-10-03T02:01:53Z,0
E1_increase,GbPiP0mv8kM,Ugy9-gbkI2hikW6RWiZ4AaABAg,2025-10-05T05:49:46Z,0
E1_increase,GbPiP0mv8kM,Ugw1eqcbpgvLP66f27V4AaABAg,2025-11-11T17:29:58Z,0
E1_increase,GbPiP0mv8kM,Ugy_Yg7amxnx1ycemwZ4AaABAg,2025-10-03T17:34:02Z,0
E1_increase,GbPiP0mv8kM,UgwaqQUKy4g9x9nq1t14AaABAg,2025-10-05T11:54:09Z,1
E1_increase,GbPiP0mv8kM,UgwYJQeqWlwlan_Jbsd4AaABAg,2025-10-22T03:49:36Z,0
E1_increase,GbPiP0mv8kM,Ugy4Y0xz7NY3bYdnsA94AaABAg,2025-10-25T16:35:58Z,0
E1_increase,GbPiP0mv8kM,Ugw-7UjhMV73Ba9VhRB4AaABAg,2025-10-03T01:10:15Z,2
E1_increase,GbPiP0mv8kM,Ugzqh-uNdtPdTIC2EcJ4AaABAg,2025-10-08T05:20:07Z,0
E1_increase,GbPiP0mv8kM,UgzSzth5Z_H-jlUJoip4AaABAg,2026-01-22T13:38:23Z,0
E1_increase,GbPiP0mv8kM,UgxTDwpazkgvmMH4EUN4AaABAg,2025-10-05T13:17:50Z,1
E1_increase,GbPiP0mv8kM,Ugz780dSjfaOvXmoXq54AaABAg,2025-10-04T04:23:32Z,1
E1_increase,GbPiP0mv8kM,Ugzln1JsTTtVx0AbcDV4AaABAg,2025-10-08T11:14:38Z,0
E1_increase,GbPiP0mv8kM,Ugzzp_7ElXRQWlhLN394AaABAg,2025-10-04T18:57:26Z,0
E1_increase,GbPiP0mv8kM,UgwubfgbodOV-NfTgdF4AaABAg,2025-10-03T04:37:53Z,1
E1_increase,GbPiP0mv8kM,UgzzscBwNARXa0Np4a94AaABAg,2025-12-14T16:03:19Z,0
E1_increase,GbPiP0mv8kM,Ugy7kVG4yEc5o-mnIDJ4AaABAg,2025-10-04T14:47:51Z,3
E1_increase,GbPiP0mv8kM,UgxLppkBCiOz5G13bpl4AaABAg,2025-10-05T01:44:13Z,0
E1_increase,GbPiP0mv8kM,UgzTPsLgIqJQUOA04U14AaABAg,2025-10-04T07:06:51Z,0
E1_increase,GbPiP0mv8kM,UgyK8gBf9H26XHyBOYh4AaABAg,2025-10-04T15:12:48Z,0
E1_increase,GbPiP0mv8kM,Ugx2C6IsHSUJapJwY6Z4AaABAg,2025-10-05T00:34:54Z,0
E1_increase,GbPiP0mv8kM,UgxR6iiQnKdCUpt2Dv14AaABAg,2025-10-05T05:18:50Z,0
E1_increase,GbPiP0mv8kM,Ugx1Vm_t4vQ5IRXMG0R4AaABAg,2025-10-05T00:01:49Z,0
E1_increase,GbPiP0mv8kM,Ugxf7IjxSig8O0lEq8t4AaABAg,2025-10-04T20:59:47Z,0
E1_increase,GbPiP0mv8kM,UgyOQQlMDK2z2aw9C3N4AaABAg,2025-10-03T12:48:38Z,1
E1_increase,GbPiP0mv8kM,UgwmwtIeGJoOhIgoqSt4AaABAg,2025-10-05T02:15:39Z,1
E1_increase,GbPiP0mv8kM,Ugw8pOmd52XbG1MKBoh4AaABAg,2026-05-15T18:15:12Z,0
E1_increase,GbPiP0mv8kM,UgxXE1TfBPJmRZvASxV4AaABAg,2025-10-03T09:48:46Z,0
E1_increase,GbPiP0mv8kM,UgygMVatTsu5VfZCNDJ4AaABAg,2025-10-03T01:24:03Z,0
E1_increase,GbPiP0mv8kM,Ugyjb88nd3nN4IeLQH94AaABAg,2025-10-03T03:07:00Z,0
E1_increase,GbPiP0mv8kM,Ugw5IoRLR03kxdlSReN4AaABAg,2025-10-23T22:25:11Z,0
E1_increase,GbPiP0mv8kM,UgxgU_UhkgKdrBWDPhx4AaABAg,2025-10-03T05:48:41Z,2
E1_increase,GbPiP0mv8kM,UgxJwYZODxWQginMUYB4AaABAg,2025-10-03T12:55:06Z,26
E1_increase,GbPiP0mv8kM,UgymlMcS4ckLINGK62l4AaABAg,2025-10-03T15:35:15Z,0
E1_increase,GbPiP0mv8kM,UgxLnEH0tCOAVtJ_ARl4AaABAg,2025-10-03T02:20:22Z,1
E1_increase,GbPiP0mv8kM,UgyLoP3i60g2UP2CQwJ4AaABAg,2025-10-03T17:56:03Z,0
E1_increase,GbPiP0mv8kM,Ugwp3r6VatHWHzTtKep4AaABAg,2025-10-03T20:48:56Z,0
E1_increase,GbPiP0mv8kM,UgwBg5hvk520Zka2Kx94AaABAg,2025-10-03T03:35:20Z,0
E1_increase,GbPiP0mv8kM,UgxS-Z4vM6LyfzP4kzp4AaABAg,2025-10-05T03:14:00Z,0
E1_increase,GbPiP0mv8kM,UgxU1icInUkOCXPbOcx4AaABAg,2025-10-03T13:36:16Z,0
E1_increase,GbPiP0mv8kM,UgzQ23M3r_fCqgznKrh4AaABAg,2025-10-07T08:22:03Z,0
E1_increase,GbPiP0mv8kM,UgyffSXtDKYS-hTSZql4AaABAg,2025-10-04T16:18:53Z,0
E1_increase,GbPiP0mv8kM,UgxRkLlSsDy3gf-dNlF4AaABAg,2025-10-04T20:25:56Z,0
E1_increase,GbPiP0mv8kM,UgxUxKkpXRKjiD19HMd4AaABAg,2025-10-03T02:25:03Z,6
E1_increase,GbPiP0mv8kM,UgylurUkvzPqAz0E7ah4AaABAg,2025-10-21T01:09:25Z,0
E1_increase,GbPiP0mv8kM,UgwSupoQhZwioBcO7HZ4AaABAg,2025-12-08T16:40:01Z,0
E1_increase,GbPiP0mv8kM,Ugxxaoqm5Ytzb6k_DVl4AaABAg,2025-10-03T03:59:03Z,3
E1_increase,GbPiP0mv8kM,UgzdquoAKcKZOam6WRp4AaABAg,2025-10-03T05:00:31Z,2
E1_increase,GbPiP0mv8kM,UgzaubOggqvJEsH50vx4AaABAg,2025-10-07T20:27:07Z,1
E1_increase,GbPiP0mv8kM,Ugwe_YEkwVunm0W9jYx4AaABAg,2025-10-03T10:14:47Z,0
E1_increase,GbPiP0mv8kM,Ugz3Km-EtfPwWpX0vMt4AaABAg,2025-10-07T09:22:20Z,0
E1_increase,GbPiP0mv8kM,UgwC7CtdKR3clCNdfIB4AaABAg,2026-06-05T02:45:25Z,0
E1_increase,GbPiP0mv8kM,UgwJorPDmBlaZNQqbCh4AaABAg,2025-10-04T13:45:56Z,0
E1_increase,GbPiP0mv8kM,Ugx9_moWCmxxLBtasUJ4AaABAg,2025-10-06T07:17:11Z,0
E1_increase,GbPiP0mv8kM,UgxmF7YaP5L6pPhN51t4AaABAg,2025-10-08T10:59:44Z,0
E1_increase,GbPiP0mv8kM,UgxBxiMy1dIWnNaAKS54AaABAg,2025-10-04T18:19:04Z,0
E1_increase,GbPiP0mv8kM,UgwRYQjXX3rRQwQAbTZ4AaABAg,2025-10-03T15:24:30Z,0
E1_increase,GbPiP0mv8kM,Ugz15HJ8pcexgTIlUdN4AaABAg,2025-10-03T20:05:11Z,0
E1_increase,GbPiP0mv8kM,Ugyzqs-MwKRbkzP0Jrx4AaABAg,2025-10-04T01:45:03Z,0
E1_increase,GbPiP0mv8kM,UgxNQ5WTHSk-Pflu54Z4AaABAg,2025-10-03T08:12:36Z,0
E1_increase,GbPiP0mv8kM,UgxVibSbmOJ3VVL11fJ4AaABAg,2025-10-04T03:13:54Z,1
E1_increase,GbPiP0mv8kM,UgwAZDkdAz9x5E7N4dF4AaABAg,2025-10-03T08:34:23Z,1
E1_increase,GbPiP0mv8kM,UgyQgrywisfXyloWP7F4AaABAg,2026-03-23T18:27:24Z,1
E1_increase,GbPiP0mv8kM,Ugw9aJ0Y249M4avpXaR4AaABAg,2025-10-04T20:49:47Z,0
E1_increase,GbPiP0mv8kM,UgyNd9TW4fDpaL2uFcZ4AaABAg,2025-10-04T03:18:25Z,0
E1_increase,GbPiP0mv8kM,UgxjYPJ5e9ou8h_8zOt4AaABAg,2025-10-05T05:44:37Z,0
E1_increase,GbPiP0mv8kM,UgyAdsqivFgPMDwnjgd4AaABAg,2025-10-03T16:24:25Z,0
E1_increase,GbPiP0mv8kM,UgyJbjZA31K4oZxvbvZ4AaABAg,2025-10-09T03:10:30Z,0
E1_increase,GbPiP0mv8kM,Ugy2kecgBf8U-K9lp494AaABAg,2025-10-06T21:59:59Z,0
E1_increase,GbPiP0mv8kM,UgzurCwixz9_OiK3trl4AaABAg,2025-10-04T13:58:00Z,0
E1_increase,GbPiP0mv8kM,UgznHJBf_IgYPCIDRlR4AaABAg,2025-10-05T00:44:47Z,0
E1_increase,GbPiP0mv8kM,UgxNK6CkRsG4LJs_CVR4AaABAg,2025-10-03T02:41:16Z,0
E1_increase,GbPiP0mv8kM,Ugw_SG3L-fN3Q-0-BzN4AaABAg,2025-10-04T13:38:37Z,0
E1_increase,GbPiP0mv8kM,UgwxyI6QhsYMmhr66f94AaABAg,2025-10-03T16:40:04Z,0
E1_increase,GbPiP0mv8kM,UgwsRYLh5AqcVqOfJOp4AaABAg,2025-10-06T22:40:12Z,0
E1_increase,GbPiP0mv8kM,UgyhbpKpdmEUvPvU7p14AaABAg,2025-10-03T09:04:07Z,0
E1_increase,GbPiP0mv8kM,UgznX9zE7z-ZfSio5_x4AaABAg,2025-10-06T15:11:37Z,0
E1_increase,GbPiP0mv8kM,UgyuQ6Ngn9yZobRmapd4AaABAg,2025-10-24T16:54:16Z,1
E1_increase,GbPiP0mv8kM,UgwRIU9KXkrxqT56kUR4AaABAg,2025-10-03T02:23:00Z,0
E1_increase,GbPiP0mv8kM,UgyATnWuZll8lSaJeHl4AaABAg,2025-10-03T02:07:57Z,0
E1_increase,GbPiP0mv8kM,Ugxnuu3QN5yirjieVT14AaABAg,2025-10-11T11:36:46Z,0
E1_increase,GbPiP0mv8kM,Ugxk3sRN4ascOGV-Ptp4AaABAg,2025-10-20T11:28:25Z,0
E1_increase,GbPiP0mv8kM,UgxvZDOfrVIJ1q4jk9V4AaABAg,2026-05-15T05:02:08Z,0
E1_increase,GbPiP0mv8kM,UgxvmkbItGsDZYMqDx54AaABAg,2025-10-15T06:36:07Z,0
E1_increase,GbPiP0mv8kM,UgzW2nkc1kwNFwNFYzl4AaABAg,2025-10-09T05:45:39Z,0
E1_increase,GbPiP0mv8kM,Ugy_MMiDS3zXtRK8hAF4AaABAg,2025-10-05T04:47:26Z,0
E1_increase,GbPiP0mv8kM,UgwN9vs-Va7FQc1udxp4AaABAg,2025-10-04T20:01:06Z,0
E1_increase,GbPiP0mv8kM,UgzysKQgwTruOaX6DAl4AaABAg,2025-10-07T18:44:09Z,0
E1_increase,GbPiP0mv8kM,UgyQNTm0i9oNtpj3gEF4AaABAg,2025-10-03T18:43:11Z,0
E1_increase,GbPiP0mv8kM,UgwokBK_tIEUkBR1LjZ4AaABAg,2025-10-05T06:19:07Z,0
E1_increase,GbPiP0mv8kM,UgzYE69Q3-Clp1JD2OZ4AaABAg,2026-07-05T21:26:37Z,0
E1_increase,GbPiP0mv8kM,UgzJc9nidsApYJCIDzB4AaABAg,2025-10-07T08:14:20Z,4
E1_increase,GbPiP0mv8kM,UgxF3273sjsKI9_mS_d4AaABAg,2025-10-04T18:05:15Z,0
E1_increase,GbPiP0mv8kM,Ugz2cAOK_DOfe5ps4uB4AaABAg,2025-10-04T01:26:52Z,0
E1_increase,GbPiP0mv8kM,Ugy7eDcYDr55OdeahMp4AaABAg,2025-10-03T20:21:55Z,0
E1_increase,GbPiP0mv8kM,Ugw1-eA1hS68KJnlJqF4AaABAg,2025-10-04T18:24:51Z,0
E1_increase,GbPiP0mv8kM,Ugx6wehFNgVat3O5QgV4AaABAg,2026-06-15T10:10:30Z,2
E1_increase,GbPiP0mv8kM,Ugy2gxH7qEw-eg13-g14AaABAg,2025-10-03T08:36:38Z,0
E1_increase,GbPiP0mv8kM,UgzXcDE0RKhBC938g4t4AaABAg,2025-10-03T03:40:35Z,1
E1_increase,GbPiP0mv8kM,UgzL1h0TTyESjTnBs7l4AaABAg,2025-10-07T00:25:06Z,0
E1_increase,GbPiP0mv8kM,UgzjlTgv14W8aH-4g6l4AaABAg,2026-06-27T14:26:22Z,0
E1_increase,GbPiP0mv8kM,UgxMfLwizClrM4ev6yh4AaABAg,2025-10-04T13:18:12Z,0
E1_increase,GbPiP0mv8kM,Ugz3Z6iMeY3vb1lICLt4AaABAg,2025-10-07T12:56:42Z,0
E1_increase,GbPiP0mv8kM,Ugy8QPoRsnTLlUeE1VV4AaABAg,2026-06-04T19:15:22Z,0
E1_increase,GbPiP0mv8kM,UgxTUXB-zGO4lXYBu5l4AaABAg,2025-10-03T01:16:30Z,0
E1_increase,GbPiP0mv8kM,UgyTWsv0W61YauBls0N4AaABAg,2026-06-14T12:11:41Z,0
E1_increase,GbPiP0mv8kM,Ugzl7qup2JLiAdnBi1F4AaABAg,2025-10-03T06:00:09Z,0
E1_increase,GbPiP0mv8kM,UgzLjcmtr_4-kEX-J0p4AaABAg,2025-10-04T15:40:07Z,0
E1_increase,GbPiP0mv8kM,UgwS7vdfaXqEZ-SJcv54AaABAg,2025-10-05T01:30:44Z,0
E1_increase,GbPiP0mv8kM,UgwylVxRvm5lnMwnAVN4AaABAg,2025-10-08T12:16:56Z,0
E1_increase,GbPiP0mv8kM,UgwYNJfXZKav2Ya_XC94AaABAg,2025-10-04T17:15:27Z,0
E1_increase,GbPiP0mv8kM,Ugwi_Kj5qCun2SIoTs14AaABAg,2025-10-03T01:50:49Z,0
E1_increase,GbPiP0mv8kM,UgyKHfk9qlbq_B3AZyR4AaABAg,2025-10-07T15:41:16Z,0
E1_increase,GbPiP0mv8kM,UgyljHFWX4N8w0gtiJZ4AaABAg,2025-10-04T03:57:50Z,0
E1_increase,GbPiP0mv8kM,UgwiMz0jYSHXWZ1XXm14AaABAg,2025-10-04T20:05:48Z,0
E1_increase,GbPiP0mv8kM,UgyEHWbTZ76XqCoBkPp4AaABAg,2025-10-07T19:28:05Z,0
E1_increase,GbPiP0mv8kM,UgwiAvY9XrrGJ_WOqw14AaABAg,2025-10-04T20:44:56Z,0
E1_increase,GbPiP0mv8kM,UgwKwXQe1bd_1OMdu5F4AaABAg,2026-08-01T18:45:53Z,0
E1_increase,GbPiP0mv8kM,UgyH2lJkdCup9ZDS3S14AaABAg,2025-10-04T17:10:33Z,0
E1_increase,GbPiP0mv8kM,UgwFTmJKYNQQ1VBLbsp4AaABAg,2025-10-07T11:01:25Z,0
E1_increase,GbPiP0mv8kM,Ugx5TelAcJ9SQ5Mmmz94AaABAg,2025-10-07T16:28:25Z,0
E1_increase,GbPiP0mv8kM,UgzuqdGUTS7JxOy8LeR4AaABAg,2025-10-03T01:59:04Z,0
E1_increase,GbPiP0mv8kM,Ugw5jJvoGVe1sWn_eW54AaABAg,2025-11-20T03:38:11Z,0
E1_increase,GbPiP0mv8kM,Ugyn5PJ1OI4s9WECvaF4AaABAg,2025-11-05T16:51:30Z,0
E1_increase,GbPiP0mv8kM,Ugyb6Dk6n9Os0b9dwbV4AaABAg,2025-10-03T06:17:31Z,0
E1_increase,GbPiP0mv8kM,UgwhZ8Oi9nAXNbLtGtV4AaABAg,2025-10-04T14:23:50Z,0
E1_increase,GbPiP0mv8kM,UgwCvg6M0wMUBVt8TRp4AaABAg,2025-10-08T09:45:17Z,0
E1_increase,GbPiP0mv8kM,Ugx6XC2IQSnKlSyLSUh4AaABAg,2025-10-08T14:28:22Z,0
E1_increase,GbPiP0mv8kM,UgzqIRvgvioP-z-32cp4AaABAg,2025-10-03T20:27:08Z,0
E1_increase,GbPiP0mv8kM,UgzDrpEcGrpjbS3cqSJ4AaABAg,2026-06-09T21:51:03Z,0
E1_increase,GbPiP0mv8kM,UgygQMJ6MdAwNKE4Jbh4AaABAg,2025-10-05T12:57:36Z,0
E1_increase,GbPiP0mv8kM,UgwxouK8JDasdXS00Dh4AaABAg,2025-10-08T06:12:57Z,0
E1_increase,GbPiP0mv8kM,UgwvK_F0mxdAUkmdoU94AaABAg,2025-11-01T03:50:03Z,0
E1_increase,GbPiP0mv8kM,UgzGQLvhRZzXbMNfNGJ4AaABAg,2025-10-07T20:30:09Z,0
E1_increase,GbPiP0mv8kM,Ugxe0sq6j3GqKA5x9694AaABAg,2025-10-04T12:07:26Z,0
E1_increase,GbPiP0mv8kM,UgxmOhDvaibfrnQVkXZ4AaABAg,2025-10-07T01:59:48Z,0
E1_increase,GbPiP0mv8kM,Ugwj_i0tT7Oo7iH32zx4AaABAg,2025-10-05T00:56:30Z,0
E1_increase,GbPiP0mv8kM,Ugzmwcjm5xzn6b0umEB4AaABAg,2025-10-05T00:15:04Z,0
E1_increase,GbPiP0mv8kM,Ugwz-qjtSyF3vkzu0_h4AaABAg,2025-10-05T17:06:20Z,0
E1_increase,GbPiP0mv8kM,UgxnBakyEgQoqxKJfNl4AaABAg,2025-10-07T07:49:26Z,0
E1_increase,GbPiP0mv8kM,Ugz2b-ou9SA-JjmJTl54AaABAg,2025-10-06T07:36:45Z,0
E1_increase,GbPiP0mv8kM,UgyHfss84zJRJolnPxZ4AaABAg,2025-10-06T21:27:00Z,0
E1_increase,GbPiP0mv8kM,UgzASch-y6iZ4ExNz714AaABAg,2025-10-04T21:16:33Z,0
E1_increase,GbPiP0mv8kM,UgzHGkv1M3EP9xWiX5x4AaABAg,2025-10-03T17:39:04Z,0
E1_increase,GbPiP0mv8kM,UgxuNcVv2gAC5YAs3T14AaABAg,2026-06-13T18:07:18Z,0
E1_increase,GbPiP0mv8kM,UgyrtT-kTu-p08CrQhR4AaABAg,2025-10-03T11:00:46Z,0
E1_increase,GbPiP0mv8kM,UgxP9j_p1einNwvVbPl4AaABAg,2025-10-03T02:14:40Z,0
E1_increase,GbPiP0mv8kM,Ugw7vFRWe5BE-Wt7fTh4AaABAg,2025-10-04T18:11:19Z,0
E1_increase,GbPiP0mv8kM,UgzQYSzHq4kJiAjjhIh4AaABAg,2025-10-03T17:05:26Z,0
E1_increase,GbPiP0mv8kM,UgzdenPwVhWb_vkjMFd4AaABAg,2025-10-03T02:47:57Z,0
E1_increase,GbPiP0mv8kM,Ugx23_ZZy7Sq31Nm3bR4AaABAg,2025-10-07T10:47:23Z,0
E1_increase,GbPiP0mv8kM,UgxnrP_-6HOagOFdEAt4AaABAg,2025-10-05T19:26:34Z,0
E1_increase,GbPiP0mv8kM,UgySQi9-ZBwELRq0QQ14AaABAg,2025-10-04T16:58:01Z,0
E1_increase,GbPiP0mv8kM,Ugy_VA9qzBigMm3OSQR4AaABAg,2025-10-04T15:34:44Z,0
E1_increase,GbPiP0mv8kM,UgyekaY9acyOTV_JFdx4AaABAg,2025-10-04T01:01:23Z,0
E1_increase,GbPiP0mv8kM,UgzQV7NmvKaMERuiC-54AaABAg,2025-10-04T14:41:12Z,1
E1_increase,GbPiP0mv8kM,UgwSv0hSRIuP_1B8GZ94AaABAg,2025-10-03T14:00:06Z,0
E1_increase,GbPiP0mv8kM,UgzQl6OXi07x-IMlI5l4AaABAg,2025-10-05T19:16:00Z,0
E1_increase,GbPiP0mv8kM,UgzAnQITMjWnBxc4p214AaABAg,2025-10-06T17:58:42Z,0
E1_increase,GbPiP0mv8kM,UgxHi_qwvPpCkgwdJeh4AaABAg,2025-10-03T04:58:11Z,0
E1_increase,GbPiP0mv8kM,UgxOERmDlQnsWV3rpBF4AaABAg,2025-10-04T03:16:17Z,0
E1_increase,GbPiP0mv8kM,Ugw4gTxZzR9rnebncMJ4AaABAg,2025-10-03T19:36:51Z,0
E1_increase,GbPiP0mv8kM,UgxRXHG9Mu2f3XPq6rB4AaABAg,2025-10-07T19:31:12Z,0
E1_increase,GbPiP0mv8kM,UgyPgGDaw4k030hzOkp4AaABAg,2025-10-03T17:01:17Z,0
E1_increase,GbPiP0mv8kM,UgwlkY1CE44oHj0gj6R4AaABAg,2025-10-03T16:14:18Z,0
E1_increase,GbPiP0mv8kM,UgzbZ2yP8Exb1WHHlI14AaABAg,2025-10-04T00:04:43Z,0
E1_increase,GbPiP0mv8kM,UgyysTk2EC-bg-E4zt94AaABAg,2025-10-05T14:50:07Z,0
E1_increase,GbPiP0mv8kM,Ugxn3OMBECNBS_gtQEN4AaABAg,2025-10-03T06:35:05Z,3
E1_increase,GbPiP0mv8kM,Ugy2PWLZ2uiJCYcGh0B4AaABAg,2025-10-03T18:57:11Z,1
E1_increase,GbPiP0mv8kM,Ugy3zt8ciU1vDkuOwv14AaABAg,2026-08-14T06:18:31Z,0
E1_increase,GbPiP0mv8kM,UgztQbUsR2BdFsShYux4AaABAg,2025-10-04T23:12:15Z,0
E1_increase,GbPiP0mv8kM,UgxotzLjFHNHom3sbMZ4AaABAg,2025-10-04T05:07:10Z,0
E1_increase,GbPiP0mv8kM,UgxYafnl2IH4EiBtRbt4AaABAg,2026-07-23T04:36:55Z,0
E1_increase,GbPiP0mv8kM,UgzP55qNTr3NhGXrm8R4AaABAg,2025-10-05T20:03:55Z,0
E1_increase,GbPiP0mv8kM,Ugx7iPIEPgHuGe0gebd4AaABAg,2025-10-03T18:20:57Z,0
E1_increase,GbPiP0mv8kM,UgwSiAN0lOU5RxEr2Pd4AaABAg,2025-10-05T20:32:06Z,0
E1_increase,GbPiP0mv8kM,UgxgieF3EpzdurCDAN54AaABAg,2025-10-03T19:06:51Z,0
E1_increase,GbPiP0mv8kM,UgzfOCI7sB8Ks-2-h254AaABAg,2025-10-04T13:41:30Z,0
E1_increase,GbPiP0mv8kM,Ugzf1dg-Ip99_zCN_OR4AaABAg,2025-10-04T16:24:44Z,0
E1_increase,GbPiP0mv8kM,UgyQa6Ulfs6tPkQZmX14AaABAg,2025-10-03T08:37:31Z,0
E1_increase,GbPiP0mv8kM,UgzJwqj1tjn6B1EYRjh4AaABAg,2025-10-03T14:52:49Z,0
E1_increase,GbPiP0mv8kM,UgwESIsra4MJHbRDXjJ4AaABAg,2025-11-27T10:12:18Z,0
E1_increase,GbPiP0mv8kM,UgwTrwzaxGKMQBYlgGh4AaABAg,2025-10-05T00:50:46Z,0
E1_increase,GbPiP0mv8kM,UgyUVtM_3kQX_iYIMsl4AaABAg,2025-10-06T22:53:41Z,0
E1_increase,GbPiP0mv8kM,Ugzpo5PQC0Qg4BBiOOt4AaABAg,2026-04-14T22:35:45Z,0
E1_increase,GbPiP0mv8kM,UgxixYS3Mb65_f1NT_14AaABAg,2025-10-05T01:29:07Z,0
E1_increase,GbPiP0mv8kM,UgxU429TymMA4ilg6D14AaABAg,2025-10-07T13:20:07Z,0
E1_increase,GbPiP0mv8kM,Ugzx5_QiIFDZtndUybl4AaABAg,2025-10-03T13:40:49Z,0
E1_increase,GbPiP0mv8kM,Ugzj7-itKz3H8tUyq_14AaABAg,2025-10-05T03:59:23Z,0
E1_increase,GbPiP0mv8kM,UgwdRNm37QRKH83u5vh4AaABAg,2025-10-06T13:40:47Z,0
E1_increase,GbPiP0mv8kM,UgwcYvpIKErdujmf6bB4AaABAg,2025-10-04T22:04:09Z,0
E1_increase,GbPiP0mv8kM,UgyMRDya4YoQpOaDQoB4AaABAg,2025-11-11T01:30:25Z,0
E1_increase,GbPiP0mv8kM,Ugzl2DHoTOAAC4Mcx1Z4AaABAg,2025-10-03T14:00:47Z,0
E1_increase,GbPiP0mv8kM,Ugz2YWTkz0F6YwqE7wt4AaABAg,2025-10-03T01:14:48Z,0
E1_increase,GbPiP0mv8kM,Ugy05JV7SY3ZmR-ZlKB4AaABAg,2025-10-03T17:09:14Z,0
E1_increase,GbPiP0mv8kM,UgwtW1NcQIUPkFzXtLh4AaABAg,2025-10-04T17:26:15Z,0
E1_increase,GbPiP0mv8kM,Ugy5GF7M7gxBzvwO4uZ4AaABAg,2025-10-04T15:41:46Z,0
E1_increase,GbPiP0mv8kM,UgzDzqCk45bxViNoahB4AaABAg,2025-10-16T09:34:23Z,0
E1_increase,GbPiP0mv8kM,UgxIG8Epx47_4yL9xZR4AaABAg,2026-03-16T18:40:39Z,0
E1_increase,GbPiP0mv8kM,UgxVhus1HoHTP_gD4UV4AaABAg,2025-10-03T01:01:34Z,3
E1_increase,GbPiP0mv8kM,UgwqAiFROanBNnyPo3x4AaABAg,2025-10-05T20:09:16Z,1
E1_increase,GbPiP0mv8kM,UgwcTrrwMK3MkiY2umR4AaABAg,2025-10-03T19:02:34Z,0
E1_increase,GbPiP0mv8kM,Ugx-qOtABzATcW6dG2B4AaABAg,2025-10-04T05:05:06Z,0
E1_increase,GbPiP0mv8kM,UgwEkeXu9G1lOClBIk54AaABAg,2025-10-09T03:22:14Z,0
E1_increase,GbPiP0mv8kM,UgyUNhkgt9A0XWdniVp4AaABAg,2025-10-04T15:01:05Z,0
E1_increase,GbPiP0mv8kM,UgzFMl4gX0DGLg95Nbp4AaABAg,2025-10-08T07:53:49Z,0
E1_increase,GbPiP0mv8kM,UgxtYrXLI0KtUPwKdth4AaABAg,2026-05-04T17:09:12Z,0
E1_increase,GbPiP0mv8kM,UgwyS2yNFF4xijsa_2x4AaABAg,2025-10-05T17:00:13Z,0
E1_increase,GbPiP0mv8kM,UgwEfHmXGZi69MgsRSt4AaABAg,2025-10-05T20:56:44Z,0
E1_increase,GbPiP0mv8kM,Ugyj1axB8OUfcvZ2jUN4AaABAg,2025-10-03T08:22:55Z,1
E1_increase,GbPiP0mv8kM,UgyXqsSN_lqcmdfbAx14AaABAg,2025-10-05T11:44:34Z,0
E1_increase,GbPiP0mv8kM,UgztOhbtlfy6iEbBjL14AaABAg,2025-10-05T04:31:21Z,0
E1_increase,GbPiP0mv8kM,Ugz0JmZOyO6jZmgv7MJ4AaABAg,2026-09-16T00:15:48Z,0
E1_increase,GbPiP0mv8kM,UgzxRtgX0-Snj8wOhTJ4AaABAg,2025-10-03T16:57:46Z,0
E1_increase,GbPiP0mv8kM,Ugw-N3ZTSj5h6theV954AaABAg,2025-10-03T14:06:14Z,0
E1_increase,GbPiP0mv8kM,Ugxuigjw6FygWnlC_Hp4AaABAg,2025-10-11T16:29:09Z,0
E1_increase,GbPiP0mv8kM,UgzWZeD53bsjSR8zqjF4AaABAg,2025-10-12T02:02:10Z,0
E1_increase,GbPiP0mv8kM,UgyJ7Xc41ulMMPyO8Sx4AaABAg,2025-10-03T01:44:04Z,1
E1_increase,GbPiP0mv8kM,Ugz3ezkfdeRAgGuO4Lp4AaABAg,2025-10-03T17:04:55Z,0
E1_increase,GbPiP0mv8kM,UgwBXhevrzHB-ZGi4CJ4AaABAg,2025-10-05T08:21:34Z,0
E1_increase,GbPiP0mv8kM,UgxXhQkFgq9kipELRp54AaABAg,2026-07-06T22:37:02Z,0
E1_increase,GbPiP0mv8kM,UgxxtkNJ_uw5p86-bK54AaABAg,2025-10-04T06:55:11Z,0
E1_increase,GbPiP0mv8kM,UgyOfnfNgOrRcTNMSft4AaABAg,2025-10-07T12:57:11Z,0
E1_increase,GbPiP0mv8kM,Ugz5N1aIgp_8pdgqlI14AaABAg,2025-10-05T05:21:21Z,0
E1_increase,GbPiP0mv8kM,UgxXRCbhEFpV6B4sN8x4AaABAg,2025-10-03T16:29:16Z,0
E1_increase,GbPiP0mv8kM,UgzH8yFsXrltyOrygcN4AaABAg,2025-10-03T09:03:27Z,0
E1_increase,GbPiP0mv8kM,UgxdFywufrbpWvedEfp4AaABAg,2025-10-05T00:16:50Z,0
E1_increase,GbPiP0mv8kM,UgyimZqoLoJabLvSy6l4AaABAg,2025-10-04T22:31:53Z,0
E1_increase,GbPiP0mv8kM,UgwWOz_CSWQr-6h4Ymd4AaABAg,2025-10-07T12:14:57Z,0
E1_increase,GbPiP0mv8kM,UgxXkmf4P7igLbup4xl4AaABAg,2025-10-05T17:24:41Z,0
E1_increase,GbPiP0mv8kM,UgzNFS6IrmZJDHbR09F4AaABAg,2025-10-03T17:18:04Z,0
E1_increase,GbPiP0mv8kM,Ugw3lm6525ssSnHITO14AaABAg,2025-10-03T20:17:42Z,0
E1_increase,GbPiP0mv8kM,UgwJC-vwGJ3tr1wOsm14AaABAg,2025-10-07T00:28:19Z,0
E1_increase,GbPiP0mv8kM,UgxGAb_AVVQiWqzWEid4AaABAg,2026-06-26T23:58:28Z,0
E1_increase,GbPiP0mv8kM,UgyAgmMvmDOzW12xZT94AaABAg,2025-10-17T07:15:36Z,0
E1_increase,GbPiP0mv8kM,Ugw6BkkZuJWD_zZQhzB4AaABAg,2026-03-02T16:35:35Z,0
E1_increase,GbPiP0mv8kM,Ugy1-JftxDNKr8TUgfd4AaABAg,2025-10-04T19:50:04Z,0
E1_increase,GbPiP0mv8kM,UgzjxWWdcW00W9A2_zh4AaABAg,2025-10-03T02:26:12Z,6
E1_increase,GbPiP0mv8kM,UgyhxXQzcHyUJCPWWbR4AaABAg,2025-10-04T23:54:23Z,0
E1_increase,GbPiP0mv8kM,Ugx6x2ChtYy6Qub4HHB4AaABAg,2025-10-03T18:07:08Z,0
E1_increase,GbPiP0mv8kM,UgwFIiaTc7nGJeQIv-B4AaABAg,2025-10-04T19:30:17Z,0
E1_increase,GbPiP0mv8kM,Ugy56ODpCNChPBlY8HZ4AaABAg,2025-10-06T23:41:39Z,0
E1_increase,GbPiP0mv8kM,Ugy211zR3vghnqogHr54AaABAg,2025-10-04T12:37:46Z,0
E1_increase,GbPiP0mv8kM,UgzVXemxluRa5EW8yup4AaABAg,2025-10-03T01:14:58Z,0
E1_increase,GbPiP0mv8kM,UgxRlxPrAaCR809OcCt4AaABAg,2025-10-03T08:10:20Z,0
E1_increase,GbPiP0mv8kM,UgwQgNnRAqdKEgl7RNd4AaABAg,2025-10-07T12:33:15Z,0
E1_increase,GbPiP0mv8kM,UgxW0Kf4SrBOkurEIap4AaABAg,2025-10-03T09:40:49Z,0
E1_increase,GbPiP0mv8kM,UgymNkngnnLGOM5Dz0J4AaABAg,2025-10-05T19:34:55Z,0
E1_increase,GbPiP0mv8kM,UgxbshP38Jj4A4PUjB94AaABAg,2025-10-07T03:54:05Z,0
E1_increase,GbPiP0mv8kM,UgxvqPjByY1Minx8QF14AaABAg,2025-10-04T16:32:40Z,1
E1_increase,GbPiP0mv8kM,UgzlOBsNvk5hMyPtYtp4AaABAg,2025-10-04T01:59:50Z,0
E1_increase,GbPiP0mv8kM,Ugx2bANc2HSMXbm8EHR4AaABAg,2026-05-30T05:15:52Z,0
E1_increase,GbPiP0mv8kM,Ugw662qYAEaFmf5FW494AaABAg,2025-10-03T15:22:51Z,0
E1_increase,GbPiP0mv8kM,UgwQtJHRfxl9jkE34xV4AaABAg,2026-09-08T10:17:17Z,0
E1_increase,GbPiP0mv8kM,UgzboIw-e40sA2JHIu94AaABAg,2025-10-04T18:23:01Z,0
E1_increase,GbPiP0mv8kM,UgxCrMq7NdNUZ6VSJSZ4AaABAg,2025-10-03T18:42:13Z,0
E1_increase,GbPiP0mv8kM,UgzBD5GsVrgyMTaASgl4AaABAg,2025-10-06T00:19:46Z,0
E1_increase,GbPiP0mv8kM,UgxtkNuRHOKHLqmcJT54AaABAg,2025-10-03T05:56:34Z,0
E1_increase,GbPiP0mv8kM,Ugx3UWKeB8HLW9Sv_rR4AaABAg,2025-10-03T21:28:16Z,0
E1_increase,GbPiP0mv8kM,UgyBLSAd5E-gZOGpls94AaABAg,2026-09-08T20:24:56Z,0
E1_increase,GbPiP0mv8kM,Ugz8jJwaqxzbsClSmuZ4AaABAg,2025-10-08T11:35:23Z,0
E1_increase,GbPiP0mv8kM,UgwVUTd-ZXfstlgkql94AaABAg,2025-10-05T11:42:28Z,0
E1_increase,GbPiP0mv8kM,UgzR_jM1V1ieI4aqseF4AaABAg,2025-10-06T19:31:50Z,0
E1_increase,GbPiP0mv8kM,UgxvH5ikFjOlE92zv8d4AaABAg,2025-10-08T21:48:37Z,0
E1_increase,GbPiP0mv8kM,UgzriPIdBt8GbFHTf754AaABAg,2025-10-10T00:19:13Z,0
E1_increase,GbPiP0mv8kM,UgzTm6Ne3eLrFgUU7eV4AaABAg,2025-10-04T05:34:36Z,0
E1_increase,GbPiP0mv8kM,UgzickaAToEqChb303p4AaABAg,2025-12-01T07:46:52Z,0
E1_increase,GbPiP0mv8kM,UgwrY_5GvzRvD-HOGlZ4AaABAg,2025-10-10T04:35:51Z,0
E1_increase,GbPiP0mv8kM,UgyTmCYQWMiU2q2KPN54AaABAg,2025-10-03T12:26:42Z,0
E1_increase,GbPiP0mv8kM,UgywOCgAkcKAJs3yrJR4AaABAg,2025-10-08T18:58:05Z,0
E1_increase,GbPiP0mv8kM,UgwN1NBx-ddW7Ie4nV14AaABAg,2025-10-06T17:16:50Z,0
E1_increase,GbPiP0mv8kM,UgyJdPQESLDmoz-vdit4AaABAg,2025-10-03T09:18:38Z,0
E1_increase,GbPiP0mv8kM,UgxNzpJo9-n2wqlauBF4AaABAg,2025-10-05T15:08:07Z,0
E1_increase,GbPiP0mv8kM,Ugx-ff5Ef6TqFWODngp4AaABAg,2026-06-18T20:35:16Z,0
E1_increase,GbPiP0mv8kM,UgyLsq-UlUaE6_Mm71p4AaABAg,2025-10-03T06:16:56Z,0
E1_increase,GbPiP0mv8kM,UgxG7koO5Ev5NidAhIZ4AaABAg,2025-10-05T12:38:06Z,0
E1_increase,GbPiP0mv8kM,Ugyu8WJwj_q-JupevTF4AaABAg,2025-10-04T16:27:13Z,0
E1_increase,GbPiP0mv8kM,UgyN3YsIxgHcNKi5Tjl4AaABAg,2025-10-09T02:36:22Z,0
E1_increase,GbPiP0mv8kM,Ugy1xLdLmA_rrs-csZh4AaABAg,2025-10-04T11:53:14Z,0
E1_increase,GbPiP0mv8kM,UgzTkr7pWvoaK5NUMOF4AaABAg,2025-10-09T03:50:58Z,0
E1_increase,GbPiP0mv8kM,UgzOTVa4g70C06sI6b54AaABAg,2025-10-03T04:37:26Z,0
E1_increase,GbPiP0mv8kM,UgxEgYzuyefmExjYGbt4AaABAg,2025-10-07T20:41:40Z,0
E1_increase,GbPiP0mv8kM,UgyldiK0oO2oJsY2QMV4AaABAg,2025-10-03T12:55:11Z,0
E1_increase,GbPiP0mv8kM,UgwS5cu9bZjWFIf7cCF4AaABAg,2025-10-08T05:45:13Z,0
E1_increase,GbPiP0mv8kM,UgzS17Kk2e9hJ65dvyF4AaABAg,2025-10-04T23:57:41Z,0
E1_increase,GbPiP0mv8kM,UgxF65pBZ1g2RZRnEBB4AaABAg,2025-10-06T01:50:21Z,0
E1_increase,GbPiP0mv8kM,UgzGX4q4yEQIpz68NN14AaABAg,2026-07-16T20:55:13Z,0
E1_increase,GbPiP0mv8kM,UgwHqj2evJ1KNIGplZt4AaABAg,2025-10-07T00:20:31Z,0
E1_increase,GbPiP0mv8kM,Ugx968UumCB7IXppqJt4AaABAg,2025-10-05T06:02:58Z,1
E1_increase,GbPiP0mv8kM,UgzpgzxUG-4yTdbZlgF4AaABAg,2026-09-13T18:31:40Z,0
E1_increase,GbPiP0mv8kM,Ugz7zMf0fuLFbar4SOh4AaABAg,2025-10-05T17:16:49Z,0
E1_increase,GbPiP0mv8kM,UgzsDI02GXIVHNVQfU14AaABAg,2025-10-05T00:24:17Z,0
E1_increase,GbPiP0mv8kM,UgxFv2utX75rKcLSPYx4AaABAg,2025-10-05T09:33:18Z,0
E1_increase,GbPiP0mv8kM,UgzCR4MbpgrrYRaZR_B4AaABAg,2025-10-03T18:19:31Z,0
E1_increase,GbPiP0mv8kM,UgzCiE5W1UMFIh2Lx6J4AaABAg,2026-01-04T00:51:27Z,0
E1_increase,GbPiP0mv8kM,Ugx3cTgzYrHbTO9YIGF4AaABAg,2026-07-02T02:16:24Z,0
E1_increase,GbPiP0mv8kM,UgxqTZopr1G3RcjjzWt4AaABAg,2025-10-05T16:31:31Z,0
E1_increase,GbPiP0mv8kM,Ugx_Jx-hiZdDGCBWOzN4AaABAg,2025-10-06T01:14:47Z,0
E1_increase,GbPiP0mv8kM,UgyT_KAetxfEoIOGFWF4AaABAg,2025-10-04T14:09:34Z,0
E1_increase,GbPiP0mv8kM,Ugy04nbGJm227vf79El4AaABAg,2025-10-04T05:58:16Z,5
E1_increase,GbPiP0mv8kM,UgwuAju_YHoOsy4VewF4AaABAg,2025-10-04T17:49:27Z,0
E1_increase,GbPiP0mv8kM,UgwFMHs8nvzMkTz32-14AaABAg,2025-10-07T18:38:40Z,0
E1_increase,GbPiP0mv8kM,Ugw2Fvc6nYkc76YJugh4AaABAg,2025-10-03T23:20:26Z,0
E1_increase,GbPiP0mv8kM,UgxeoJwBIx1sJ-aPtQ94AaABAg,2025-10-09T17:19:09Z,0
E1_increase,GbPiP0mv8kM,Ugwg47fU4iMO6w3jIdl4AaABAg,2025-10-11T17:45:14Z,0
E1_increase,GbPiP0mv8kM,Ugw3CRkV7AXzSeidgUB4AaABAg,2025-10-07T18:38:29Z,0
E1_increase,GbPiP0mv8kM,UgxQNw-ACL5OpEgzFs14AaABAg,2025-10-04T14:04:36Z,0
E1_increase,GbPiP0mv8kM,Ugxx2SRVt5D-gCNQDXJ4AaABAg,2025-10-05T05:19:32Z,1
E1_increase,GbPiP0mv8kM,UgxqFy9LkDWv_9QwCqd4AaABAg,2025-10-04T14:18:39Z,0
E1_increase,GbPiP0mv8kM,Ugz34bSkfBDv9hP0mzV4AaABAg,2025-10-07T14:31:04Z,0
E1_increase,GbPiP0mv8kM,Ugx3yia3dOLWeJIZMAN4AaABAg,2025-10-04T10:06:33Z,0
E1_increase,GbPiP0mv8kM,UgwOOKifnwg-xTcK3tZ4AaABAg,2025-10-23T16:02:46Z,0
E1_increase,GbPiP0mv8kM,Ugw4Qx5xChrbmHz3LJF4AaABAg,2026-08-01T21:25:15Z,0
E1_increase,GbPiP0mv8kM,Ugyqty-jkY19PKklQBh4AaABAg,2025-10-03T14:23:36Z,0
E1_increase,GbPiP0mv8kM,Ugx9sN2yvH752bWPGd14AaABAg,2025-10-04T08:52:10Z,2
E1_increase,GbPiP0mv8kM,Ugx-6xAT1v4zd6efeJx4AaABAg,2025-10-03T01:01:35Z,0
E1_increase,GbPiP0mv8kM,Ugz9wDHj3RmALR6ElWJ4AaABAg,2025-10-03T18:07:47Z,0
E1_increase,GbPiP0mv8kM,UgyR114BdKCQpqEEZLB4AaABAg,2025-10-07T02:49:08Z,0
E1_increase,GbPiP0mv8kM,Ugwy3VkoQIG6j-EyebB4AaABAg,2025-10-05T21:57:48Z,0
E1_increase,GbPiP0mv8kM,UgxUwAxV47oxntg57R54AaABAg,2025-10-03T20:44:53Z,0
E1_increase,GbPiP0mv8kM,Ugw4oULlNzzoZY_65GB4AaABAg,2025-10-03T23:40:53Z,0
E1_increase,GbPiP0mv8kM,UgwrB_pjuJVvtwBPLvp4AaABAg,2025-12-09T01:39:30Z,0
E1_increase,GbPiP0mv8kM,Ugx-FnpHWGpig9Q4eQ54AaABAg,2025-11-24T10:38:19Z,0
E1_increase,GbPiP0mv8kM,UgwvDpD4ZKJVcgyv3yZ4AaABAg,2025-10-04T17:37:31Z,0
E1_increase,GbPiP0mv8kM,UgxSNaqocc5fOW8Aen94AaABAg,2025-10-03T06:57:00Z,0
E1_increase,GbPiP0mv8kM,UgxvInJ_QXe2RVVtbk94AaABAg,2025-10-03T05:23:45Z,0
E1_increase,GbPiP0mv8kM,UgxhDKagTvJrSBmwNTZ4AaABAg,2025-10-08T12:25:56Z,0
E1_increase,GbPiP0mv8kM,UgxYQj_wzjjzLCwlMJB4AaABAg,2025-11-05T16:07:10Z,0
E1_increase,GbPiP0mv8kM,Ugy01TmyIhoaY1l_Qrt4AaABAg,2025-10-08T21:44:13Z,0
E1_increase,GbPiP0mv8kM,UgxJ7vP8RvRHmOUX9ft4AaABAg,2025-10-04T09:33:42Z,0
E1_increase,GbPiP0mv8kM,UgyMUYuaCRUvh0ypee14AaABAg,2025-10-03T03:12:13Z,0
E1_increase,GbPiP0mv8kM,UgxjBV24FXa4-zdeKAZ4AaABAg,2025-10-04T17:15:19Z,0
E1_increase,GbPiP0mv8kM,UgyZTE0R19cSIvR0k3x4AaABAg,2025-12-29T16:30:24Z,0
E1_increase,u6-2IzY8Dh8,Ugx8veqg_dNtntUz4t94AaABAg,2025-10-03T01:48:09Z,59917
E1_increase,u6-2IzY8Dh8,UgzrgUMg5P4eIPr9YE94AaABAg,2025-10-03T01:49:00Z,50405
E1_increase,u6-2IzY8Dh8,Ugyoz8nstvMy0eGBpkl4AaABAg,2025-10-03T12:22:50Z,7418
E1_increase,u6-2IzY8Dh8,Ugzk_l4r7Z_rVp3m8_94AaABAg,2025-10-06T15:06:06Z,656
E1_increase,u6-2IzY8Dh8,UgwSxW1qVNCSGUMOjxh4AaABAg,2025-10-03T05:19:10Z,7305
E1_increase,u6-2IzY8Dh8,UgySB9JK12SU6eNK7zN4AaABAg,2025-10-03T03:22:18Z,2394
E1_increase,u6-2IzY8Dh8,UgxUJE8Wb7rYgQ4A8WJ4AaABAg,2025-10-03T01:47:48Z,6176
E1_increase,u6-2IzY8Dh8,UgzFEqICyeByTqP6Uwx4AaABAg,2025-10-05T16:58:54Z,317
E1_increase,u6-2IzY8Dh8,UgzaGv-0bhoccHoPrZ14AaABAg,2025-10-03T05:33:10Z,7125
E1_increase,u6-2IzY8Dh8,Ugxa27J52H_iMR8fosJ4AaABAg,2025-10-03T02:32:01Z,8259
E1_increase,u6-2IzY8Dh8,UgyhB_e7ahwXuCY_L8t4AaABAg,2025-10-03T02:43:19Z,11366
E1_increase,u6-2IzY8Dh8,UgziTe8FJVgRSv_eh814AaABAg,2025-10-06T02:20:33Z,53
E1_increase,u6-2IzY8Dh8,UgzUTNhOgc7yGyRYDgJ4AaABAg,2025-10-03T02:03:15Z,1398
E1_increase,u6-2IzY8Dh8,UgyWDbNN0UKQj1d0SOp4AaABAg,2025-10-03T23:41:28Z,2914
E1_increase,u6-2IzY8Dh8,UgwQWzqSRYWLF6RHbFN4AaABAg,2025-10-04T11:26:08Z,2017
E1_increase,u6-2IzY8Dh8,Ugwy4Lw98kpDeV-6cUV4AaABAg,2025-10-15T14:50:37Z,10
E1_increase,u6-2IzY8Dh8,Ugy6Xi0XwbsH1ERimiF4AaABAg,2025-10-04T21:10:16Z,860
E1_increase,u6-2IzY8Dh8,UgzvoIqy4ENJd7h_wrh4AaABAg,2025-10-04T03:27:04Z,98
E1_increase,u6-2IzY8Dh8,Ugx1NaiKy5B75jAlaKF4AaABAg,2025-10-04T00:32:03Z,594
E1_increase,u6-2IzY8Dh8,UgwQmq5F_pG7bppexYd4AaABAg,2025-10-08T10:55:51Z,10
E1_increase,u6-2IzY8Dh8,Ugy1jybWoNyfRC49KNV4AaABAg,2025-10-03T01:47:52Z,816
E1_increase,u6-2IzY8Dh8,UgxLcwk53tFh3Ac1Qb14AaABAg,2025-10-03T06:03:40Z,904
E1_increase,u6-2IzY8Dh8,UgyZH2Rd3fkN1z-3EwR4AaABAg,2025-10-03T02:21:08Z,253
E1_increase,u6-2IzY8Dh8,UgwQd11lPbPHTofNTHN4AaABAg,2025-10-05T19:39:41Z,9
E1_increase,u6-2IzY8Dh8,UgzFdzp_49cH4nfSHNB4AaABAg,2025-10-03T02:33:01Z,921
E1_increase,u6-2IzY8Dh8,Ugywpo2gb87cuTpSs_h4AaABAg,2025-10-03T01:51:09Z,390
E1_increase,u6-2IzY8Dh8,Ugyyw2ndnOLaA-WT2UZ4AaABAg,2025-10-03T03:18:25Z,601
E1_increase,u6-2IzY8Dh8,Ugww48WKaBzoWOEZPGh4AaABAg,2025-10-08T16:38:43Z,5
E1_increase,u6-2IzY8Dh8,UgwJy5s1akZeO26mkGR4AaABAg,2025-10-03T23:19:01Z,54
E1_increase,u6-2IzY8Dh8,UgygEVp4gNNgc4Y0_Cl4AaABAg,2025-10-04T01:00:36Z,252
E1_increase,u6-2IzY8Dh8,UgzjgY_3rScewrh9CG94AaABAg,2025-10-03T17:08:04Z,520
E1_increase,u6-2IzY8Dh8,Ugzrgmjxk2dfu8B3Mrh4AaABAg,2025-10-05T19:24:36Z,4
E1_increase,u6-2IzY8Dh8,UgzU4sCB-WdUA9jrvVd4AaABAg,2025-10-03T01:49:10Z,724
E1_increase,u6-2IzY8Dh8,UgxoJUEb6i7HssN4fN94AaABAg,2025-10-03T07:10:43Z,187
E1_increase,u6-2IzY8Dh8,UgzAUjc9SNqGUiJ0Rcx4AaABAg,2025-10-03T21:30:12Z,390
E1_increase,u6-2IzY8Dh8,UgyH72lWu5sEK-eiMnJ4AaABAg,2026-05-07T09:43:21Z,2
E1_increase,u6-2IzY8Dh8,UgzZ_RM1LhDmTA2CxF54AaABAg,2025-10-03T02:03:25Z,35
E1_increase,u6-2IzY8Dh8,UgyGTXq5laK1Wy1EEK54AaABAg,2025-10-03T10:22:16Z,152
E1_increase,u6-2IzY8Dh8,Ugwo31ECQk0wUywKOt54AaABAg,2025-10-03T11:48:23Z,65
E1_increase,u6-2IzY8Dh8,UgxbSCFUs2ZyJEfE45x4AaABAg,2025-11-07T20:02:53Z,1
E1_increase,u6-2IzY8Dh8,UgzCUaDWsUwhpBa92cl4AaABAg,2025-10-03T01:54:38Z,64
E1_increase,u6-2IzY8Dh8,UgwDWWv9nOReYzhBnq14AaABAg,2025-10-04T11:37:23Z,52
E1_increase,u6-2IzY8Dh8,Ugx6BZp-nYW60n0JcjZ4AaABAg,2025-10-04T16:39:14Z,295
E1_increase,u6-2IzY8Dh8,UgzURMwculjWScaMz3p4AaABAg,2025-10-27T20:52:52Z,1
E1_increase,u6-2IzY8Dh8,UgzC9zXpQ2kckSQX0xx4AaABAg,2025-10-03T13:22:26Z,40
E1_increase,u6-2IzY8Dh8,UgzFUfOpx1dYsTH-SVd4AaABAg,2025-10-03T17:13:14Z,152
E1_increase,u6-2IzY8Dh8,UgzO3qSEk41vNGBQSvt4AaABAg,2025-10-03T01:50:58Z,28
E1_increase,u6-2IzY8Dh8,Ugz2eQ8tSimuQj8-L_x4AaABAg,2026-03-10T17:52:23Z,1
E1_increase,u6-2IzY8Dh8,UgyhhsGPtvRv4J1L0ct4AaABAg,2025-10-03T04:52:00Z,179
E1_increase,u6-2IzY8Dh8,Ugx_IgVfnuf5qX9Dvcd4AaABAg,2025-10-03T01:46:38Z,303
E1_increase,u6-2IzY8Dh8,UgyabE3M7kBeVuavevN4AaABAg,2025-10-03T03:20:32Z,22
E1_increase,u6-2IzY8Dh8,UgwSXlr5RtBLznENvEl4AaABAg,2025-10-29T10:26:51Z,1
E1_increase,u6-2IzY8Dh8,UgwrQRZCE8jKCnZIwvN4AaABAg,2025-10-03T01:47:04Z,116
E1_increase,u6-2IzY8Dh8,UgyTG0OZ2FHse9LV-R14AaABAg,2025-10-03T17:10:31Z,37
E1_increase,u6-2IzY8Dh8,Ugy3STvNNbMKbaFfPC54AaABAg,2025-10-03T22:02:55Z,96
E1_increase,u6-2IzY8Dh8,UgwqgSvz9zW9R5HHCkN4AaABAg,2025-12-22T17:06:16Z,2
E1_increase,u6-2IzY8Dh8,UgxhwoSWpwnjmvKgI6Z4AaABAg,2025-10-03T02:22:51Z,19
E1_increase,u6-2IzY8Dh8,UgzZpfIjrqstsR7FqVJ4AaABAg,2025-10-03T21:31:31Z,134
E1_increase,u6-2IzY8Dh8,UgxTt4J7HWHvnLMKovt4AaABAg,2025-10-03T01:48:12Z,258
E1_increase,u6-2IzY8Dh8,UgzIk0jIgcNIEv1dh6Z4AaABAg,2025-10-03T02:20:58Z,101
E1_increase,u6-2IzY8Dh8,UgzbEH1aN_Mbre60rUp4AaABAg,2025-10-03T15:25:48Z,43
E1_increase,u6-2IzY8Dh8,UgyRUElvb2SYNgcIXvh4AaABAg,2025-10-03T02:11:28Z,79
E1_increase,u6-2IzY8Dh8,Ugxd49lotkf9q7B5xTF4AaABAg,2026-02-01T22:53:53Z,1
E1_increase,u6-2IzY8Dh8,Ugw_1zzfgFhvuDapiCp4AaABAg,2025-10-03T08:01:33Z,37
E1_increase,u6-2IzY8Dh8,UgxvQJnGB-lgbZAr0Kd4AaABAg,2025-10-03T12:10:42Z,31
E1_increase,u6-2IzY8Dh8,Ugyx8i0oLNnAiWIW2hN4AaABAg,2025-10-03T02:22:45Z,8
E1_increase,u6-2IzY8Dh8,UgxVwzn7ObqNrAXYwD54AaABAg,2026-01-01T23:33:37Z,1
E1_increase,u6-2IzY8Dh8,UgxD7mY_9wgDq3-RvaR4AaABAg,2025-10-03T22:49:05Z,69
E1_increase,u6-2IzY8Dh8,Ugx9T9xua5XeDODNzwB4AaABAg,2025-10-03T16:09:07Z,11
E1_increase,u6-2IzY8Dh8,UgxuQI0M8_Pv9Lzleyh4AaABAg,2025-10-03T05:43:54Z,27
E1_increase,u6-2IzY8Dh8,UgzWQ3FKnvupituiyuV4AaABAg,2025-11-17T07:09:38Z,1
E1_increase,u6-2IzY8Dh8,UgyRW-MyMz6taw_r1Gt4AaABAg,2025-10-03T02:30:26Z,5
E1_increase,u6-2IzY8Dh8,UgycGtZFGkPcvnexAJ14AaABAg,2025-10-03T02:08:04Z,10
E1_increase,u6-2IzY8Dh8,UgwUXr_FQGeGKg-p_xB4AaABAg,2025-10-03T01:54:33Z,8
E1_increase,u6-2IzY8Dh8,Ugy9VPGb25xkh1uVg214AaABAg,2026-01-19T23:02:15Z,1
E1_increase,u6-2IzY8Dh8,UgyJl0sOjaZDGd3rXxF4AaABAg,2025-10-04T00:30:32Z,12
E1_increase,u6-2IzY8Dh8,UgxT36yUVc8ufkFlc7p4AaABAg,2025-10-03T15:51:37Z,252
E1_increase,u6-2IzY8Dh8,UgzDIKB1JZoXJgBlfex4AaABAg,2025-10-03T02:51:49Z,41
E1_increase,u6-2IzY8Dh8,UgyrcE3EpbyavBtUu8p4AaABAg,2025-10-08T20:23:52Z,2
E1_increase,u6-2IzY8Dh8,UgwX6iNrYtS3RdRF_7B4AaABAg,2025-10-04T16:19:57Z,23
E1_increase,u6-2IzY8Dh8,Ugz0aey3ekH1xguHzUt4AaABAg,2025-10-03T02:01:12Z,219
E1_increase,u6-2IzY8Dh8,UgyO6E6wCXiJMUCWe3h4AaABAg,2025-10-03T04:31:30Z,13
E1_increase,u6-2IzY8Dh8,UgwiyFtJWKg7BxGjD7t4AaABAg,2025-10-18T15:27:53Z,1
E1_increase,u6-2IzY8Dh8,UgxSvA_zZOQim5thw7R4AaABAg,2025-10-03T13:26:00Z,7
E1_increase,u6-2IzY8Dh8,UgwNfwuh9YUx6QSOsHN4AaABAg,2025-10-03T07:40:35Z,11
E1_increase,u6-2IzY8Dh8,UgwM0Jd8ppk1zEdqIUl4AaABAg,2025-10-04T11:30:25Z,6
E1_increase,u6-2IzY8Dh8,UgyjTnLEIx8bHFatz8l4AaABAg,2025-10-17T22:13:42Z,1
E1_increase,u6-2IzY8Dh8,UgxRtnCrLDg6oIo0x0F4AaABAg,2025-10-03T03:12:20Z,5
E1_increase,u6-2IzY8Dh8,Ugw6FFyh92K3i6LuxE94AaABAg,2025-10-04T01:56:36Z,6
E1_increase,u6-2IzY8Dh8,UgyACZkl4faCviP8Ao94AaABAg,2025-10-03T02:07:51Z,6
E1_increase,u6-2IzY8Dh8,Ugwpq8veB3qLr8gXhLt4AaABAg,2025-10-25T03:13:15Z,1
E1_increase,u6-2IzY8Dh8,UgwNtQ9VzIpsm9Ub8et4AaABAg,2025-10-03T02:19:28Z,23
E1_increase,u6-2IzY8Dh8,Ugz87-LyycByJfzbvAh4AaABAg,2025-10-03T13:36:02Z,5
E1_increase,u6-2IzY8Dh8,UgwpartxLplg1IzaX7B4AaABAg,2025-10-03T10:35:33Z,6
E1_increase,u6-2IzY8Dh8,Ugw0PXHm8Ee7viD6xJR4AaABAg,2025-11-06T23:28:34Z,1
E1_increase,u6-2IzY8Dh8,UgxmKO_RKj8WFv2YiOB4AaABAg,2025-10-04T00:49:12Z,4
E1_increase,u6-2IzY8Dh8,UgzFt0G6giJ7u7QuyTl4AaABAg,2025-10-03T09:37:33Z,14
E1_increase,u6-2IzY8Dh8,UgyGh-YCTOBw_66gmt94AaABAg,2025-10-03T05:14:27Z,5
E1_increase,u6-2IzY8Dh8,UgwzZT79d_7j0BbJc114AaABAg,2025-10-18T13:33:35Z,2
E1_increase,u6-2IzY8Dh8,UgzycRODvnIdyJWALEZ4AaABAg,2025-10-03T02:20:45Z,5
E1_increase,u6-2IzY8Dh8,Ugzj5HW_PQ732VJmPaR4AaABAg,2025-10-23T16:28:38Z,1
E1_increase,u6-2IzY8Dh8,UgzJNxmSQ1RXbDC3v7V4AaABAg,2025-10-03T07:37:23Z,20
E1_increase,u6-2IzY8Dh8,Ugw004vrc463AlpATXR4AaABAg,2025-10-13T16:55:21Z,2
E1_increase,u6-2IzY8Dh8,Ugxb3-Et3C2Gc14HUax4AaABAg,2025-10-05T19:57:27Z,2
E1_increase,u6-2IzY8Dh8,Ugxsh8N0RFtU8nI4BQd4AaABAg,2026-05-20T21:54:25Z,4
E1_increase,u6-2IzY8Dh8,Ugyv4OklCx6GRWKOLV14AaABAg,2025-10-03T03:39:14Z,48
E1_increase,u6-2IzY8Dh8,Ugx8paKqKToqCkGIb1h4AaABAg,2025-10-14T19:49:47Z,1
E1_increase,u6-2IzY8Dh8,UgyQ3IGQL0pRHdrNMPl4AaABAg,2025-10-14T16:17:16Z,1
E1_increase,u6-2IzY8Dh8,UgxDdohnVVhjdWmrmr14AaABAg,2025-10-03T05:30:31Z,5
E1_increase,u6-2IzY8Dh8,UgzqYrvpOq_6mv8SWhF4AaABAg,2025-10-17T17:04:06Z,1
E1_increase,u6-2IzY8Dh8,UgxwrA15Es69iYx2kqt4AaABAg,2025-10-03T02:23:38Z,29
E1_increase,u6-2IzY8Dh8,Ugzvk7bZ6q_Y8KcQ_8R4AaABAg,2025-10-03T01:57:23Z,4
E1_increase,u6-2IzY8Dh8,Ugz_qxF9cqAFmYbwutd4AaABAg,2025-10-03T02:27:15Z,15
E1_increase,u6-2IzY8Dh8,Ugwc3SC1S_n3YTGyLSJ4AaABAg,2025-10-03T01:52:14Z,4
E1_increase,u6-2IzY8Dh8,UgyJK43Gp_Mn-B_xxSN4AaABAg,2025-10-03T05:32:13Z,6
E1_increase,u6-2IzY8Dh8,UgzXocpWr5r4w3No1uR4AaABAg,2025-11-30T10:13:37Z,1
E1_increase,u6-2IzY8Dh8,Ugyqo76nDkCyEL_H57d4AaABAg,2025-10-03T02:03:00Z,6
E1_increase,u6-2IzY8Dh8,UgzwAZKNzq_8zAAYoQR4AaABAg,2025-10-03T11:16:28Z,11
E1_increase,u6-2IzY8Dh8,Ugy7iLTxz_U0OEGcESl4AaABAg,2025-10-03T04:26:30Z,15
E1_increase,u6-2IzY8Dh8,UgzzjZD2l6b_sYw99AJ4AaABAg,2025-10-31T17:13:16Z,2
E1_increase,u6-2IzY8Dh8,UgyazvmoVGEKz7g5fdZ4AaABAg,2025-10-03T02:13:07Z,5
E1_increase,u6-2IzY8Dh8,UgxZqkhlvW2OWP_-efZ4AaABAg,2025-10-03T01:48:47Z,12
E1_increase,u6-2IzY8Dh8,Ugx5UOucJIxYsOdxcEt4AaABAg,2025-10-21T21:02:00Z,3
E1_increase,u6-2IzY8Dh8,UgxYUFbOYEPD-xDLQKd4AaABAg,2025-10-08T20:43:45Z,3
E1_increase,u6-2IzY8Dh8,UgzWUYgHLRRKqiojncx4AaABAg,2025-10-03T20:55:18Z,11
E1_increase,u6-2IzY8Dh8,Ugy6p5WdseL6la95RzN4AaABAg,2025-10-03T02:24:48Z,8
E1_increase,u6-2IzY8Dh8,UgzuhpcZmskt5-ysqJV4AaABAg,2025-10-04T10:45:59Z,4
E1_increase,u6-2IzY8Dh8,UgymCaMDgs7Jz2tTigB4AaABAg,2025-10-04T13:11:39Z,31
E1_increase,u6-2IzY8Dh8,Ugybgp_E3osZlFd55-N4AaABAg,2025-10-03T01:46:46Z,6
E1_increase,u6-2IzY8Dh8,Ugx1tVnFKwfvoiUkAn14AaABAg,2025-10-03T02:03:21Z,4
E1_increase,u6-2IzY8Dh8,Ugyx-Kul_t67HE59UsF4AaABAg,2025-10-03T06:06:41Z,6
E1_increase,u6-2IzY8Dh8,Ugz8xdvMTe4gJksDu454AaABAg,2025-10-03T16:15:19Z,5
E1_increase,u6-2IzY8Dh8,UgwvctEb3QnP6eXL_RJ4AaABAg,2025-10-03T04:28:33Z,5
E1_increase,u6-2IzY8Dh8,UgxHLbtz9AyRmF3rmDV4AaABAg,2025-10-03T12:48:34Z,6
E1_increase,u6-2IzY8Dh8,UgxpC4TSySvRh1SYmDB4AaABAg,2025-10-03T07:10:48Z,4
E1_increase,u6-2IzY8Dh8,UgydL94cCJUh2EN_frx4AaABAg,2025-10-08T20:22:33Z,2
E1_increase,u6-2IzY8Dh8,UgwmOITfIdjCrbun5fl4AaABAg,2025-10-03T02:06:02Z,17
E1_increase,u6-2IzY8Dh8,UgxnwEKnJMYQSuUB0Cp4AaABAg,2025-10-04T03:12:11Z,4
E1_increase,u6-2IzY8Dh8,UgyuF4oe9CM_TBkcKAF4AaABAg,2025-10-03T01:48:02Z,10
E1_increase,u6-2IzY8Dh8,UgxkutBqcR7ex0jGC-R4AaABAg,2025-10-08T23:45:43Z,2
E1_increase,u6-2IzY8Dh8,UgwlYCKziGdOnavhbXR4AaABAg,2025-10-03T12:44:55Z,9
E1_increase,u6-2IzY8Dh8,UgzOdTzeJddvKeGehYV4AaABAg,2025-10-05T21:02:03Z,5
E1_increase,u6-2IzY8Dh8,UgwaImcqSONUF6VILGl4AaABAg,2025-10-05T22:49:20Z,6
E1_increase,u6-2IzY8Dh8,Ugwxcjlot590lUI-qwF4AaABAg,2025-10-24T01:24:39Z,1
E1_increase,u6-2IzY8Dh8,Ugw6kX3QoS8DRkEb9LF4AaABAg,2025-10-09T12:04:09Z,3
E1_increase,u6-2IzY8Dh8,UgyQwmOwi0BtZl_hC754AaABAg,2025-10-06T02:27:03Z,5
E1_increase,u6-2IzY8Dh8,Ugy3egXNh8z2tPM0nct4AaABAg,2025-10-03T03:08:08Z,6
E1_increase,u6-2IzY8Dh8,Ugw90LYmN8GTay2KEqx4AaABAg,2025-12-01T21:15:23Z,1
E1_increase,u6-2IzY8Dh8,UgzLFL5B85AM0hOy_9p4AaABAg,2025-10-03T07:21:02Z,4
E1_increase,u6-2IzY8Dh8,UgzRJgnZm5sF-XQR5TR4AaABAg,2025-10-03T01:55:08Z,5
E1_increase,u6-2IzY8Dh8,UgxhvI3lM9x9S2km6i94AaABAg,2025-10-05T12:10:27Z,4
E1_increase,u6-2IzY8Dh8,UgwRiIsGbi-qQMroFr54AaABAg,2025-10-08T21:25:10Z,2
E1_increase,u6-2IzY8Dh8,Ugx_RdlhbP6gdQ52eKd4AaABAg,2025-10-03T03:27:06Z,5
E1_increase,u6-2IzY8Dh8,UgzHdV5DcswgDVDLAtt4AaABAg,2025-10-04T08:50:37Z,7
E1_increase,u6-2IzY8Dh8,Ugzhi3pBXoJUbElwXId4AaABAg,2025-10-03T01:50:09Z,5
E1_increase,u6-2IzY8Dh8,Ugxzq9KdDJjcAnEoJ994AaABAg,2025-10-06T04:30:02Z,2
E1_increase,u6-2IzY8Dh8,UgxBvwoIR710KUii8hx4AaABAg,2025-10-03T03:50:46Z,5
E1_increase,u6-2IzY8Dh8,UgwiKvnJkaL50-IDrKp4AaABAg,2025-10-03T02:06:45Z,8
E1_increase,u6-2IzY8Dh8,Ugxvdi8lKypzqQ8DbUp4AaABAg,2025-11-30T14:56:22Z,1
E1_increase,u6-2IzY8Dh8,Ugy5LqJdT2zVealX9bh4AaABAg,2025-10-07T04:33:46Z,2
E1_increase,u6-2IzY8Dh8,UgzC6w4yUchQiCaJr6F4AaABAg,2025-10-05T18:39:56Z,2
E1_increase,u6-2IzY8Dh8,UgxMS2HT4zKkrArp_6F4AaABAg,2025-10-22T07:12:23Z,1
E1_increase,u6-2IzY8Dh8,UgyStXUwMTg4ZbMgcJN4AaABAg,2025-11-10T13:14:55Z,2
E1_increase,u6-2IzY8Dh8,Ugx3ued3jIYtbxQhwqp4AaABAg,2025-11-19T03:14:05Z,1
E1_increase,u6-2IzY8Dh8,UgzSFk52w3cZBiRlkkt4AaABAg,2025-11-01T02:31:21Z,1
E1_increase,u6-2IzY8Dh8,UgyEpoXDnf9TbpWWPlx4AaABAg,2025-10-17T19:55:39Z,1
E1_increase,u6-2IzY8Dh8,UgxXVh9cnuYAxZ20vpl4AaABAg,2026-05-04T03:48:18Z,1
E1_increase,u6-2IzY8Dh8,Ugzj1o6E8URZCb0Qehp4AaABAg,2025-10-07T03:43:07Z,1
E1_increase,u6-2IzY8Dh8,Ugyd5oxLdTpyGG9Je9x4AaABAg,2026-02-01T18:30:19Z,1
E1_increase,u6-2IzY8Dh8,UgzneI02Y6fx1WovXjt4AaABAg,2025-10-15T22:48:52Z,1
E1_increase,u6-2IzY8Dh8,UgwsGmycQNmhqLAJMyN4AaABAg,2025-11-09T23:46:45Z,1
E1_increase,u6-2IzY8Dh8,UgwdChC-INUa1hhe9Ld4AaABAg,2026-01-31T18:37:36Z,1
E1_increase,u6-2IzY8Dh8,Ugx7AOfkUFORWyURL3p4AaABAg,2025-10-06T18:22:11Z,1
E1_increase,u6-2IzY8Dh8,UgzpEW-woOkBZThwRf94AaABAg,2025-11-19T02:45:03Z,1
E1_increase,u6-2IzY8Dh8,UgzKkscrTGlstHijkCV4AaABAg,2025-10-06T17:42:11Z,1
E1_increase,u6-2IzY8Dh8,UgzHTBq643wWMgqeUhl4AaABAg,2025-10-18T08:39:52Z,1
E1_increase,u6-2IzY8Dh8,Ugwm6IpUE9hHG7S3wvh4AaABAg,2025-11-17T19:28:37Z,1
E1_increase,u6-2IzY8Dh8,UgyrPNIR0qaMMfrBXGN4AaABAg,2025-12-23T05:51:15Z,1
E1_increase,u6-2IzY8Dh8,Ugya9HlecJR2UHuCIXN4AaABAg,2026-03-28T00:29:19Z,0
E1_increase,u6-2IzY8Dh8,UgyNmcSig3tgwlNnDO94AaABAg,2025-11-17T06:01:41Z,1
E1_increase,u6-2IzY8Dh8,UgwVANl53wa1eQhDypp4AaABAg,2025-10-20T15:48:55Z,1
E1_increase,u6-2IzY8Dh8,Ugzh3qSEgjF_Z4XaGbB4AaABAg,2025-11-20T07:31:51Z,1
E1_increase,u6-2IzY8Dh8,UgxQHp0_7pgf6jyzxmJ4AaABAg,2025-12-03T14:32:15Z,1
E1_increase,u6-2IzY8Dh8,UgxyDAn5hXZODjSEUoh4AaABAg,2025-10-07T23:51:16Z,1
E1_increase,u6-2IzY8Dh8,UgzOySO5ikbqMINTOhR4AaABAg,2025-10-07T17:27:48Z,1
E1_increase,u6-2IzY8Dh8,Ugxq83vBzFGIm5ASxpN4AaABAg,2026-03-26T20:51:44Z,0
E1_increase,u6-2IzY8Dh8,UgzudDPYcELhQ3RhuxR4AaABAg,2025-10-09T04:56:28Z,1
E1_increase,u6-2IzY8Dh8,Ugyf1TcgifliDnrpmeN4AaABAg,2025-10-07T22:27:03Z,1
E1_increase,u6-2IzY8Dh8,Ugz6_5FqhO_3M_459854AaABAg,2025-11-19T21:51:07Z,1
E1_increase,u6-2IzY8Dh8,UgyFcG7x70aXK2bRyrV4AaABAg,2025-10-09T08:48:39Z,0
E1_increase,u6-2IzY8Dh8,UgxFR4Gy08-_N-PWjvR4AaABAg,2025-10-05T17:56:36Z,1
E1_increase,u6-2IzY8Dh8,UgzsckBK6PF_E6jQ3y54AaABAg,2025-10-05T18:07:57Z,1
E1_increase,u6-2IzY8Dh8,Ugy3qqo13CGM3JuZUJF4AaABAg,2025-10-05T23:50:27Z,1
E1_increase,u6-2IzY8Dh8,UgwnBrC6wwiPprLO-ER4AaABAg,2025-11-04T00:51:10Z,1
E1_increase,u6-2IzY8Dh8,Ugxwk9Upu9sKf4w6GLF4AaABAg,2025-10-05T15:58:58Z,0
E1_increase,u6-2IzY8Dh8,UgwpZNLdKMemJNXA1r54AaABAg,2026-01-05T14:22:03Z,1
E1_increase,u6-2IzY8Dh8,UgzxAYQaDEuplf15I1h4AaABAg,2025-10-06T02:44:08Z,1
E1_increase,u6-2IzY8Dh8,Ugz5QRYskiXI-4r4mYV4AaABAg,2025-10-06T07:47:31Z,0
E1_increase,u6-2IzY8Dh8,UgynQsLZYtZfbK7K2gl4AaABAg,2026-04-04T00:14:31Z,0
E1_increase,u6-2IzY8Dh8,Ugwph8TLK-msMAGprSZ4AaABAg,2025-10-06T19:40:24Z,2
E1_increase,u6-2IzY8Dh8,Ugw4_c5Ly8w5bCiUT_J4AaABAg,2025-11-06T13:39:17Z,1
E1_increase,u6-2IzY8Dh8,UgxfEOJdhUKDt_CNrHV4AaABAg,2025-10-20T04:19:14Z,1
E1_increase,u6-2IzY8Dh8,UgxQ4-Wx9nDZOfQpMw94AaABAg,2025-10-15T19:30:24Z,1
E1_increase,u6-2IzY8Dh8,UgzK9Ok0x8vLvgRv6394AaABAg,2025-10-19T14:54:42Z,1
E1_increase,u6-2IzY8Dh8,UgyxMVumg8dJTqfgxPJ4AaABAg,2025-10-10T15:37:33Z,0
E1_increase,u6-2IzY8Dh8,UgxwiUkwQ-rQbEJXvKt4AaABAg,2025-12-27T23:15:00Z,0
E1_increase,u6-2IzY8Dh8,UgzTV2WGCSeRgIg82uR4AaABAg,2025-10-05T22:58:07Z,0
E1_increase,u6-2IzY8Dh8,UgzGr0uty620JODuSSZ4AaABAg,2025-10-09T02:29:52Z,0
E1_increase,u6-2IzY8Dh8,UgyMELtPWcOhzT06Kcp4AaABAg,2025-10-06T04:58:53Z,0
E1_increase,u6-2IzY8Dh8,UgzEYfs5PXMnl2BFIVN4AaABAg,2025-10-05T16:17:41Z,0
E1_increase,u6-2IzY8Dh8,UgxpskDj0ppyxbBwHTJ4AaABAg,2025-10-06T01:06:28Z,0
E1_increase,u6-2IzY8Dh8,UgwuSHaPQlXI-8eOxmN4AaABAg,2025-10-08T00:09:49Z,1
E1_increase,u6-2IzY8Dh8,UgwfDnFr4Xr2iJDn22d4AaABAg,2025-10-13T18:31:22Z,1
E1_increase,u6-2IzY8Dh8,UgyW0Y_3-AqkkaHC22B4AaABAg,2025-10-09T20:03:30Z,0
E1_increase,u6-2IzY8Dh8,UgxqrMnPRHv-aUm8IK54AaABAg,2025-10-05T18:05:07Z,0
E1_increase,u6-2IzY8Dh8,Ugw52fZXYsZJC-4E2k14AaABAg,2025-10-05T21:09:17Z,0
E1_increase,u6-2IzY8Dh8,UgwC-ra28sGBjISfv6V4AaABAg,2025-10-05T19:15:43Z,0
E1_increase,u6-2IzY8Dh8,UgwM9F_Ya96aMEHCEDR4AaABAg,2026-01-09T00:36:59Z,0
E1_increase,u6-2IzY8Dh8,Ugz-IjB1IRTtFhpx2DF4AaABAg,2025-10-07T06:36:59Z,0
E1_increase,u6-2IzY8Dh8,Ugy4jOfRWlCWdfDsa3t4AaABAg,2025-10-05T16:46:11Z,0
E1_increase,u6-2IzY8Dh8,UgywhR2QGYcQkM8U4Qt4AaABAg,2025-10-05T16:03:58Z,0
E1_increase,u6-2IzY8Dh8,UgzqZO8Zz0ZI21jXJAx4AaABAg,2025-10-11T18:56:14Z,0
E1_increase,u6-2IzY8Dh8,Ugy88rPXr8wEseXjVz94AaABAg,2025-10-05T17:18:50Z,0
E1_increase,u6-2IzY8Dh8,UgxETHENcEQ6Sd6k2D94AaABAg,2025-10-05T22:36:53Z,0
E1_increase,u6-2IzY8Dh8,UgxFnrtaTyAizuolaol4AaABAg,2026-01-11T19:05:57Z,0
E1_increase,u6-2IzY8Dh8,Ugy6zYUhrYDSoVKjkkJ4AaABAg,2025-11-01T08:37:18Z,0
E1_increase,u6-2IzY8Dh8,UgxaWcG0DBfJRkUlOyZ4AaABAg,2025-10-05T22:16:31Z,0
E1_increase,u6-2IzY8Dh8,UgxGN4VD22v-LGkVuoN4AaABAg,2026-01-09T14:13:01Z,0
E1_increase,u6-2IzY8Dh8,UgwUL71zX1YfsXobvw94AaABAg,2025-10-10T12:12:32Z,0
E1_increase,u6-2IzY8Dh8,UgyU-9NldDpuV176fQd4AaABAg,2025-10-05T22:00:22Z,0
E1_increase,u6-2IzY8Dh8,Ugwg0_xJgK5WigcpYA94AaABAg,2025-10-08T04:37:33Z,0
E1_increase,u6-2IzY8Dh8,UgzgLXj9uvYjF_XjejZ4AaABAg,2025-10-08T20:17:09Z,0
E1_increase,u6-2IzY8Dh8,UgzLI5p81-PbZtQUUaJ4AaABAg,2025-10-10T03:52:28Z,0
E1_increase,u6-2IzY8Dh8,Ugz_f4RRT0RjxBfQiYt4AaABAg,2025-10-07T01:08:54Z,0
E1_increase,u6-2IzY8Dh8,UgzpfjgV3Fv8ew6_NMx4AaABAg,2025-10-09T22:04:31Z,0
E1_increase,u6-2IzY8Dh8,Ugzu1rXidw7clZL7HZ94AaABAg,2025-10-08T01:51:03Z,0
E1_increase,u6-2IzY8Dh8,UgwgxO2cFQW7KwkqgFJ4AaABAg,2025-10-06T06:14:49Z,1
E1_increase,u6-2IzY8Dh8,Ugz2s_jiRn2iKjohYU14AaABAg,2025-10-08T00:39:27Z,0
E1_increase,u6-2IzY8Dh8,UgzdnuhoaSw-PB74ZHR4AaABAg,2025-11-25T22:05:00Z,0
E1_increase,u6-2IzY8Dh8,UgxRCs5ULokaxZixJbx4AaABAg,2025-10-06T12:55:28Z,0
E1_increase,u6-2IzY8Dh8,UgxxSskBFDpf1OF-kA14AaABAg,2025-10-07T00:00:24Z,0
E1_increase,u6-2IzY8Dh8,UgzqrkQ6123EEApoVQN4AaABAg,2025-10-06T01:35:37Z,0
E1_increase,u6-2IzY8Dh8,UgwFbP6WOEbQnxFW7rh4AaABAg,2025-10-06T06:15:45Z,0
E1_increase,u6-2IzY8Dh8,UgzgM9WPwGSMTZKV0op4AaABAg,2025-10-05T19:39:29Z,0
E1_increase,u6-2IzY8Dh8,UgwbiMdPZ5XanLGKkPp4AaABAg,2026-02-28T20:15:05Z,0
E1_increase,u6-2IzY8Dh8,Ugz30NIz8E5gm8WVemR4AaABAg,2025-10-05T23:38:26Z,0
E1_increase,u6-2IzY8Dh8,UgzYEUj8Zge4mFQIPdZ4AaABAg,2025-10-05T17:59:15Z,0
E1_increase,u6-2IzY8Dh8,UgytZwfjzhse6H3pjEx4AaABAg,2025-12-02T01:59:38Z,1
E1_increase,u6-2IzY8Dh8,UgzqvWtZ_75cyJMv4Al4AaABAg,2025-10-06T15:33:32Z,0
E1_increase,u6-2IzY8Dh8,Ugy8OeDH0EQmrHxS96h4AaABAg,2026-04-04T15:05:59Z,0
E1_increase,u6-2IzY8Dh8,UgwXh-PfNbCymAxKqQx4AaABAg,2025-10-09T00:39:10Z,0
E1_increase,u6-2IzY8Dh8,Ugy6btNKeBGKVUPZupx4AaABAg,2025-10-05T18:25:24Z,0
E1_increase,u6-2IzY8Dh8,UgxQgSpvrYT1FfpwEq14AaABAg,2025-11-25T16:23:58Z,0
E1_increase,u6-2IzY8Dh8,UgyezGvjmu-HzqsYkjt4AaABAg,2025-12-01T01:40:37Z,1
E1_increase,u6-2IzY8Dh8,Ugxn1jalCKdulwsqlfJ4AaABAg,2025-10-31T03:54:04Z,0
E1_increase,u6-2IzY8Dh8,UgwHA7fxYyZBgrolrzl4AaABAg,2025-11-30T20:24:26Z,0
E1_increase,u6-2IzY8Dh8,Ugxqmw8vwA5qMqI5tPx4AaABAg,2025-10-08T17:01:20Z,0
E1_increase,u6-2IzY8Dh8,Ugzgp4YlLG6l3rS_q0V4AaABAg,2025-10-06T09:09:28Z,0
E1_increase,u6-2IzY8Dh8,Ugw-FHFxCjgtP-CqG_x4AaABAg,2025-10-21T01:06:21Z,0
E1_increase,u6-2IzY8Dh8,UgwzgyVKTt01p3sORyB4AaABAg,2026-08-30T06:47:02Z,0
E1_increase,u6-2IzY8Dh8,UgzpgDCcein4TYvdzRd4AaABAg,2025-10-05T16:36:18Z,0
E1_increase,u6-2IzY8Dh8,UgyRAdRt2z743S6k3B94AaABAg,2025-10-05T15:40:26Z,0
E1_increase,u6-2IzY8Dh8,UgzzBlSyKSyxpACalhV4AaABAg,2025-10-14T19:56:38Z,0
E1_increase,u6-2IzY8Dh8,UgyVbeXPB69x9ZcFifh4AaABAg,2025-10-07T19:27:00Z,0
E1_increase,u6-2IzY8Dh8,UgzvETcs8FH0UWjOVsx4AaABAg,2025-10-05T20:27:38Z,0
E1_increase,u6-2IzY8Dh8,UgwsMjTAZip_5WZ8smt4AaABAg,2025-10-08T23:28:08Z,0
E1_increase,u6-2IzY8Dh8,UgwWLItp-yVCUvUW5PB4AaABAg,2025-10-06T08:39:26Z,0
E1_increase,u6-2IzY8Dh8,UgwnJ7ypBoqRmc5_wIl4AaABAg,2025-10-06T01:31:18Z,0
E1_increase,u6-2IzY8Dh8,Ugz38K76HCI4KcJZJ0Z4AaABAg,2026-01-07T18:02:04Z,0
E1_increase,u6-2IzY8Dh8,UgwG5ydQ7eomuG6kT3d4AaABAg,2025-10-14T07:02:12Z,0
E1_increase,u6-2IzY8Dh8,Ugz1fHWqqnK1RUJOItR4AaABAg,2025-10-05T23:32:42Z,0
E1_increase,u6-2IzY8Dh8,Ugzc-p-j-nD2UsC5JEJ4AaABAg,2025-10-08T05:46:34Z,0
E1_increase,u6-2IzY8Dh8,Ugw7Zsd7dU4hljqBtKZ4AaABAg,2025-10-07T21:38:42Z,0
E1_increase,u6-2IzY8Dh8,UgzXNlQ0JBgcH_Z6Krh4AaABAg,2025-10-05T19:06:41Z,0
E1_increase,u6-2IzY8Dh8,Ugx2660NB7K7QB23o2Z4AaABAg,2025-11-03T20:31:08Z,0
E1_increase,u6-2IzY8Dh8,UgyAUMAZBZxXIn9CjaF4AaABAg,2026-01-20T05:45:24Z,0
E1_increase,u6-2IzY8Dh8,UgwY1X20mqs2bd-h8zB4AaABAg,2025-12-03T08:44:29Z,1
E1_increase,u6-2IzY8Dh8,Ugz98PWKYppBA0K3gv14AaABAg,2025-10-11T04:21:21Z,0
E1_increase,u6-2IzY8Dh8,UgwtI7inhINe8and-Lt4AaABAg,2025-10-06T17:26:27Z,0
E1_increase,u6-2IzY8Dh8,Ugz1uzrAthr_qS4t9Mx4AaABAg,2025-10-19T17:41:40Z,1
E1_increase,u6-2IzY8Dh8,UgwqxN2ZPA_OuGcBzx94AaABAg,2025-10-19T14:13:33Z,0
E1_increase,u6-2IzY8Dh8,Ugz66QvaR3CCqRzJa_N4AaABAg,2025-10-05T23:30:06Z,0
E1_increase,u6-2IzY8Dh8,UgwWA6RaofaMwclzwQx4AaABAg,2025-10-05T21:18:06Z,0
E1_increase,u6-2IzY8Dh8,UgyzO0ylATtPVMPEypZ4AaABAg,2025-12-27T09:37:52Z,0
E1_increase,u6-2IzY8Dh8,UgyBLUOOWKjKHko_aZB4AaABAg,2026-04-05T02:11:40Z,0
E1_increase,u6-2IzY8Dh8,Ugwc7bSO-Ug2kQEnzAZ4AaABAg,2026-01-01T06:20:07Z,0
E1_increase,u6-2IzY8Dh8,UgwJE4WV7SIuxgDgxqJ4AaABAg,2025-10-06T20:22:59Z,0
E1_increase,u6-2IzY8Dh8,UgwzxuAjp1XCwQadP0x4AaABAg,2025-10-06T23:41:46Z,0
E1_increase,u6-2IzY8Dh8,Ugyc0IkfqbjuvQxo5yd4AaABAg,2025-10-06T12:20:39Z,0
E1_increase,u6-2IzY8Dh8,UgyEFmDR-0BEoLRTSnZ4AaABAg,2025-12-11T17:21:41Z,0
E1_increase,u6-2IzY8Dh8,UgyEKl2h8tYRorbepJB4AaABAg,2025-10-09T11:13:16Z,0
E1_increase,u6-2IzY8Dh8,Ugy8_tlFjYSKpHDAzn54AaABAg,2025-10-07T14:08:43Z,0
E1_increase,u6-2IzY8Dh8,UgyDELZw_tlymjWKnUJ4AaABAg,2026-01-10T00:35:42Z,0
E1_increase,u6-2IzY8Dh8,UgyQUAL6XwkND91X50x4AaABAg,2025-10-05T21:06:38Z,0
E1_increase,u6-2IzY8Dh8,UgyPNbcIrZnTqvUG2Rt4AaABAg,2025-10-05T20:18:21Z,0
E1_increase,u6-2IzY8Dh8,UgydNelZrkCe61Ljy8p4AaABAg,2025-10-13T15:40:51Z,0
E1_increase,u6-2IzY8Dh8,Ugy7vPlMtcg0m_H2XmR4AaABAg,2025-10-13T04:28:35Z,0
E1_increase,u6-2IzY8Dh8,UgwJVBVOr19CAih9Q854AaABAg,2025-10-26T14:04:43Z,0
E1_increase,u6-2IzY8Dh8,UgyRXQ337cJpaMBBVH94AaABAg,2025-10-07T22:33:17Z,0
E1_increase,u6-2IzY8Dh8,UgxQD1NFsfSEINL2i4V4AaABAg,2025-10-05T20:04:02Z,0
E1_increase,u6-2IzY8Dh8,UgwCBuQhuS9_iGmbiIh4AaABAg,2026-01-08T23:41:55Z,0
E1_increase,u6-2IzY8Dh8,Ugwn9n3msqIOhjpSHhF4AaABAg,2025-10-05T23:00:20Z,0
E1_increase,u6-2IzY8Dh8,UgwEtG-TGKvHmRmTXC54AaABAg,2025-10-05T19:40:27Z,0
E1_increase,u6-2IzY8Dh8,Ugw9LMUG2hLHJvw_rv94AaABAg,2025-10-05T17:11:59Z,0
E1_increase,u6-2IzY8Dh8,UgwrFVSXl4Qsf_hnnwl4AaABAg,2025-10-05T18:15:35Z,0
E1_increase,u6-2IzY8Dh8,UgzMpuxRW8CD2KNk9Zh4AaABAg,2025-10-05T23:05:02Z,0
E1_increase,u6-2IzY8Dh8,UgwuDTIWLBLi8yQQtdF4AaABAg,2025-10-05T18:41:41Z,0
E1_increase,u6-2IzY8Dh8,UgwSFVEh2CxA3MAhpll4AaABAg,2025-11-10T17:05:06Z,0
E1_increase,u6-2IzY8Dh8,UgyF8kW_iGzWGV-78bh4AaABAg,2025-10-05T18:39:46Z,0
E1_increase,u6-2IzY8Dh8,UgwkmK6SgKWnLqsqqR14AaABAg,2025-10-05T22:45:01Z,0
E1_increase,u6-2IzY8Dh8,UgxO91z-2pcJA5UJCqh4AaABAg,2025-10-08T06:02:12Z,0
E1_increase,u6-2IzY8Dh8,UgwHCy6XSARC64A4Dcp4AaABAg,2025-10-19T09:09:12Z,0
E1_increase,u6-2IzY8Dh8,UgyNzG0bshd9O-sEff54AaABAg,2025-10-08T03:44:36Z,0
E1_increase,u6-2IzY8Dh8,UgzB1RXZl86iTDLXubx4AaABAg,2025-10-22T11:25:19Z,0
E1_increase,u6-2IzY8Dh8,UgxrLRXFJ0fvBPoB92R4AaABAg,2025-10-08T02:46:22Z,0
E1_increase,u6-2IzY8Dh8,Ugz8MWJPCosPvaPZ4954AaABAg,2025-10-06T04:42:19Z,0
E1_increase,u6-2IzY8Dh8,UgwU6rlhE0Ep-CtqN1V4AaABAg,2025-10-05T15:42:55Z,0
E1_increase,u6-2IzY8Dh8,Ugzpkpxih_Z7e2-pkCp4AaABAg,2026-01-02T18:46:30Z,0
E1_increase,u6-2IzY8Dh8,UgyIGSdbY4qF5MyxJ-V4AaABAg,2026-03-13T08:10:09Z,0
E1_increase,u6-2IzY8Dh8,UgxA1bnQoT_SIpZ0YZV4AaABAg,2025-10-09T09:26:39Z,0
E1_increase,u6-2IzY8Dh8,UgxeE_TEGujW8xUWSpR4AaABAg,2025-10-05T18:53:17Z,0
E1_increase,u6-2IzY8Dh8,UgzYRwuTUOcpmhA263l4AaABAg,2025-10-06T05:24:24Z,0
E1_increase,u6-2IzY8Dh8,UgwnaQk_pgReUkBsGS14AaABAg,2025-10-15T19:01:08Z,0
E1_increase,u6-2IzY8Dh8,UgySWJ5iiwhQomztP1N4AaABAg,2025-10-08T03:38:15Z,0
E1_increase,u6-2IzY8Dh8,Ugwat2SW-NeWtJlvAyh4AaABAg,2025-10-06T02:20:34Z,0
E1_increase,u6-2IzY8Dh8,UgwpY1eYmmZVQkNM9Zp4AaABAg,2025-10-05T22:54:45Z,0
E1_increase,u6-2IzY8Dh8,UgyAztBeMq1zd1N749Z4AaABAg,2025-10-06T00:44:03Z,0
E1_increase,u6-2IzY8Dh8,UgxdIR8qxNiATBZX_DF4AaABAg,2025-10-16T03:05:49Z,0
E1_increase,u6-2IzY8Dh8,Ugyjokfjr2hNTLL-k5F4AaABAg,2025-10-07T04:44:30Z,0
E1_increase,u6-2IzY8Dh8,UgwMM9OKjG87F_8D0Td4AaABAg,2026-01-11T16:35:58Z,1
E1_increase,u6-2IzY8Dh8,UgxJwOx43rsJRHBbM694AaABAg,2025-10-05T20:02:36Z,0
E1_increase,u6-2IzY8Dh8,UgxyiKfTFZcDCJnr7oZ4AaABAg,2025-10-15T21:57:30Z,1
E1_increase,u6-2IzY8Dh8,UgzKxKKA7LrHiFU1Ymt4AaABAg,2025-10-07T16:50:57Z,0
E1_increase,u6-2IzY8Dh8,UgxrtjwTX9t6xsoI1fB4AaABAg,2025-10-09T00:05:35Z,0
E1_increase,u6-2IzY8Dh8,Ugx26AYSiI5hJ81PAXl4AaABAg,2025-11-15T13:36:15Z,0
E1_increase,u6-2IzY8Dh8,Ugy2VwINTqGMObUJYTx4AaABAg,2025-10-05T15:59:40Z,0
E1_increase,u6-2IzY8Dh8,UgxDHgUxRc3sFZVTVC94AaABAg,2025-10-09T07:11:29Z,0
E1_increase,u6-2IzY8Dh8,UgxiVDmeBHLlbcRzJlp4AaABAg,2025-10-05T19:11:11Z,0
E1_increase,u6-2IzY8Dh8,UgxN_vO8u0bX2wsYAgl4AaABAg,2025-10-05T17:12:49Z,0
E1_increase,u6-2IzY8Dh8,UgwNo-CTL10C6U2Rzs54AaABAg,2025-10-22T11:28:54Z,0
E1_increase,u6-2IzY8Dh8,UgzfLWnVJypawdpXO0l4AaABAg,2025-11-27T13:14:24Z,0
E1_increase,u6-2IzY8Dh8,Ugw9In9U9d5U7J2VG_54AaABAg,2025-10-05T23:33:10Z,0
E1_increase,u6-2IzY8Dh8,UgwvP5C0vtVPOxp2kpN4AaABAg,2025-10-13T11:46:17Z,0
E1_increase,u6-2IzY8Dh8,UgwhwDJLgrvjRzOdeVF4AaABAg,2025-10-08T11:39:08Z,0
E1_increase,u6-2IzY8Dh8,UgwCFU9GylSoI3_JkNF4AaABAg,2025-10-05T20:31:20Z,0
E1_increase,u6-2IzY8Dh8,Ugy1NGADjJxkzfdTeU14AaABAg,2026-03-06T13:05:22Z,0
E1_increase,u6-2IzY8Dh8,UgwzNCBff6imQkSV4zd4AaABAg,2025-10-05T16:33:22Z,0
E1_increase,u6-2IzY8Dh8,UgwJy1e1OTOpty8Vrtt4AaABAg,2025-10-14T23:12:51Z,0
E1_increase,u6-2IzY8Dh8,UgxNVehBPUOacA5TVFF4AaABAg,2025-12-01T03:43:55Z,0
E1_increase,u6-2IzY8Dh8,UgzB22XeiOBLuBN983d4AaABAg,2025-10-09T09:22:38Z,0
E1_increase,u6-2IzY8Dh8,UgyLvWbhcIWVMG3y8yZ4AaABAg,2025-10-05T15:32:39Z,0
E1_increase,u6-2IzY8Dh8,Ugzvu0FuWIDy4PeCT6R4AaABAg,2025-10-06T23:09:56Z,0
E1_increase,u6-2IzY8Dh8,UgwOKYjzW4ksiOixT3F4AaABAg,2025-10-05T16:22:05Z,0
E1_increase,u6-2IzY8Dh8,UgwBJ7e6b3lhUrGKULR4AaABAg,2025-10-05T17:27:12Z,0
E1_increase,u6-2IzY8Dh8,Ugxn9wdYdDU1atwaSSp4AaABAg,2025-10-09T17:31:15Z,0
E1_increase,u6-2IzY8Dh8,Ugw5NKkwMvJm6otg6pl4AaABAg,2025-10-05T22:35:45Z,0
E1_increase,u6-2IzY8Dh8,UgwIkOhG-odCFRm6oix4AaABAg,2025-10-05T19:12:09Z,0
E1_increase,u6-2IzY8Dh8,UgzPoYGNlDygZA5_HVB4AaABAg,2025-10-07T13:06:05Z,0
E1_increase,u6-2IzY8Dh8,UgzhllpS7Qf_Hh5O6pt4AaABAg,2025-10-05T16:30:20Z,0
E1_increase,u6-2IzY8Dh8,UgzEy2AU7b926IvHE094AaABAg,2025-10-08T07:24:09Z,0
E1_increase,u6-2IzY8Dh8,UgzZhAwILjMA5AaOe554AaABAg,2025-12-24T08:29:38Z,0
E1_increase,u6-2IzY8Dh8,UgxxpNR-po6DB84fxah4AaABAg,2025-10-08T09:02:33Z,0
E1_increase,u6-2IzY8Dh8,UgzLif0-A8yiBZoOvhF4AaABAg,2025-10-09T03:22:56Z,0
E1_increase,u6-2IzY8Dh8,Ugz5UB6eJ_j5Ag0Slwd4AaABAg,2025-10-05T17:33:27Z,0
E1_increase,u6-2IzY8Dh8,UgyKD8UZbLt4ucNnosJ4AaABAg,2025-10-05T21:56:02Z,0
E1_increase,u6-2IzY8Dh8,UgwDbobvxpTSDqeGQm94AaABAg,2025-10-06T14:05:28Z,0
E1_increase,u6-2IzY8Dh8,Ugw1Y8VXu6KR0QZHTpZ4AaABAg,2025-11-11T00:08:41Z,0
E1_increase,u6-2IzY8Dh8,Ugyjw51u01ZHtMwzqI54AaABAg,2025-10-06T00:28:38Z,0
E1_increase,u6-2IzY8Dh8,UgxaVsRJkIBcAOoy9Zx4AaABAg,2025-10-05T18:48:08Z,0
E1_increase,u6-2IzY8Dh8,Ugz87A7qtm9SY8QeNsB4AaABAg,2025-12-23T12:05:17Z,0
E1_increase,u6-2IzY8Dh8,UgymUqhQXsdON5_Wbal4AaABAg,2025-10-06T03:07:41Z,0
E1_increase,u6-2IzY8Dh8,Ugy1LdS2U82Zdh0p4xh4AaABAg,2025-10-05T15:52:02Z,0
E1_increase,u6-2IzY8Dh8,Ugx4S0VKAwwKudcNAYl4AaABAg,2025-10-05T21:37:45Z,0
E1_increase,u6-2IzY8Dh8,UgzXCX4DmZvUV1xgno94AaABAg,2025-10-08T21:53:19Z,0
E1_increase,u6-2IzY8Dh8,Ugwt0vmMpXFMHAmmR2h4AaABAg,2025-11-28T18:50:17Z,0
E1_increase,u6-2IzY8Dh8,Ugx0b0Ps3w__UjOAW5Z4AaABAg,2026-04-03T14:07:49Z,0
E1_increase,u6-2IzY8Dh8,UgyBfwwbXP-XK4a5Tnh4AaABAg,2025-10-09T08:58:44Z,0
E1_increase,u6-2IzY8Dh8,Ugx_0pqZc7OTBE_oguh4AaABAg,2025-10-05T20:08:30Z,0
E1_increase,u6-2IzY8Dh8,UgxktIjatpDqzEeUdix4AaABAg,2025-10-07T23:00:01Z,0
E1_increase,u6-2IzY8Dh8,UgxLDOjMuvlgvAf-46d4AaABAg,2025-10-05T21:29:18Z,0
E1_increase,u6-2IzY8Dh8,UgyvrebAdsioWiNQod14AaABAg,2025-12-31T19:12:48Z,0
E1_increase,u6-2IzY8Dh8,Ugyhcrkyn0UEjQQ_03B4AaABAg,2025-10-05T18:18:46Z,0
E1_increase,u6-2IzY8Dh8,UgwxjhuATIi4lC94Rch4AaABAg,2025-10-15T23:01:03Z,0
E1_increase,u6-2IzY8Dh8,Ugw6nBUi60wZlo4eeKR4AaABAg,2025-12-28T18:17:24Z,0
E1_increase,u6-2IzY8Dh8,UgwixpTWBPgm3CLfzix4AaABAg,2025-10-08T18:57:28Z,0
E1_increase,u6-2IzY8Dh8,UgxAPpsv2TLMAhTE4Bp4AaABAg,2025-12-15T15:08:15Z,0
E1_increase,u6-2IzY8Dh8,UgxuuAolASxUrLySPPV4AaABAg,2025-10-09T07:54:53Z,0
E1_increase,u6-2IzY8Dh8,UgxeInOOWw3PDlq7P4V4AaABAg,2025-10-05T18:53:27Z,0
E1_increase,u6-2IzY8Dh8,UgyrNqnh-xa7cFLrxBJ4AaABAg,2025-10-06T18:35:18Z,0
E1_increase,u6-2IzY8Dh8,UgwQwBy3s6mCzHvSPel4AaABAg,2025-10-05T15:54:20Z,0
E1_increase,u6-2IzY8Dh8,UgzdLC4jDhusaaFOniR4AaABAg,2025-10-06T02:54:54Z,0
E1_increase,u6-2IzY8Dh8,UgwMycBfdhL9y5ZitJ94AaABAg,2025-10-15T15:49:16Z,0
E1_increase,u6-2IzY8Dh8,UgzsiDd5mnXsySB0tXl4AaABAg,2025-10-06T02:18:06Z,0
E1_increase,u6-2IzY8Dh8,Ugw0aGSXJkyUfxDjUpB4AaABAg,2026-02-09T12:27:09Z,0
E1_increase,u6-2IzY8Dh8,UgzYjn0yC_Xsy1s3vyl4AaABAg,2025-12-24T19:30:10Z,0
E1_increase,u6-2IzY8Dh8,UgzsaZiV8c09KarPfy54AaABAg,2025-10-05T21:29:09Z,0
E1_increase,u6-2IzY8Dh8,Ugzz3gucaejUr_BMRot4AaABAg,2025-10-24T22:56:46Z,0
E1_increase,u6-2IzY8Dh8,Ugzjou1PjqG918__vcN4AaABAg,2025-10-22T04:34:50Z,0
E1_increase,u6-2IzY8Dh8,UgwvDIf8aO3Nu6juUIl4AaABAg,2026-08-10T08:36:35Z,0
E1_increase,u6-2IzY8Dh8,UgxAgDnK0UucqO2OUDl4AaABAg,2025-10-05T21:40:58Z,0
E1_increase,Kz2C9Dkw0NQ,UgxzpsUxJSlAfWdOeyR4AaABAg,2025-10-03T15:33:11Z,237
E1_increase,Kz2C9Dkw0NQ,UgxSPW6PaDLdbMdxhnZ4AaABAg,2025-10-03T15:19:58Z,103
E1_increase,Kz2C9Dkw0NQ,Ugx-WpkW0ZhbirPjddl4AaABAg,2025-10-03T18:07:38Z,203
E1_increase,Kz2C9Dkw0NQ,UgzJ8keFkVsM-ph1IGN4AaABAg,2025-10-03T15:38:23Z,30
E1_increase,Kz2C9Dkw0NQ,UgwA-dKKw5mDinBYPUR4AaABAg,2025-10-03T22:33:01Z,18
E1_increase,Kz2C9Dkw0NQ,Ugxo2xPzvD4eF1w5CVJ4AaABAg,2025-10-03T23:05:17Z,24
E1_increase,Kz2C9Dkw0NQ,UgwOOpgDHCbIeAd8WJB4AaABAg,2025-10-03T17:07:00Z,25
E1_increase,Kz2C9Dkw0NQ,UgyyPV_ohfLdH5iZCaB4AaABAg,2025-10-03T18:05:33Z,20
E1_increase,Kz2C9Dkw0NQ,Ugxp7ia_uEizNlZ7vGN4AaABAg,2025-10-03T19:34:34Z,11
E1_increase,Kz2C9Dkw0NQ,UgxBppgwVEzDbYzBjcF4AaABAg,2025-10-24T23:26:32Z,8
E1_increase,Kz2C9Dkw0NQ,Ugx9Xbu1cEfAxHuLBTZ4AaABAg,2025-10-05T15:53:49Z,3
E1_increase,Kz2C9Dkw0NQ,UgwSVvWTiGNNAvbz0v94AaABAg,2025-10-03T22:15:47Z,2
E1_increase,Kz2C9Dkw0NQ,Ugy0kVq3nJRQ6OaBXl94AaABAg,2025-10-03T15:16:21Z,33
E1_increase,Kz2C9Dkw0NQ,UgzeVFv9cB_9AUkvT7J4AaABAg,2025-10-03T15:22:08Z,49
E1_increase,Kz2C9Dkw0NQ,UgyG8-wDiE0wLtwI6AV4AaABAg,2025-10-03T20:00:01Z,2
E1_increase,Kz2C9Dkw0NQ,UgzXKxoQ9_Cho4n8Gc94AaABAg,2025-10-03T17:37:43Z,1
E1_increase,Kz2C9Dkw0NQ,Ugx8aCRI7YpedXEWqk54AaABAg,2025-10-04T15:01:27Z,0
E1_increase,Kz2C9Dkw0NQ,Ugx1F6ofrT2okhX5HGV4AaABAg,2025-10-03T17:27:04Z,4
E1_increase,Kz2C9Dkw0NQ,UgxTPUZgOkL9MQQAkgx4AaABAg,2025-10-03T22:07:15Z,0
E1_increase,Kz2C9Dkw0NQ,UgxaM_01QQVXPH6d7zR4AaABAg,2025-10-04T10:13:11Z,0
E1_increase,Kz2C9Dkw0NQ,UgxyWe9zfUkC_02LHBB4AaABAg,2025-10-24T07:44:47Z,0
E1_increase,Kz2C9Dkw0NQ,Ugy4ia-Gfsjn9atmGyF4AaABAg,2025-10-08T00:40:15Z,0
E1_increase,Kz2C9Dkw0NQ,UgwpHgcx3Wg0y2UiyMd4AaABAg,2025-10-03T17:09:10Z,3
E1_increase,Kz2C9Dkw0NQ,UgzJKiufIrSpiGnJFNR4AaABAg,2025-12-19T16:34:51Z,0
E1_increase,Kz2C9Dkw0NQ,UgwP3rvcOiMj1Dw2MWB4AaABAg,2025-10-03T21:21:31Z,0
E1_increase,Kz2C9Dkw0NQ,Ugwgs9JmyA_SFFGmoKN4AaABAg,2025-10-08T09:16:13Z,0
E1_increase,Kz2C9Dkw0NQ,UgxBujIftLHSbLJge1Z4AaABAg,2025-10-04T09:53:52Z,0
E1_increase,Kz2C9Dkw0NQ,UgxQ_iyjnf3Kkl4bPWt4AaABAg,2025-10-29T19:10:53Z,0
E1_increase,Kz2C9Dkw0NQ,UgyDIT0AGxopj4S3s2d4AaABAg,2025-10-03T15:52:29Z,1
E1_increase,Kz2C9Dkw0NQ,Ugz25TGqf_ukzB-HwgF4AaABAg,2025-10-03T20:31:04Z,0
E1_increase,Kz2C9Dkw0NQ,UgxN_A-smcx4HsunUVd4AaABAg,2026-04-15T19:44:39Z,0
E1_increase,Kz2C9Dkw0NQ,UgyMH8mCZPLFM47lWF14AaABAg,2025-10-04T09:11:52Z,0
E1_increase,Kz2C9Dkw0NQ,Ugx649t-V1Ow_CRCOwd4AaABAg,2025-10-03T15:08:00Z,2
E1_increase,Kz2C9Dkw0NQ,UgzDxZR12fzsvNp2-3h4AaABAg,2025-10-04T17:39:43Z,0
E1_increase,Kz2C9Dkw0NQ,Ugy4CX1W4xbxY0QDXPp4AaABAg,2026-06-14T14:26:13Z,0
E1_increase,Kz2C9Dkw0NQ,UgzZnD9mUY4_XnP-VUN4AaABAg,2025-10-03T15:29:40Z,3
E1_increase,Kz2C9Dkw0NQ,UgygkJl8PZlN38bpPJp4AaABAg,2025-10-06T14:29:36Z,0
E1_increase,Kz2C9Dkw0NQ,UgwJAcUckA0KMmsc4Z94AaABAg,2025-10-03T19:14:34Z,0
E1_increase,Kz2C9Dkw0NQ,UgxYNseasD917ZpomAV4AaABAg,2025-10-04T07:18:33Z,0
E1_increase,Kz2C9Dkw0NQ,UgzIZ4Ez2vFfz5G0eMt4AaABAg,2025-10-04T03:19:11Z,0
E1_increase,Kz2C9Dkw0NQ,Ugz1qKAdkhdoxTW_GZF4AaABAg,2025-10-29T06:46:38Z,0
E1_increase,Kz2C9Dkw0NQ,Ugxbw06KTfRCgEp8fYB4AaABAg,2025-10-04T05:37:52Z,0
E1_increase,Kz2C9Dkw0NQ,Ugy2AiOSs15RRFtPEnR4AaABAg,2025-10-03T21:27:01Z,1
E1_increase,Kz2C9Dkw0NQ,UgyoJ8k5p8PrqHSNWHx4AaABAg,2025-10-08T17:49:52Z,0
E1_increase,Kz2C9Dkw0NQ,UgxFdegCZkBdFsfoD7h4AaABAg,2025-10-11T17:59:10Z,0
E1_increase,Kz2C9Dkw0NQ,UgzB_IhKNk_I90U2VkF4AaABAg,2025-10-04T00:22:19Z,0
E1_increase,Kz2C9Dkw0NQ,UgxhVv0HRttTyOaklfp4AaABAg,2025-10-08T00:53:08Z,0
E1_increase,Kz2C9Dkw0NQ,UgynBphdJmS8jEtcOV94AaABAg,2026-01-25T21:20:34Z,0
E1_increase,Kz2C9Dkw0NQ,Ugzje4Uvhy-6nwTmBXB4AaABAg,2025-10-05T00:09:48Z,0
E1_increase,Kz2C9Dkw0NQ,UgyUUwLyg4F-9tlV3Fd4AaABAg,2025-10-03T23:02:01Z,3
E1_increase,Kz2C9Dkw0NQ,UgzwS8XKZRFl_ICLfeJ4AaABAg,2025-10-03T21:22:06Z,0
E1_increase,Kz2C9Dkw0NQ,Ugxsyz86u3ueyy5-RaZ4AaABAg,2025-10-06T02:00:59Z,0
E1_increase,Kz2C9Dkw0NQ,UgwH58eGZwt8_OI4qF14AaABAg,2025-10-13T03:24:04Z,0
E1_increase,Kz2C9Dkw0NQ,UgzX3JnUTaYwHoR8VlV4AaABAg,2025-10-03T16:18:35Z,2
E1_increase,Kz2C9Dkw0NQ,UgwNKC36aK9uBpf3sjN4AaABAg,2025-10-05T04:25:56Z,0
E1_increase,Kz2C9Dkw0NQ,Ugwd_eJUCiyMz7hpN-V4AaABAg,2026-07-26T21:18:43Z,0
E1_increase,Kz2C9Dkw0NQ,UgzGJpclgiyjmLyL3zB4AaABAg,2025-10-03T17:59:12Z,1
E1_increase,Kz2C9Dkw0NQ,UgzckYiFfHWV1wGplzR4AaABAg,2025-10-04T04:48:15Z,0
E1_increase,Kz2C9Dkw0NQ,UgwI4xpfLCblJXVUB354AaABAg,2025-11-21T08:12:56Z,0
E1_increase,Kz2C9Dkw0NQ,Ugy2IMqd307CSTLNafZ4AaABAg,2025-10-05T13:24:31Z,0
E1_increase,Kz2C9Dkw0NQ,UgxdX9JbAY717P3kZs14AaABAg,2025-10-12T09:13:13Z,0
E1_increase,Kz2C9Dkw0NQ,UgyiYPQ2V7bwlhKwhPl4AaABAg,2025-10-04T13:32:37Z,0
E1_increase,Kz2C9Dkw0NQ,UgzXWFvXJcS3W3_et9d4AaABAg,2025-10-03T21:30:19Z,0
E1_increase,Kz2C9Dkw0NQ,UgwOLRMo11Ow0v7UAV54AaABAg,2025-10-03T17:30:02Z,1
E1_increase,Kz2C9Dkw0NQ,Ugw59eDkzhGgNdU6DHR4AaABAg,2025-10-24T01:30:20Z,0
E1_increase,Kz2C9Dkw0NQ,UgwtrOZ6hvV0OON2TCR4AaABAg,2025-10-16T10:37:14Z,0
E1_increase,Kz2C9Dkw0NQ,Ugzh1XsOEm5Dqu7w6T94AaABAg,2025-10-10T13:02:46Z,0
E1_increase,Kz2C9Dkw0NQ,UgzW75FPf8BMvo2GucZ4AaABAg,2026-04-10T20:53:14Z,0
E1_increase,Kz2C9Dkw0NQ,UgwpfGJIDE_rkhlUkQF4AaABAg,2025-10-04T03:46:19Z,0
E1_increase,Kz2C9Dkw0NQ,UgzpRoeaGfQh2J74aLp4AaABAg,2025-10-03T23:13:24Z,0
E1_increase,Kz2C9Dkw0NQ,Ugz-orrQbtb-vn7zU9N4AaABAg,2025-10-04T14:45:23Z,4
E1_increase,Kz2C9Dkw0NQ,UgyVhLJIXc8gdvq4dkB4AaABAg,2025-10-04T13:52:15Z,0
E1_increase,Kz2C9Dkw0NQ,UgxCg7Tf9bOPczATuyZ4AaABAg,2025-10-05T07:15:40Z,0
E1_increase,Kz2C9Dkw0NQ,UgxSohc0A7JMhfksYY14AaABAg,2025-10-16T12:34:25Z,0
E1_increase,Kz2C9Dkw0NQ,Ugxwuagy_dyR2kGmYgx4AaABAg,2025-10-04T01:20:32Z,0
E1_increase,Kz2C9Dkw0NQ,Ugz_uezW_wKtRjLvvmB4AaABAg,2025-10-18T04:31:40Z,0
E1_increase,Kz2C9Dkw0NQ,UgxRKLb0W-Xi1vj6WbR4AaABAg,2025-10-04T14:07:06Z,0
E1_increase,Kz2C9Dkw0NQ,UgwzcROjqElpDPfRduN4AaABAg,2025-10-03T19:43:14Z,0
E1_increase,Kz2C9Dkw0NQ,Ugw_srPfcO3a-YnfMmJ4AaABAg,2025-10-03T20:10:31Z,0
E1_increase,Kz2C9Dkw0NQ,UgzWkF8eCjcedvgggrB4AaABAg,2025-10-03T16:22:18Z,0
E1_increase,Kz2C9Dkw0NQ,UgwKBd4FP_6cbZNSOw54AaABAg,2025-10-04T01:41:56Z,0
E1_increase,Kz2C9Dkw0NQ,UgzOhyvqphaQdQHhFhR4AaABAg,2025-10-03T22:49:38Z,0
E1_increase,Kz2C9Dkw0NQ,Ugz-_OWFDUc9ICjiQPR4AaABAg,2025-10-03T15:54:18Z,1
E1_increase,Kz2C9Dkw0NQ,Ugx9arYqZsqUFPBuO-94AaABAg,2025-10-04T19:06:16Z,0
E1_increase,Kz2C9Dkw0NQ,UgxBypzBUkzkxipe3b14AaABAg,2025-10-03T15:14:05Z,2
E1_increase,Kz2C9Dkw0NQ,UgxB1nDG24Qip2oe1c94AaABAg,2025-10-03T22:00:47Z,0
E1_increase,Kz2C9Dkw0NQ,UgzqzaFUpb0Q9a-0jSx4AaABAg,2025-10-04T13:36:09Z,0
E1_increase,Kz2C9Dkw0NQ,UgxSfHmUcC8vE6QvUKB4AaABAg,2025-10-03T20:57:34Z,1
E1_increase,Kz2C9Dkw0NQ,Ugysd4fSf52aKl7_b9B4AaABAg,2025-10-08T00:52:41Z,0
E1_increase,Kz2C9Dkw0NQ,Ugx_9QpT0kVwXHjSCiR4AaABAg,2025-10-03T18:06:50Z,0
E1_increase,Kz2C9Dkw0NQ,UgyqcZej77o8sQBBEJF4AaABAg,2025-10-03T15:17:23Z,0
E1_increase,Kz2C9Dkw0NQ,UgxjJamTRVv3PSODYi54AaABAg,2025-10-03T15:18:47Z,1
E1_increase,Kz2C9Dkw0NQ,UgyKin0k3jd781OUgEJ4AaABAg,2025-10-03T22:55:45Z,0
E1_increase,q_IcFRLYqL8,Ugz3qnhesQhcAG89nAt4AaABAg,2025-10-01T19:55:52Z,30
E1_increase,q_IcFRLYqL8,UgzvQ3ivQfSehVhlijx4AaABAg,2025-10-01T21:46:53Z,440
E1_increase,q_IcFRLYqL8,Ugw86Q2a_dJgOzWjce94AaABAg,2025-10-01T20:10:48Z,925
E1_increase,q_IcFRLYqL8,Ugwwe4ALmNIcNrnZ8nJ4AaABAg,2025-10-01T22:04:53Z,192
E1_increase,q_IcFRLYqL8,UgyMYPmmmYrAZbB4G7Z4AaABAg,2025-10-01T21:43:40Z,201
E1_increase,q_IcFRLYqL8,Ugz-sVFyUFbOoGXK6Qt4AaABAg,2025-10-01T23:49:50Z,64
E1_increase,q_IcFRLYqL8,UgwDyUqozZEXs8NeER54AaABAg,2025-10-01T20:32:13Z,352
E1_increase,q_IcFRLYqL8,UgzB5zK0kmgv1t1t-EF4AaABAg,2025-10-01T20:32:14Z,376
E1_increase,q_IcFRLYqL8,Ugx8ANMzMIPTF1CKb454AaABAg,2025-10-01T19:58:54Z,1039
E1_increase,q_IcFRLYqL8,Ugy7pM7B4LTWUz4zy7Z4AaABAg,2025-10-01T21:54:27Z,25
E1_increase,q_IcFRLYqL8,Ugxd31YlCWIR-Uh26FZ4AaABAg,2025-10-01T23:22:58Z,26
E1_increase,q_IcFRLYqL8,UgyMhw7q2JuPXA5H5fp4AaABAg,2025-10-01T20:07:33Z,245
E1_increase,q_IcFRLYqL8,UgymIm20ZPBu5p-ra_p4AaABAg,2025-10-01T20:15:25Z,411
E1_increase,q_IcFRLYqL8,UgyZ_RVWfznpNfIprhJ4AaABAg,2025-10-01T20:09:10Z,152
E1_increase,q_IcFRLYqL8,UgwgTWlNWTtPzWD76qx4AaABAg,2025-10-02T03:24:29Z,18
E1_increase,q_IcFRLYqL8,UgwDM2SEbXE3E447kRt4AaABAg,2025-10-01T23:16:21Z,21
E1_increase,q_IcFRLYqL8,Ugy5gen62RxaYkU7sNZ4AaABAg,2025-10-01T19:58:32Z,692
E1_increase,q_IcFRLYqL8,UgyADCE7NfeSzTCd7Tx4AaABAg,2025-10-01T20:32:08Z,81
E1_increase,q_IcFRLYqL8,Ugw1dPdSZjz-1OrkesJ4AaABAg,2025-10-01T20:04:12Z,110
E1_increase,q_IcFRLYqL8,Ugz_1iy-H2TCaGekk9l4AaABAg,2025-10-02T01:29:14Z,22
E1_increase,q_IcFRLYqL8,UgyPv8cunjiYlZRPw0p4AaABAg,2025-10-02T02:49:45Z,11
E1_increase,q_IcFRLYqL8,Ugwd0BjXP2x1elpsV654AaABAg,2025-10-01T20:14:25Z,193
E1_increase,q_IcFRLYqL8,UgycDmC5nFaWyNZacfN4AaABAg,2025-10-01T20:08:33Z,92
E1_increase,q_IcFRLYqL8,Ugxu3zrRoHLDiyact4h4AaABAg,2025-10-01T21:02:07Z,282
E1_increase,q_IcFRLYqL8,UgyHSNi8yxapeWxeJPp4AaABAg,2025-10-01T21:34:25Z,14
E1_increase,q_IcFRLYqL8,UgwjgNu7bkYjXFLQPN54AaABAg,2025-10-01T21:47:43Z,33
E1_increase,q_IcFRLYqL8,UgwiHzlcgIknFmMy2fB4AaABAg,2025-10-01T20:44:54Z,77
E1_increase,q_IcFRLYqL8,Ugww4TxUcH_WoyKtLAh4AaABAg,2025-10-01T20:18:48Z,59
E1_increase,q_IcFRLYqL8,Ugysf6qrcQrvhBdv-ul4AaABAg,2025-10-01T20:16:13Z,12
E1_increase,q_IcFRLYqL8,UgznJ3i2LrYPTGwmZch4AaABAg,2025-10-02T02:29:22Z,27
E1_increase,q_IcFRLYqL8,Ugyg2yekT2ig1A1GKs14AaABAg,2025-10-02T14:23:44Z,9
E1_increase,q_IcFRLYqL8,Ugzcf-GAUVcwFbkIT4l4AaABAg,2025-10-01T20:51:01Z,97
E1_increase,q_IcFRLYqL8,Ugzx7xXmXTWMHLuPi3x4AaABAg,2025-10-01T20:02:37Z,19
E1_increase,q_IcFRLYqL8,UgxHcpymmLLiKj1QZG14AaABAg,2025-10-01T20:05:32Z,41
E1_increase,q_IcFRLYqL8,Ugx1WEqsR8ftIFvhbyh4AaABAg,2025-10-02T01:56:48Z,4
E1_increase,q_IcFRLYqL8,UgzH7qY1nBeNqO0ZaAx4AaABAg,2025-10-02T13:08:39Z,6
E1_increase,q_IcFRLYqL8,UgwOutkHQCCXS9B2MVV4AaABAg,2025-10-01T20:34:02Z,78
E1_increase,q_IcFRLYqL8,UgyNbomf8DhvlDyy-6N4AaABAg,2025-10-01T20:07:44Z,36
E1_increase,q_IcFRLYqL8,UgxrvW6FBgXFiRs61Rl4AaABAg,2025-10-01T20:38:35Z,77
E1_increase,q_IcFRLYqL8,UgztGkiCzKIN8OGjgal4AaABAg,2025-10-02T17:59:40Z,2
E1_increase,q_IcFRLYqL8,UgwUnUymYJij1GbgA4N4AaABAg,2025-10-02T13:58:20Z,2
E1_increase,q_IcFRLYqL8,UgzVgrb5K6HgdaRFlqV4AaABAg,2025-10-01T20:27:03Z,188
E1_increase,q_IcFRLYqL8,Ugwj5wifQ-8in4WttGB4AaABAg,2025-10-01T20:54:35Z,16
E1_increase,q_IcFRLYqL8,UgyH20u5bEEAb8XUZZZ4AaABAg,2025-10-01T21:03:08Z,16
E1_increase,q_IcFRLYqL8,Ugz96MFZ9ujuHouCGEJ4AaABAg,2025-10-02T00:44:38Z,20
E1_increase,q_IcFRLYqL8,UgwahrFLbaC1u8gfMwZ4AaABAg,2025-10-02T05:18:04Z,44
E1_increase,q_IcFRLYqL8,UgzcqJHj6TH7orCPr6Z4AaABAg,2025-10-01T21:02:43Z,21
E1_increase,q_IcFRLYqL8,UgyCAqJtYlxGTg98qJJ4AaABAg,2025-10-02T19:54:37Z,3
E1_increase,q_IcFRLYqL8,Ugy0dzPG8mS6OORU7xB4AaABAg,2025-10-01T21:48:49Z,27
E1_increase,q_IcFRLYqL8,Ugwi4ZEJUY1sb4odS5x4AaABAg,2025-10-02T13:40:00Z,2
E1_increase,q_IcFRLYqL8,UgxutAAUmrgpwYRzPGZ4AaABAg,2025-10-02T01:11:38Z,10
E1_increase,q_IcFRLYqL8,UgzZ5LPeb758g3fcL4x4AaABAg,2025-10-01T20:12:44Z,14
E1_increase,q_IcFRLYqL8,UgyB4spL9DcC3YCxXK54AaABAg,2025-10-01T20:16:44Z,12
E1_increase,q_IcFRLYqL8,UgwHNVF9iGDhLqcPNSF4AaABAg,2025-10-01T22:48:24Z,5
E1_increase,q_IcFRLYqL8,UgxkKFIqdfYAUXeOhrF4AaABAg,2025-10-02T17:41:48Z,1
E1_increase,q_IcFRLYqL8,UgxSdLf3_ctaxHDEhJ14AaABAg,2025-10-01T23:37:46Z,0
E1_increase,q_IcFRLYqL8,Ugx83N-uJRP5BA0Jzdx4AaABAg,2025-10-01T20:29:12Z,9
E1_increase,q_IcFRLYqL8,Ugxxf4jSSHmmVBqk8B94AaABAg,2025-10-01T20:30:37Z,114
E1_increase,q_IcFRLYqL8,Ugx9ikXt5pm_Ull8Ea94AaABAg,2025-10-01T20:58:01Z,6
E1_increase,q_IcFRLYqL8,UgxmP1g95q2ZU4CAVTJ4AaABAg,2025-10-02T17:05:30Z,2
E1_increase,q_IcFRLYqL8,UgwCQe6_eYQfT5CVLhl4AaABAg,2025-10-02T19:42:08Z,1
E1_increase,q_IcFRLYqL8,Ugx-HtNp7yeF3LarNOR4AaABAg,2025-10-01T20:26:05Z,9
E1_increase,q_IcFRLYqL8,UgxWs-tOdjjVlD9donp4AaABAg,2025-10-02T13:31:00Z,4
E1_increase,q_IcFRLYqL8,UgyFvlQpZSo1E9LduiF4AaABAg,2025-10-01T20:10:30Z,42
E1_increase,q_IcFRLYqL8,UgymHiZoyBjGhqpdQp94AaABAg,2025-10-02T10:38:32Z,1
E1_increase,q_IcFRLYqL8,Ugyhvxi_saa49GZVRFV4AaABAg,2025-10-01T21:17:54Z,3
E1_increase,q_IcFRLYqL8,Ugw9i2O8Yl8wC4C7xxx4AaABAg,2025-10-01T23:11:00Z,5
E1_increase,q_IcFRLYqL8,UgwRkzHAEhs9Yym_klJ4AaABAg,2025-10-01T20:08:26Z,17
E1_increase,q_IcFRLYqL8,Ugzppw6PdpVXt_XAGBV4AaABAg,2025-10-02T16:51:55Z,1
E1_increase,q_IcFRLYqL8,UgyNQIt7CwH6BBd-SCZ4AaABAg,2025-10-02T03:57:31Z,1
E1_increase,q_IcFRLYqL8,UgxiEs1GD2N6-hdICTJ4AaABAg,2025-10-03T19:32:12Z,3
E1_increase,q_IcFRLYqL8,Ugw1kjdxtr06pC8I27R4AaABAg,2025-10-01T20:39:49Z,11
E1_increase,q_IcFRLYqL8,UgwkAjw0TuvFTCuZkT54AaABAg,2025-10-01T20:15:34Z,36
E1_increase,q_IcFRLYqL8,UgxDIFzyXD9gJeFHw4J4AaABAg,2025-10-02T02:05:09Z,2
E1_increase,q_IcFRLYqL8,UgxHTOoczs_RldSLOxl4AaABAg,2025-10-02T17:03:25Z,1
E1_increase,q_IcFRLYqL8,Ugzv-_y5Y1Xi__y0osp4AaABAg,2025-10-01T20:12:42Z,4
E1_increase,q_IcFRLYqL8,UgzcE5u5AmVu7ZAYDsB4AaABAg,2025-10-01T20:03:57Z,16
E1_increase,q_IcFRLYqL8,UgwZTLBxTj80UDaa3IN4AaABAg,2025-10-02T01:14:54Z,3
E1_increase,q_IcFRLYqL8,Ugx_sJ7DzkBKxl8CYRt4AaABAg,2025-10-02T18:31:19Z,1
E1_increase,q_IcFRLYqL8,UgzFVYOTpiM9rAMPAel4AaABAg,2025-10-02T19:02:01Z,2
E1_increase,q_IcFRLYqL8,Ugx4D-ceFHx1S162NUx4AaABAg,2025-10-02T05:51:44Z,3
E1_increase,q_IcFRLYqL8,Ugwji3z9TFf6_No8aDd4AaABAg,2025-10-01T20:20:08Z,4
E1_increase,q_IcFRLYqL8,UgwQt5dihXA1pbmrkIV4AaABAg,2025-10-02T17:51:59Z,1
E1_increase,q_IcFRLYqL8,UgxAz7Qq4LgfBu8xfvR4AaABAg,2025-10-02T12:26:16Z,2
E1_increase,q_IcFRLYqL8,UgzwZGj9qLuHMi6ETFd4AaABAg,2025-10-01T20:25:07Z,40
E1_increase,q_IcFRLYqL8,UgwmE0ddH7oIC37F9xV4AaABAg,2025-10-01T21:31:21Z,4
E1_increase,q_IcFRLYqL8,UgycL6lQKUJPiKloLpR4AaABAg,2025-10-01T20:43:21Z,4
E1_increase,q_IcFRLYqL8,UgxeNSYJ24bIAGNHi5F4AaABAg,2025-10-02T17:46:39Z,1
E1_increase,q_IcFRLYqL8,Ugw5XWU6x2iROcajzRd4AaABAg,2025-10-02T16:52:14Z,1
E1_increase,q_IcFRLYqL8,UgyHRgtgMo2fpasB4VN4AaABAg,2025-10-01T20:46:59Z,6
E1_increase,q_IcFRLYqL8,Ugzghyqswwc4ycxVMTZ4AaABAg,2025-10-01T21:28:06Z,4
E1_increase,q_IcFRLYqL8,UgyWULxnQH55ai9NzCx4AaABAg,2025-10-02T01:21:25Z,4
E1_increase,q_IcFRLYqL8,UgxA7ckJm7d6CLYEVUV4AaABAg,2025-10-02T19:27:18Z,2
E1_increase,q_IcFRLYqL8,UgwCS4QW_iQZ7zIw2Vx4AaABAg,2025-10-01T21:18:56Z,1
E1_increase,q_IcFRLYqL8,Ugzo5l7Gw_TFCZPMmSZ4AaABAg,2025-10-02T03:03:55Z,3
E1_increase,q_IcFRLYqL8,UgytxQplnMfH65ovM9h4AaABAg,2025-10-01T20:45:33Z,12
E1_increase,q_IcFRLYqL8,UgzLh3ELA9z5Guq9rud4AaABAg,2025-10-01T23:02:39Z,4
E1_increase,q_IcFRLYqL8,Ugyp_YQNK-0chPjf8sx4AaABAg,2025-10-01T21:47:30Z,2
E1_increase,q_IcFRLYqL8,UgzWKMod6aanSYngAHJ4AaABAg,2025-10-02T17:21:15Z,1
E1_increase,q_IcFRLYqL8,UgyciysT3htG5AtwzC54AaABAg,2025-10-02T01:22:14Z,4
E1_increase,q_IcFRLYqL8,Ugwaw4dKGxlJuLAe1GZ4AaABAg,2025-10-01T22:10:03Z,14
E1_increase,q_IcFRLYqL8,Ugwwa-fnZYfbMC2yupd4AaABAg,2025-10-01T19:56:50Z,68
E1_increase,q_IcFRLYqL8,UgyrRoAl1Sn9RDfq_Ax4AaABAg,2025-10-01T20:23:22Z,30
E1_increase,q_IcFRLYqL8,UgySQlXqbWmCMyYN9854AaABAg,2025-10-02T21:32:22Z,2
E1_increase,q_IcFRLYqL8,UgwIOgvt0Jzzyx9xyyx4AaABAg,2025-10-01T23:27:53Z,9
E1_increase,q_IcFRLYqL8,UgxNAxQiXoS5Bssc8-F4AaABAg,2025-10-01T20:33:43Z,26
E1_increase,q_IcFRLYqL8,UgzPltqK35b8xA0brx94AaABAg,2025-10-01T20:02:04Z,25
E1_increase,q_IcFRLYqL8,Ugwy5_QElaoOekHE4YJ4AaABAg,2025-10-02T20:02:43Z,1
E1_increase,q_IcFRLYqL8,UgxAGwB2Cct1YWGoSPx4AaABAg,2025-10-02T01:21:47Z,1
E1_increase,q_IcFRLYqL8,UgzPoikkG6OYyAtQavF4AaABAg,2025-10-02T02:43:54Z,2
E1_increase,q_IcFRLYqL8,UgwuGPUZClNwdTVDlFV4AaABAg,2025-10-01T20:52:16Z,8
E1_increase,q_IcFRLYqL8,UgynSgDRb85w1FZhsAF4AaABAg,2025-10-02T01:24:28Z,18
E1_increase,q_IcFRLYqL8,UgwC4ABrzkJLdIj5v4J4AaABAg,2025-10-01T22:40:55Z,2
E1_increase,q_IcFRLYqL8,UgytutAaR2kzSaNsf354AaABAg,2025-10-02T16:28:37Z,1
E1_increase,q_IcFRLYqL8,Ugz0eigDjYYpmgIrLoZ4AaABAg,2025-10-01T19:55:45Z,54
E1_increase,q_IcFRLYqL8,UgwXpHyJSLO59BpUFJl4AaABAg,2025-10-01T20:30:49Z,19
E1_increase,q_IcFRLYqL8,UgzbRbC3CIBZEPrQQ0x4AaABAg,2025-10-01T21:21:52Z,4
E1_increase,q_IcFRLYqL8,UgwIe2dY88_Qs51WTCd4AaABAg,2025-10-02T17:29:52Z,1
E1_increase,q_IcFRLYqL8,UgwnZesRTLbtCleLkoJ4AaABAg,2025-10-02T14:27:25Z,2
E1_increase,q_IcFRLYqL8,Ugyd_RYgG8SgwzIOb554AaABAg,2025-10-02T19:56:33Z,3
E1_increase,q_IcFRLYqL8,UgzwWQKO6UIu0B1gltJ4AaABAg,2025-10-02T06:33:05Z,2
E1_increase,q_IcFRLYqL8,UgxTVFOJdhJJwaDwHXl4AaABAg,2025-10-02T15:05:53Z,3
E1_increase,q_IcFRLYqL8,Ugw3CqVIXhwKoP_VLHt4AaABAg,2025-10-02T18:16:37Z,2
E1_increase,q_IcFRLYqL8,Ugz2Nd9w0-5Zgz1QrJ94AaABAg,2025-10-02T05:20:44Z,0
E1_increase,q_IcFRLYqL8,UgxpMoZGed3QVLZBFIp4AaABAg,2025-10-01T21:40:26Z,6
E1_increase,q_IcFRLYqL8,Ugxqw4fUSrM1zwBcAW94AaABAg,2025-10-01T20:10:54Z,6
E1_increase,q_IcFRLYqL8,UgySDHd27PIzN_4Zg7h4AaABAg,2025-10-02T00:17:22Z,4
E1_increase,q_IcFRLYqL8,Ugx2Zh9WDKOKHcjBdQV4AaABAg,2025-10-02T01:20:18Z,1
E1_increase,q_IcFRLYqL8,Ugy2M1tjRDoJfzEZhhd4AaABAg,2025-10-02T02:33:34Z,1
E1_increase,q_IcFRLYqL8,UgzF_Db-6cVAsTrT-od4AaABAg,2025-10-01T20:36:27Z,7
E1_increase,q_IcFRLYqL8,UgxGyR-1S3V4J6RoxyF4AaABAg,2025-10-01T20:10:02Z,5
E1_increase,q_IcFRLYqL8,Ugwb9lXlrV8u8f3HOtt4AaABAg,2025-10-02T02:01:29Z,4
E1_increase,q_IcFRLYqL8,UgyVbXKOTSeJcrnLvvJ4AaABAg,2025-10-02T18:22:05Z,1
E1_increase,q_IcFRLYqL8,Ugz7-Q3VwOT4-Fk8yOx4AaABAg,2025-10-03T21:11:05Z,1
E1_increase,q_IcFRLYqL8,UgxrtSP0qPPJ8nE5lfV4AaABAg,2025-10-01T21:34:01Z,7
E1_increase,q_IcFRLYqL8,UgwMboFMjt5wtJ4p5uJ4AaABAg,2025-10-01T23:15:36Z,5
E1_increase,q_IcFRLYqL8,UgwdntJXsJG9EjYzmzZ4AaABAg,2025-10-02T16:29:36Z,0
E1_increase,q_IcFRLYqL8,Ugw2sC2DVPQZBfaxxtd4AaABAg,2025-10-02T02:38:04Z,1
E1_increase,q_IcFRLYqL8,Ugyd-39OIFfk8TflqbF4AaABAg,2025-10-01T21:04:35Z,4
E1_increase,q_IcFRLYqL8,Ugx6FOp42g_aZvUsFeB4AaABAg,2025-10-01T20:00:43Z,9
E1_increase,q_IcFRLYqL8,UgzrftdpAjQpi2NMqmF4AaABAg,2025-10-01T21:02:18Z,24
E1_increase,q_IcFRLYqL8,Ugxe30D-aD1CbLjdqpZ4AaABAg,2025-10-02T01:39:25Z,1
E1_increase,q_IcFRLYqL8,Ugw-9NbuwOvBySgZRGh4AaABAg,2025-10-02T02:27:41Z,1
E1_increase,q_IcFRLYqL8,UgwAgCYB0FsJ9qbonXt4AaABAg,2025-10-01T20:09:13Z,6
E1_increase,q_IcFRLYqL8,UgznakVvnG_-tDp3hqx4AaABAg,2025-10-02T13:34:03Z,2
E1_increase,q_IcFRLYqL8,Ugw7XsOi7BUqto63hSZ4AaABAg,2025-10-01T20:38:25Z,4
E1_increase,q_IcFRLYqL8,Ugxuo9crHJh7vF7kan54AaABAg,2025-10-02T17:24:58Z,1
E1_increase,q_IcFRLYqL8,UgwCuYdZPBjcQRDwfBt4AaABAg,2025-10-02T17:12:02Z,1
E1_increase,q_IcFRLYqL8,Ugw45XPppkHvJW6Qxtp4AaABAg,2025-10-01T22:30:17Z,1
E1_increase,q_IcFRLYqL8,UgzD04qX7Kqwfewboe94AaABAg,2025-10-02T21:35:52Z,2
E1_increase,q_IcFRLYqL8,Ugw-wEcn71aYVIxIy1J4AaABAg,2025-10-02T00:30:33Z,1
E1_increase,q_IcFRLYqL8,UgztBlb_jRmm5cp4Om54AaABAg,2025-10-02T11:35:03Z,1
E1_increase,q_IcFRLYqL8,Ugzfzjm8_RI9_ytDxNJ4AaABAg,2025-10-02T07:29:26Z,0
E1_increase,q_IcFRLYqL8,UgxLgs_yHxasLD8MEwR4AaABAg,2025-10-02T00:35:55Z,0
E1_increase,q_IcFRLYqL8,UgxigHel5FA8G5JDnGd4AaABAg,2025-10-02T11:40:02Z,0
E1_increase,q_IcFRLYqL8,Ugxj0xcDH4jO2xmYE4J4AaABAg,2025-10-02T13:16:19Z,0
E1_increase,q_IcFRLYqL8,UgwgDBVND8t07TfTSZB4AaABAg,2025-10-02T14:12:20Z,0
E1_increase,q_IcFRLYqL8,UgzyluHE173ETAaVBK54AaABAg,2025-10-02T09:47:13Z,1
E1_increase,q_IcFRLYqL8,Ugw4lSPP_1jfqeZcX_94AaABAg,2025-10-02T00:26:16Z,1
E1_increase,q_IcFRLYqL8,UgyE0p45pWWYE8VD3Cd4AaABAg,2025-10-01T22:07:31Z,0
E1_increase,q_IcFRLYqL8,Ugy5svetAXeeBnl_lWV4AaABAg,2025-10-02T03:03:29Z,3
E1_increase,q_IcFRLYqL8,Ugw0bUUk__tBUYuyEoV4AaABAg,2025-10-02T09:49:25Z,0
E1_increase,q_IcFRLYqL8,Ugz3PVfr6vRZ-U6v9Sp4AaABAg,2025-10-02T06:44:06Z,1
E1_increase,q_IcFRLYqL8,UgwN7rd5PiwD1xU5pt94AaABAg,2025-10-02T08:43:48Z,1
E1_increase,q_IcFRLYqL8,UgygC8vxJclOynNpZ1l4AaABAg,2025-10-01T21:41:26Z,1
E1_increase,q_IcFRLYqL8,UgzxL0TEM_O8GAh1UIZ4AaABAg,2025-10-02T04:40:38Z,1
E1_increase,q_IcFRLYqL8,UgxEPHC00Kn5IzXgnEF4AaABAg,2025-11-08T03:12:05Z,0
E1_increase,q_IcFRLYqL8,UgxK7rolGS8QEyhrEVp4AaABAg,2025-10-01T21:36:31Z,0
E1_increase,q_IcFRLYqL8,Ugzn92VmsdZMGiUYjNF4AaABAg,2025-10-02T01:18:42Z,1
E1_increase,q_IcFRLYqL8,UgwZh4961mZZUsOGK8R4AaABAg,2025-10-02T01:21:51Z,1
E1_increase,q_IcFRLYqL8,Ugz_Wa-PbkO4ivdYHmR4AaABAg,2025-10-01T22:03:37Z,0
E1_increase,q_IcFRLYqL8,UgwJjlifbJb2GfnmLSZ4AaABAg,2025-10-03T15:08:12Z,0
E1_increase,q_IcFRLYqL8,UgxFd5QKBnSRKzvmhaZ4AaABAg,2025-10-01T22:45:09Z,0
E1_increase,q_IcFRLYqL8,UgzxXndjDhGZOguE_Sx4AaABAg,2025-10-02T03:05:19Z,2
E1_increase,q_IcFRLYqL8,Ugw1GXg_YUiTvvah7kx4AaABAg,2025-10-02T01:37:07Z,1
E1_increase,q_IcFRLYqL8,UgxsuuhhKKuLBs-Rnvt4AaABAg,2025-10-02T04:47:54Z,0
E1_increase,q_IcFRLYqL8,Ugy8pPDAvLIN8eZjddx4AaABAg,2025-10-02T19:47:07Z,2
E1_increase,q_IcFRLYqL8,Ugw1vfpHL9kVAEZrJrB4AaABAg,2025-10-02T16:02:31Z,1
E1_increase,q_IcFRLYqL8,UgyCzwiVts_tx5fK9px4AaABAg,2025-10-02T00:50:12Z,1
E1_increase,q_IcFRLYqL8,Ugy9O8zCk_YfwSmauaJ4AaABAg,2025-10-02T02:29:31Z,1
E1_increase,q_IcFRLYqL8,UgzOlDnqbKbxmSjd8414AaABAg,2025-10-01T22:50:02Z,1
E1_increase,q_IcFRLYqL8,Ugy4u_LepsqVN_oauHJ4AaABAg,2025-10-02T10:32:41Z,0
E1_increase,q_IcFRLYqL8,UgzwOMwEKAaGKU1y-wR4AaABAg,2025-10-02T00:34:48Z,0
E1_increase,q_IcFRLYqL8,UgwUywTUIEhLteTqEp14AaABAg,2025-10-02T13:25:41Z,2
E1_increase,q_IcFRLYqL8,UgxpzKf4VkWo6gB_jg14AaABAg,2026-01-07T16:03:48Z,1
E1_increase,q_IcFRLYqL8,UgzBhFfc925lnG73CfR4AaABAg,2025-10-02T19:14:31Z,2
E1_increase,q_IcFRLYqL8,Ugx8Uq4UdltMPGpX8NR4AaABAg,2025-10-01T22:15:22Z,0
E1_increase,q_IcFRLYqL8,UgzgLNyK42Y5c8mCrSF4AaABAg,2025-10-01T22:58:34Z,0
E1_increase,q_IcFRLYqL8,UgybvHWxltOKRHujPfR4AaABAg,2025-10-01T22:11:57Z,0
E1_increase,q_IcFRLYqL8,Ugx91fZ-I7qd45_IwMZ4AaABAg,2025-10-15T14:24:24Z,0
E1_increase,q_IcFRLYqL8,UgzGp2hh3jdCd5RTtFR4AaABAg,2025-10-01T21:55:21Z,0
E1_increase,q_IcFRLYqL8,UgwSvs_dIju5WdPDJXt4AaABAg,2025-10-02T01:05:01Z,0
E1_increase,q_IcFRLYqL8,UgwfBtaDT4cIWngSNNp4AaABAg,2025-10-02T13:24:21Z,0
E1_increase,q_IcFRLYqL8,UgxK6jSIdCqYsc2oTwl4AaABAg,2025-10-02T01:00:10Z,1
E1_increase,q_IcFRLYqL8,UgxUUgVXbQPLDwlLLx94AaABAg,2025-10-18T20:45:48Z,0
E1_increase,q_IcFRLYqL8,Ugzjj_BzkwWWBfEJXCF4AaABAg,2025-10-29T17:16:55Z,0
E1_increase,q_IcFRLYqL8,Ugx2Dznt8xjha5N8yhN4AaABAg,2025-10-03T09:44:37Z,0
E1_increase,q_IcFRLYqL8,UgxhUkcdY76J__19XEp4AaABAg,2025-10-02T07:10:29Z,0
E1_increase,q_IcFRLYqL8,Ugws1tC2umcIez9Gabp4AaABAg,2025-10-13T14:47:17Z,1
E1_increase,q_IcFRLYqL8,Ugxp6vH6UxiCQnc2FVd4AaABAg,2025-10-04T12:39:34Z,1
E1_increase,q_IcFRLYqL8,UgzlalnzOF9WURZzbfp4AaABAg,2025-10-02T00:11:48Z,0
E1_increase,q_IcFRLYqL8,UgzArRFAUStiWDXB7Ct4AaABAg,2026-06-25T18:26:01Z,0
E1_increase,q_IcFRLYqL8,UgzoBlaIIud3liDNM994AaABAg,2025-10-01T23:50:11Z,0
E1_increase,q_IcFRLYqL8,UgzMYnUXNy57WZq1jdx4AaABAg,2025-10-02T06:09:14Z,0
E1_increase,q_IcFRLYqL8,Ugz5iJZc4yx0s5EPKsZ4AaABAg,2025-10-01T21:44:14Z,1
E1_increase,q_IcFRLYqL8,Ugyagyw1BC6uid0Kp6F4AaABAg,2025-10-01T21:29:00Z,1
E1_increase,q_IcFRLYqL8,UgwaZI7P8W4W-HMwQXJ4AaABAg,2025-10-02T03:18:53Z,0
E1_increase,q_IcFRLYqL8,UgweHGu1M1gPNeW_fs14AaABAg,2025-10-02T16:37:38Z,1
E1_increase,q_IcFRLYqL8,Ugw51eoJBI3bHlGlsQh4AaABAg,2025-10-02T14:57:23Z,0
E1_increase,q_IcFRLYqL8,UgwmGUKlhfHIhIA1CQB4AaABAg,2025-10-02T00:53:05Z,1
E1_increase,q_IcFRLYqL8,UgxWy46Tlnq2FmgO6oR4AaABAg,2025-10-02T00:36:03Z,0
E1_increase,q_IcFRLYqL8,UgwjjRfYHdnSjIgb6V94AaABAg,2025-10-03T05:06:45Z,0
E1_increase,q_IcFRLYqL8,UgxmP5QliQFTgAoen-F4AaABAg,2025-10-02T06:17:00Z,0
E1_increase,q_IcFRLYqL8,UgznHYoFb32JNNIv13t4AaABAg,2025-10-01T21:46:14Z,0
E1_increase,q_IcFRLYqL8,Ugwdk5bCR1LUItOK3Wt4AaABAg,2025-10-02T15:14:09Z,0
E1_increase,q_IcFRLYqL8,UgwuzAqwVjK9scee6Lh4AaABAg,2025-10-01T22:52:57Z,0
E1_increase,q_IcFRLYqL8,UgxCj-vDB3AamTAhIIZ4AaABAg,2025-10-01T23:00:52Z,0
E1_increase,q_IcFRLYqL8,UgxC3kgl1j1wIUADYTx4AaABAg,2025-10-02T06:10:27Z,0
E1_increase,q_IcFRLYqL8,UgxbNMXNZMe2FrVKxAR4AaABAg,2025-10-01T22:01:56Z,0
E1_increase,q_IcFRLYqL8,UgxFSDoUmsPR1g5rOcp4AaABAg,2025-10-02T05:45:16Z,0
E1_increase,q_IcFRLYqL8,Ugxa1Y9vmeiEtuO6W3t4AaABAg,2025-10-04T14:37:29Z,0
E1_increase,q_IcFRLYqL8,UgxU0Vt38kIoTkz983N4AaABAg,2025-10-01T21:43:10Z,0
E1_increase,q_IcFRLYqL8,UgxoS2roTUteqyR0ORt4AaABAg,2025-10-01T22:06:51Z,1
E1_increase,q_IcFRLYqL8,Ugz52kYN1W4TFP0pq994AaABAg,2025-10-02T15:58:12Z,0
E1_increase,q_IcFRLYqL8,UgwS2ovxp4w2vd0JxlZ4AaABAg,2025-10-02T14:24:32Z,1
E1_increase,q_IcFRLYqL8,UgxClsu24VQblVlqeAR4AaABAg,2025-10-02T18:01:30Z,1
E1_increase,q_IcFRLYqL8,UgycVQJYorWE0xNngPR4AaABAg,2025-10-01T22:50:37Z,0
E1_increase,q_IcFRLYqL8,UgzqKhWh-YoPLK6bVxt4AaABAg,2025-10-02T13:02:38Z,0
E1_increase,q_IcFRLYqL8,Ugxn61f332u4_OiYqCh4AaABAg,2025-10-02T06:35:27Z,0
E1_increase,q_IcFRLYqL8,UgweibzIHyIZs1k-4eZ4AaABAg,2025-10-03T08:56:47Z,0
E1_increase,q_IcFRLYqL8,UgxAXwqiwQq7oDokZvJ4AaABAg,2025-10-01T22:24:13Z,0
E1_increase,q_IcFRLYqL8,Ugx4L07iIF0ZataPmGp4AaABAg,2025-10-01T23:46:47Z,0
E1_increase,q_IcFRLYqL8,UgzoIwmJLkaDjUlTj5B4AaABAg,2025-10-02T15:18:08Z,1
E1_increase,q_IcFRLYqL8,UgxYq3SjqVh2JbwT1lZ4AaABAg,2025-10-02T06:19:29Z,0
E1_increase,q_IcFRLYqL8,Ugw-9P6cnhKy37_Px9p4AaABAg,2025-10-02T04:08:55Z,0
E1_increase,q_IcFRLYqL8,Ugze31uZXsfyII0tV614AaABAg,2025-10-02T02:06:20Z,0
E1_increase,q_IcFRLYqL8,UgylqC3XOWUSFPH8J1p4AaABAg,2025-10-02T18:53:53Z,1
E1_increase,q_IcFRLYqL8,UgyW5iB2LfpaDuxtBGF4AaABAg,2025-10-01T22:23:32Z,0
E1_increase,q_IcFRLYqL8,Ugzt6Yk9QGYuEdaJrtl4AaABAg,2025-10-02T04:06:11Z,0
E1_increase,q_IcFRLYqL8,UgyFuBtOMc6BGlsbguB4AaABAg,2025-10-01T23:57:34Z,0
E1_increase,q_IcFRLYqL8,Ugy6jcnRL0l7621NjDV4AaABAg,2025-10-02T14:31:34Z,0
E1_increase,q_IcFRLYqL8,Ugy-jeJW0YVWN7RAR7l4AaABAg,2025-10-02T00:53:20Z,0
E1_increase,q_IcFRLYqL8,UgxRl6c4d0UFeWrle_54AaABAg,2025-10-02T03:53:27Z,0
E1_increase,q_IcFRLYqL8,UgyLcFqibD7NcK6_4sV4AaABAg,2025-10-01T23:01:10Z,0
E1_increase,q_IcFRLYqL8,UgzqG1YyOQn5cGKUX9t4AaABAg,2025-10-03T17:10:52Z,0
E1_increase,q_IcFRLYqL8,UgzjMNT0lKjdgc9Wret4AaABAg,2025-10-02T06:17:09Z,0
E1_increase,q_IcFRLYqL8,UgwyqyE_Yx2-LJIM8e94AaABAg,2025-10-02T02:28:50Z,1
E1_increase,q_IcFRLYqL8,Ugxk9FCKt5UyAjlDJ3x4AaABAg,2025-10-01T22:07:56Z,0
E1_increase,q_IcFRLYqL8,UgzgPQNmwQ6v9zduhGx4AaABAg,2025-10-02T22:00:42Z,0
E1_increase,q_IcFRLYqL8,UgwYCtBq5vR65bbjJWt4AaABAg,2025-10-03T20:55:53Z,0
E1_increase,q_IcFRLYqL8,UgwqgEFSvKQZ2NE327B4AaABAg,2025-10-02T18:43:55Z,1
E1_increase,q_IcFRLYqL8,UgwHVfkjv6VRe3c0zit4AaABAg,2025-10-02T09:49:22Z,0
E1_increase,q_IcFRLYqL8,Ugz2ijpidMfdj8lb2wh4AaABAg,2025-10-01T21:32:38Z,0
E1_increase,q_IcFRLYqL8,UgyeH4J6D4Nf3wJq9ix4AaABAg,2025-10-03T13:22:46Z,1
E1_increase,q_IcFRLYqL8,UgxYGsdWdUkbjel3vvd4AaABAg,2025-10-01T23:20:54Z,0
E1_increase,q_IcFRLYqL8,UgyP4evKgg1PHL5nsWV4AaABAg,2025-10-02T21:49:14Z,0
E1_increase,q_IcFRLYqL8,UgxETEd4hISW7zIyfx94AaABAg,2025-10-02T04:13:11Z,0
E1_increase,q_IcFRLYqL8,Ugy2j1nUHARluuFBTGN4AaABAg,2025-10-02T05:40:03Z,0
E1_increase,q_IcFRLYqL8,UgxptPmaLreVK2tjBFJ4AaABAg,2025-10-02T12:38:49Z,0
E1_increase,q_IcFRLYqL8,UgwIRUrCSRaH84811EB4AaABAg,2025-10-03T05:22:52Z,0
E1_increase,q_IcFRLYqL8,UgwTYYUzItkPnp1J2C94AaABAg,2025-10-01T21:56:15Z,0
E1_increase,q_IcFRLYqL8,UgwI-x_Ng4b_TcJo0eB4AaABAg,2025-12-10T14:00:49Z,0
E1_increase,q_IcFRLYqL8,UgxSc5p4WexYMcPCSOl4AaABAg,2025-10-02T01:16:24Z,0
E1_increase,q_IcFRLYqL8,UgzIcZjDC10W_7LHOfh4AaABAg,2025-10-02T05:48:13Z,0
E1_increase,q_IcFRLYqL8,Ugx0HhNJqbDO8ctM9t94AaABAg,2025-10-01T23:06:06Z,0
E1_increase,q_IcFRLYqL8,UgyyowJgXkJrgjBSWap4AaABAg,2025-10-02T18:56:29Z,1
E1_increase,q_IcFRLYqL8,UgxL0mcANRXPeyWzR0l4AaABAg,2025-10-01T22:50:46Z,0
E1_increase,q_IcFRLYqL8,Ugy-Zm8te2niDkENBah4AaABAg,2025-10-02T04:11:29Z,0
E1_increase,q_IcFRLYqL8,UgwR-XdlV91bUl_3Emp4AaABAg,2025-10-01T22:34:01Z,0
E1_increase,q_IcFRLYqL8,UgzCHHhM4RPwH7Mf1_J4AaABAg,2025-10-03T03:48:03Z,0
E1_increase,q_IcFRLYqL8,UgyoT5lMDDuJRyVjTzR4AaABAg,2025-10-01T22:26:20Z,0
E1_increase,q_IcFRLYqL8,UgwSt1wTRd3o60rNNP14AaABAg,2025-10-04T16:35:03Z,0
E1_increase,q_IcFRLYqL8,UgyK4QWXCxlWkqoGVvt4AaABAg,2025-10-01T22:51:56Z,0
E1_increase,q_IcFRLYqL8,UgxhX7diAnKfNNZV5S14AaABAg,2025-10-01T21:17:34Z,0
E1_increase,q_IcFRLYqL8,Ugxwe2x_GfoU4I1YcfN4AaABAg,2025-10-01T23:08:24Z,0
E1_increase,q_IcFRLYqL8,UgxX-01UojiIsg2Tgc94AaABAg,2025-10-03T18:04:39Z,0
E1_increase,q_IcFRLYqL8,Ugx5RTZjFDjszPsPuFJ4AaABAg,2025-10-02T18:53:47Z,1
E1_increase,q_IcFRLYqL8,UgwvCi6boKM_yDPTbO54AaABAg,2025-10-02T13:54:00Z,1
E1_increase,q_IcFRLYqL8,UgxAgTO2TNrlnjP_pcF4AaABAg,2025-10-01T21:50:27Z,1
E1_increase,q_IcFRLYqL8,UgyDkC1OwOXZ0zJG0D94AaABAg,2025-10-02T02:21:12Z,0
E1_increase,q_IcFRLYqL8,Ugzk0Y09zXtTrWfbFMl4AaABAg,2025-10-17T22:40:12Z,0
E1_increase,q_IcFRLYqL8,Ugxf-Wb4mM9bv7W0jaB4AaABAg,2025-10-02T22:31:17Z,0
E1_increase,q_IcFRLYqL8,UgzyOaq5VdC-qOxYjnF4AaABAg,2025-10-01T21:25:13Z,0
E1_increase,q_IcFRLYqL8,UgzzfXjTFFmgt_7jr6x4AaABAg,2025-10-03T00:51:07Z,0
E1_increase,q_IcFRLYqL8,UgzvzsTwBXbh-LVGfdx4AaABAg,2025-10-02T03:27:59Z,0
E1_increase,q_IcFRLYqL8,UgzhxQOjSj_6nRl99VN4AaABAg,2025-11-18T19:59:18Z,0
E1_increase,q_IcFRLYqL8,UgyP7gC7uJSCyM-_Hct4AaABAg,2025-10-02T00:43:06Z,0
E1_increase,q_IcFRLYqL8,UgzIXoU9b4o0InYFtgJ4AaABAg,2025-10-02T01:31:40Z,0
E1_increase,q_IcFRLYqL8,UgwxtlES5-bJHeX0Zy54AaABAg,2025-10-02T12:08:24Z,1
E1_increase,q_IcFRLYqL8,UgyhfwRugKSNdJv_9zV4AaABAg,2025-10-02T09:58:20Z,0
E1_increase,q_IcFRLYqL8,Ugy3nZR1o5QqAHtAdc14AaABAg,2025-10-02T10:49:26Z,0
E1_increase,q_IcFRLYqL8,UgwTa2DNJ-qNhOSxQxZ4AaABAg,2025-10-02T09:39:45Z,0
E1_increase,q_IcFRLYqL8,Ugw48--ivEQTBTpbfyF4AaABAg,2025-10-02T14:23:45Z,1
E1_increase,q_IcFRLYqL8,Ugy02aIPJv8qKi9wTud4AaABAg,2025-10-02T23:22:39Z,0
E1_increase,q_IcFRLYqL8,UgyzebfOU87G6bX-hNB4AaABAg,2025-10-03T01:10:36Z,0
E1_increase,q_IcFRLYqL8,UgwiHaQbZ8YCkZqkiX14AaABAg,2025-10-02T00:31:07Z,0
E1_increase,q_IcFRLYqL8,UgwD6-PLk_-Ioee3vv14AaABAg,2025-10-01T22:15:06Z,0
E1_increase,q_IcFRLYqL8,UgyrWIZPTiAtihua-0p4AaABAg,2025-10-02T14:38:05Z,0
E1_increase,q_IcFRLYqL8,UgwoQPU2IqOKHm3HDL94AaABAg,2025-10-02T11:19:36Z,0
E1_increase,q_IcFRLYqL8,UgymldsZGwnX2Hf4S-B4AaABAg,2025-10-04T17:30:08Z,0
E1_increase,q_IcFRLYqL8,Ugw1atiR70GHQmFBXsd4AaABAg,2025-10-02T00:22:33Z,0
E1_increase,q_IcFRLYqL8,UgxTImRG3js-Q2XblXV4AaABAg,2025-10-03T21:32:23Z,0
E1_increase,q_IcFRLYqL8,UgxuG50aGkFP4b5Ciyt4AaABAg,2025-10-10T01:43:53Z,0
E1_increase,q_IcFRLYqL8,Ugy82uA2dAX4hc3yk254AaABAg,2025-10-01T22:25:57Z,0
E1_increase,q_IcFRLYqL8,UgxxpAs91bQmDc8-Int4AaABAg,2025-10-01T22:42:46Z,0
E1_increase,q_IcFRLYqL8,UgzWl1DBgseQlWtulGx4AaABAg,2025-10-03T01:20:53Z,0
E1_increase,q_IcFRLYqL8,UgzqFQ4L4r7zO9pGeyN4AaABAg,2025-10-02T03:10:43Z,0
E1_increase,q_IcFRLYqL8,Ugw7C2ZyvBBuYvuYzGN4AaABAg,2025-10-01T23:16:38Z,0
E1_increase,q_IcFRLYqL8,UgyQau6U7OH1o2CaBF54AaABAg,2025-10-02T03:15:24Z,0
E1_increase,q_IcFRLYqL8,UgwBGskzfVL5MlBieeR4AaABAg,2025-10-02T05:44:42Z,0
E1_increase,q_IcFRLYqL8,Ugwz80yGhdzk_n6TMER4AaABAg,2025-10-02T00:55:00Z,0
E1_increase,q_IcFRLYqL8,Ugz8LnemHMXRQMpBOV94AaABAg,2025-10-02T15:36:18Z,0
E1_increase,q_IcFRLYqL8,UgxHaLGjHlfYiQlFfdh4AaABAg,2025-10-01T21:18:42Z,0
E1_increase,q_IcFRLYqL8,UgyhNB2U9cMmm2RveJZ4AaABAg,2025-10-02T07:38:16Z,0
E1_increase,q_IcFRLYqL8,UgwFpsWFYnqOY6sXegp4AaABAg,2025-10-02T10:07:35Z,0
E1_increase,q_IcFRLYqL8,Ugx8QDCyE1ALomNyMCF4AaABAg,2025-10-03T19:01:25Z,1
E1_increase,q_IcFRLYqL8,UgyFuHEQBm7F4hMpGuZ4AaABAg,2025-10-02T09:58:13Z,0
E1_increase,q_IcFRLYqL8,UgzypoH31Uoegs1ciU54AaABAg,2025-10-02T05:38:29Z,0
E1_increase,q_IcFRLYqL8,UgyRFi4nop0Vaq5elBh4AaABAg,2025-10-05T05:48:56Z,0
E1_increase,q_IcFRLYqL8,UgwlVMxzMrdyWy41LrJ4AaABAg,2025-10-02T02:48:25Z,0
E1_increase,q_IcFRLYqL8,UgwBUM8BuGShsUEzoMt4AaABAg,2025-10-02T12:39:18Z,1
E1_increase,q_IcFRLYqL8,Ugy6jcg90aS45g1WsFB4AaABAg,2025-10-01T23:07:48Z,0
E1_increase,q_IcFRLYqL8,UgypgWqETfNzd50DlQN4AaABAg,2025-10-02T23:58:49Z,0
E1_increase,q_IcFRLYqL8,Ugxt-LPOJ72yL_EzHy94AaABAg,2025-10-02T00:05:57Z,0
E1_increase,q_IcFRLYqL8,Ugz-TewNA2ZKZe8Ea6Z4AaABAg,2025-10-02T15:03:17Z,0
E1_increase,q_IcFRLYqL8,Ugy1ieVIzkmyEBWf-654AaABAg,2025-10-04T06:13:18Z,0
E1_increase,q_IcFRLYqL8,UgwZD7yLC30m_eelwPJ4AaABAg,2025-10-02T01:01:18Z,0
E1_increase,q_IcFRLYqL8,Ugzusv4lAse5tNyKwMB4AaABAg,2025-10-01T22:09:00Z,0
E1_increase,q_IcFRLYqL8,Ugy2bjRXGONukzKKX214AaABAg,2025-10-02T05:35:59Z,1
E1_increase,q_IcFRLYqL8,UgxF5NecrUcSE6ZBbUh4AaABAg,2025-10-01T22:47:12Z,0
E1_increase,q_IcFRLYqL8,UgxHwSzKKq9f3txAM514AaABAg,2025-10-02T06:07:46Z,0
E1_increase,q_IcFRLYqL8,UgzmArGWLbuX7Th-qHh4AaABAg,2025-10-03T07:09:22Z,0
E1_increase,q_IcFRLYqL8,Ugx-JX39CGPiAFWqFx14AaABAg,2025-10-01T22:48:11Z,0
E1_increase,q_IcFRLYqL8,UgxqUSmdTm076BEyfoB4AaABAg,2025-10-02T08:15:02Z,0
E1_increase,q_IcFRLYqL8,UgxEm3WpBKCHjMwVSFN4AaABAg,2025-10-07T13:59:13Z,0
E1_increase,q_IcFRLYqL8,Ugy3jDDn81Lg7RzjYoJ4AaABAg,2025-10-02T02:09:49Z,0
E1_increase,q_IcFRLYqL8,UgytkjYBHeuUcZxxqh94AaABAg,2025-10-04T04:43:15Z,0
E1_increase,q_IcFRLYqL8,UgzeyXPNayXB91Urt_R4AaABAg,2025-10-01T23:40:16Z,0
E1_increase,q_IcFRLYqL8,UgxRuNj5hBLbJ3aQU-t4AaABAg,2025-10-02T11:46:38Z,0
E1_increase,q_IcFRLYqL8,Ugz4byYTrSIOFcLOamR4AaABAg,2025-10-02T11:41:50Z,1
E1_increase,q_IcFRLYqL8,Ugweg2_dxM5-GcqZynp4AaABAg,2025-10-01T22:24:51Z,0
E1_increase,q_IcFRLYqL8,Ugz96GZ658LnaSshtAp4AaABAg,2025-10-02T21:44:01Z,0
E1_increase,q_IcFRLYqL8,Ugz5oVQ2YxOgjYpOH3x4AaABAg,2025-10-02T04:23:09Z,0
E1_increase,q_IcFRLYqL8,UgwMPPhi4pvYiOg3ZWt4AaABAg,2025-10-02T17:45:11Z,1
E1_increase,q_IcFRLYqL8,UgzYsrmtIQX6GqnF9hF4AaABAg,2025-10-02T11:48:13Z,0
E1_increase,q_IcFRLYqL8,Ugz8dHZUgjLUVPlwjed4AaABAg,2025-10-28T19:27:11Z,0
E1_increase,q_IcFRLYqL8,Ugz3J7XK2CPfr90843B4AaABAg,2025-10-22T02:05:44Z,0
E1_increase,q_IcFRLYqL8,UgxJyKIfFoK1ioVOutp4AaABAg,2025-10-02T00:27:40Z,0
E1_increase,q_IcFRLYqL8,UgyJMPNVTm0Dj4ykz_l4AaABAg,2025-10-01T22:32:07Z,0
E1_increase,q_IcFRLYqL8,UgyyNFLASfhAgEIsz4V4AaABAg,2025-10-02T15:18:28Z,1
E1_increase,q_IcFRLYqL8,UgxNdn7tiDYZVoD5nbV4AaABAg,2025-10-01T22:25:40Z,0
E1_increase,q_IcFRLYqL8,Ugzp-q1KCF2JrEttUj54AaABAg,2025-10-05T18:21:29Z,0
E1_increase,q_IcFRLYqL8,Ugyd0PfnkyxLkfxLYAV4AaABAg,2025-10-02T10:17:30Z,0
E1_increase,q_IcFRLYqL8,UgxbGe3njx40bkGt_gp4AaABAg,2025-10-01T21:47:13Z,0
E1_increase,q_IcFRLYqL8,UgzvuSKti2Ix3O83trl4AaABAg,2025-10-01T22:22:54Z,0
E1_increase,q_IcFRLYqL8,UgwG5NznTVSN_oz9zDN4AaABAg,2025-10-04T08:50:01Z,0
E1_increase,q_IcFRLYqL8,UgzJlc9dfwXpTJc3bU14AaABAg,2025-10-02T13:27:11Z,0
E1_increase,q_IcFRLYqL8,UgypyyJz28_Sl1tK8WN4AaABAg,2025-10-04T02:12:10Z,0
E1_increase,q_IcFRLYqL8,UgxoTn6jj2kpjuXt6KR4AaABAg,2025-10-02T03:23:28Z,2
E1_increase,q_IcFRLYqL8,UgyH0XO1bzK5rPpgYNR4AaABAg,2025-10-02T02:24:38Z,0
E1_increase,q_IcFRLYqL8,Ugw5z8DxMTDZOT137qF4AaABAg,2025-10-02T12:29:30Z,0
E1_increase,q_IcFRLYqL8,UgyUQYZE7IvZC7s3r-Z4AaABAg,2025-10-02T00:08:16Z,0
E1_increase,q_IcFRLYqL8,UgzTW2pkxal0_nYD-f54AaABAg,2025-10-02T15:00:15Z,0
E1_increase,q_IcFRLYqL8,Ugzi_hTBOKTgR6THIT14AaABAg,2025-10-02T12:56:09Z,0
E1_increase,q_IcFRLYqL8,UgxIlXagrWOQwV8MoLt4AaABAg,2025-10-01T22:08:25Z,0
E1_increase,q_IcFRLYqL8,UgyqTD1fm9P1YfMxA_F4AaABAg,2025-10-02T00:46:29Z,0
E1_increase,q_IcFRLYqL8,UgwV5HHHsHq0ELvzxbZ4AaABAg,2025-10-01T23:09:39Z,0
E1_increase,q_IcFRLYqL8,Ugym5MoSzGCnxR7OlUV4AaABAg,2025-10-01T23:40:19Z,0
E1_increase,q_IcFRLYqL8,UgyA1exaVDcDd0i6zQp4AaABAg,2025-10-01T23:49:29Z,0
E1_increase,q_IcFRLYqL8,Ugxkg3U_-GEDge2kC9h4AaABAg,2025-10-01T23:56:57Z,0
E1_increase,q_IcFRLYqL8,UgwCuYvb9_XHVAIXFC94AaABAg,2025-10-01T21:15:01Z,0
E1_increase,q_IcFRLYqL8,UgzzcEnanpFeZZYO8kl4AaABAg,2025-10-03T22:52:42Z,0
E1_increase,q_IcFRLYqL8,Ugzpa0Cqf8GB_tM_FA94AaABAg,2025-10-01T22:41:36Z,1
E1_increase,q_IcFRLYqL8,UgwNk5pzeHfOgEtSWeh4AaABAg,2025-10-01T21:51:19Z,0
E1_increase,q_IcFRLYqL8,UgzILU086DprcQtH4X54AaABAg,2025-10-02T10:35:19Z,0
E1_increase,q_IcFRLYqL8,UgyvcOSYQOutNMfajUt4AaABAg,2025-10-02T00:41:01Z,0
E1_increase,q_IcFRLYqL8,UgzomIiIIDJct6bncWJ4AaABAg,2025-10-02T07:17:56Z,0
E1_increase,q_IcFRLYqL8,UgxPMAFGUYHkVScMuq14AaABAg,2025-10-02T00:18:59Z,1
E1_increase,q_IcFRLYqL8,UgwxRVNgJBwji_VB6JB4AaABAg,2025-10-03T16:18:34Z,0
E1_increase,q_IcFRLYqL8,UgzWIMNOw9FpCFdsIWt4AaABAg,2025-11-15T21:42:38Z,0
E1_increase,q_IcFRLYqL8,UgzQBVawSf3hswVLfnV4AaABAg,2025-10-03T09:14:11Z,0
E1_increase,q_IcFRLYqL8,UgyBtoIdgdWx0FB2fuF4AaABAg,2025-10-03T05:28:21Z,0
E1_increase,q_IcFRLYqL8,UgwCc01NgJmg7aWImet4AaABAg,2025-10-02T12:34:31Z,0
E1_increase,q_IcFRLYqL8,UgyMjOW8qzFbuhrWkNp4AaABAg,2025-10-03T09:16:14Z,0
E1_increase,q_IcFRLYqL8,UgzzjNwnDVyW038UyK14AaABAg,2025-10-02T10:57:41Z,0
E1_increase,q_IcFRLYqL8,UgxWVfOhNYTZ2fN42_R4AaABAg,2025-10-02T02:10:29Z,0
E1_increase,q_IcFRLYqL8,UgzV6n9TJ4hVFRjDZ994AaABAg,2025-10-01T23:19:16Z,0
E1_increase,q_IcFRLYqL8,UgwH5OVmhPILQe5I1Lt4AaABAg,2025-10-02T02:43:27Z,0
E1_increase,q_IcFRLYqL8,UgxXAfujyi2ufRQmQ4R4AaABAg,2025-10-01T22:17:33Z,0
E1_increase,q_IcFRLYqL8,Ugzevk0kRhToL1KVulh4AaABAg,2025-10-01T21:40:01Z,0
E1_increase,q_IcFRLYqL8,UgwHA3ZAnxt9jXRqj-B4AaABAg,2025-10-01T23:18:47Z,1
E1_increase,q_IcFRLYqL8,UgzxPR4dfopMn1OaVgp4AaABAg,2025-10-01T23:48:11Z,0
E1_increase,q_IcFRLYqL8,Ugy8TgoUdtCsqES680x4AaABAg,2025-10-01T21:58:13Z,1
E1_increase,q_IcFRLYqL8,UgyRbIapG2i6Dr-Sr0d4AaABAg,2025-10-02T00:08:25Z,0
E1_increase,q_IcFRLYqL8,Ugxs2F3xGnmDG7Djelp4AaABAg,2025-10-02T03:09:18Z,0
E1_increase,q_IcFRLYqL8,Ugxlk5qEoN2FeUYk8Qp4AaABAg,2025-10-01T22:03:23Z,0
E1_increase,q_IcFRLYqL8,UgynuOrJXbmL1V6Zc314AaABAg,2025-10-01T22:11:50Z,0
E1_increase,q_IcFRLYqL8,Ugzti8im-adKo48Gq2B4AaABAg,2025-10-01T21:12:44Z,0
E1_increase,q_IcFRLYqL8,Ugx55wnHamnihbUJCYV4AaABAg,2025-10-02T15:48:27Z,0
E1_increase,q_IcFRLYqL8,UgzPs2yOKAskr952gaJ4AaABAg,2025-10-02T06:26:24Z,0
E1_increase,DvwVMa0Ddg0,Ugx2zKvPh25NZJ_rqUJ4AaABAg,2025-10-01T23:16:43Z,1274
E1_increase,DvwVMa0Ddg0,Ugw7sF1dIAhuPIEUetV4AaABAg,2025-10-02T02:16:16Z,78
E1_increase,DvwVMa0Ddg0,UgzSufx1zMzBPKI7x5t4AaABAg,2025-10-01T22:33:24Z,646
E1_increase,DvwVMa0Ddg0,Ugwy2CTXLAdRPzYpXtl4AaABAg,2025-10-02T02:34:28Z,140
E1_increase,DvwVMa0Ddg0,UgyaO8HtCfRCoh20R6R4AaABAg,2025-10-01T23:57:10Z,254
E1_increase,DvwVMa0Ddg0,UgwOPWSeFwGHxk3bL-p4AaABAg,2025-10-02T04:27:25Z,46
E1_increase,DvwVMa0Ddg0,Ugyyyo3xXXq0icuWrxN4AaABAg,2025-10-01T23:33:02Z,273
E1_increase,DvwVMa0Ddg0,UgwsTNQooNzuNFAHf-t4AaABAg,2025-10-02T07:23:00Z,21
E1_increase,DvwVMa0Ddg0,Ugwz9n9AiyH524iqXn54AaABAg,2025-10-01T22:06:39Z,281
E1_increase,DvwVMa0Ddg0,UgzLUbi-taDSpukPbap4AaABAg,2025-10-02T15:54:05Z,1
E1_increase,DvwVMa0Ddg0,UgyGYrja36C3ZImtgQh4AaABAg,2025-10-01T23:11:14Z,660
E1_increase,DvwVMa0Ddg0,UgyluinYHzkFHn3cKqx4AaABAg,2025-10-02T12:22:50Z,5
E1_increase,DvwVMa0Ddg0,Ugy-DwIWNah6IB9J6ml4AaABAg,2025-10-02T01:55:30Z,180
E1_increase,DvwVMa0Ddg0,UgzYziZ2U562mnVqldl4AaABAg,2025-10-02T07:52:23Z,2
E1_increase,DvwVMa0Ddg0,UgxWytbo_NWVKIpn6sp4AaABAg,2025-10-01T22:08:16Z,108
E1_increase,DvwVMa0Ddg0,UgxCS2ut_ZJALU-xaL54AaABAg,2025-10-02T02:49:50Z,10
E1_increase,DvwVMa0Ddg0,Ugys_JRJVm9TgAlvCut4AaABAg,2025-10-01T22:47:41Z,65
E1_increase,DvwVMa0Ddg0,UgzTiQDdRgNYlkZPGzJ4AaABAg,2025-10-02T03:00:54Z,94
E1_increase,DvwVMa0Ddg0,Ugz1eUOnz3pDYES0XtZ4AaABAg,2025-10-01T22:12:46Z,92
E1_increase,DvwVMa0Ddg0,UgwwF9OchDjepxK6J0F4AaABAg,2025-10-02T08:37:12Z,2
E1_increase,DvwVMa0Ddg0,UgybO1osGIVgu12tBbp4AaABAg,2025-10-01T22:10:19Z,117
E1_increase,DvwVMa0Ddg0,UgwQDu-pW1MiwGfIPUB4AaABAg,2025-10-02T03:40:38Z,6
E1_increase,DvwVMa0Ddg0,UgwfaBI68OA4L94MKvB4AaABAg,2025-10-01T23:22:00Z,104
E1_increase,DvwVMa0Ddg0,Ugyj9tjTPKe9njz1uDN4AaABAg,2025-10-02T05:21:06Z,4
E1_increase,DvwVMa0Ddg0,UgyfycUsefiR9BQL0w54AaABAg,2025-10-01T23:07:12Z,42
E1_increase,DvwVMa0Ddg0,Ugzywum1Vud4_aTJANl4AaABAg,2025-10-02T06:08:29Z,5
E1_increase,DvwVMa0Ddg0,Ugxvov0TWoDvzV5r0ZJ4AaABAg,2025-10-02T00:30:05Z,90
E1_increase,DvwVMa0Ddg0,UgzcPVLZ17FS054qhEV4AaABAg,2025-10-02T18:32:27Z,2
E1_increase,DvwVMa0Ddg0,UgyrtBcXL7T9If_ARX94AaABAg,2025-10-01T22:11:19Z,112
E1_increase,DvwVMa0Ddg0,UgzCGSsVa5G1zM2vDd94AaABAg,2025-10-02T06:02:15Z,5
E1_increase,DvwVMa0Ddg0,UgxOYjxdrmDxDniO_Hl4AaABAg,2025-10-01T22:02:40Z,179
E1_increase,DvwVMa0Ddg0,Ugy_zxXRaHrLvA6VRNN4AaABAg,2025-10-02T06:28:16Z,6
E1_increase,DvwVMa0Ddg0,UgyIR-yFfdotr-P1zdd4AaABAg,2025-10-01T22:05:08Z,686
E1_increase,DvwVMa0Ddg0,UgwUMvqN55Zpz3gye8p4AaABAg,2025-10-02T09:03:07Z,1
E1_increase,DvwVMa0Ddg0,UgxEtirLS6GtkGGUhaV4AaABAg,2025-10-01T22:49:51Z,71
E1_increase,DvwVMa0Ddg0,UgxWt3sVIad1Xh9HHqZ4AaABAg,2025-10-02T05:51:18Z,1
E1_increase,DvwVMa0Ddg0,UgxhcfdvkSiEPoUx_CB4AaABAg,2025-10-01T22:43:40Z,33
E1_increase,DvwVMa0Ddg0,UgwlnMZgeKqW77HAMYF4AaABAg,2025-10-08T15:29:14Z,1
E1_increase,DvwVMa0Ddg0,UgyIgInrsaAxC69o4RV4AaABAg,2025-10-02T01:52:29Z,19
E1_increase,DvwVMa0Ddg0,UgwSxnRJkTlb8508og14AaABAg,2025-10-02T14:17:53Z,0
E1_increase,DvwVMa0Ddg0,Ugx438qkbQQAZnfqQF54AaABAg,2025-10-02T01:19:28Z,30
E1_increase,DvwVMa0Ddg0,UgxIsKDXsRd38cwok8B4AaABAg,2025-10-02T03:37:00Z,1
E1_increase,DvwVMa0Ddg0,UgxAi1fYwcOhfs4cpjF4AaABAg,2025-10-01T23:39:34Z,76
E1_increase,DvwVMa0Ddg0,UgxUhNCOlKQtoSTIoCR4AaABAg,2025-10-02T06:18:24Z,1
E1_increase,DvwVMa0Ddg0,UgznE8WmgeSC77JraQd4AaABAg,2025-10-01T22:16:19Z,30
E1_increase,DvwVMa0Ddg0,UgzuP9NRIId9N-E3M1N4AaABAg,2025-10-04T02:15:08Z,1
E1_increase,DvwVMa0Ddg0,Ugzi0Jqh56q21eD9vt54AaABAg,2025-10-01T22:29:49Z,11
E1_increase,DvwVMa0Ddg0,UgwivLHb9AQuY3nLWpJ4AaABAg,2025-10-02T14:20:00Z,1
E1_increase,DvwVMa0Ddg0,UgyjtLulyKhqHfeG3k54AaABAg,2025-10-02T00:48:59Z,7
E1_increase,DvwVMa0Ddg0,UgwOPnAMhLpwhfP2EyB4AaABAg,2025-10-02T02:57:12Z,1
E1_increase,DvwVMa0Ddg0,UgzOT3kq6SmPbJ8QYkh4AaABAg,2025-10-01T22:04:49Z,15
E1_increase,DvwVMa0Ddg0,UgwIusUgE7TOHi9t_DN4AaABAg,2025-10-02T15:07:15Z,1
E1_increase,DvwVMa0Ddg0,UgxlH30hJ3nF66Z8zEd4AaABAg,2025-10-02T00:03:10Z,6
E1_increase,DvwVMa0Ddg0,Ugw5Hp97ZCcW_--2YCV4AaABAg,2025-10-02T03:33:15Z,2
E1_increase,DvwVMa0Ddg0,UgyQ6UcVOyCGsICsGd94AaABAg,2025-10-02T00:08:42Z,17
E1_increase,DvwVMa0Ddg0,Ugzfb4qbq_DB6OO9INR4AaABAg,2025-10-02T10:02:36Z,1
E1_increase,DvwVMa0Ddg0,UgwnguS8zeqfk2nkdC54AaABAg,2025-10-02T00:04:36Z,13
E1_increase,DvwVMa0Ddg0,UgxJktDQ7sR2Y6bKcYx4AaABAg,2025-10-02T08:00:35Z,1
E1_increase,DvwVMa0Ddg0,UgxvT785l9D78lGRjIl4AaABAg,2025-10-01T22:08:00Z,61
E1_increase,DvwVMa0Ddg0,UgzxQ4HQWQESPHSMc3p4AaABAg,2025-10-02T06:51:14Z,1
E1_increase,DvwVMa0Ddg0,Ugz2p-5amhtLzgq-nEh4AaABAg,2025-10-01T23:03:16Z,5
E1_increase,DvwVMa0Ddg0,UgwQBPSsagGkEMpTTld4AaABAg,2025-10-03T10:45:40Z,1
E1_increase,DvwVMa0Ddg0,Ugzng8WBWfgQLrGAVBV4AaABAg,2025-10-01T22:32:01Z,5
E1_increase,DvwVMa0Ddg0,UgzABELZLIYdwbOK6o14AaABAg,2025-10-02T10:37:59Z,2
E1_increase,DvwVMa0Ddg0,Ugwp_x78HHO4FSwNDy54AaABAg,2025-10-01T23:19:25Z,10
E1_increase,DvwVMa0Ddg0,UgyqJpjAgPceIxTV5_Z4AaABAg,2025-10-03T01:55:14Z,1
E1_increase,DvwVMa0Ddg0,Ugyl0lYKZgN1jHjS7Pp4AaABAg,2025-10-01T23:30:47Z,10
E1_increase,DvwVMa0Ddg0,UgzkHVwnzk-35IKfBfN4AaABAg,2025-10-03T00:31:01Z,0
E1_increase,DvwVMa0Ddg0,UgxNd14pTp9PZUnJOUN4AaABAg,2025-10-02T00:00:24Z,11
E1_increase,DvwVMa0Ddg0,Ugwlac42dcio-H2c2sV4AaABAg,2025-10-02T15:03:02Z,0
E1_increase,DvwVMa0Ddg0,UgxeTHT1dOL18lpvLlN4AaABAg,2025-10-02T01:51:35Z,6
E1_increase,DvwVMa0Ddg0,UgzDtNPwK1ktk2QwuBt4AaABAg,2025-10-02T10:15:35Z,1
E1_increase,DvwVMa0Ddg0,UgwyXFh2PcmhmnYCyHR4AaABAg,2025-10-01T22:27:55Z,4
E1_increase,DvwVMa0Ddg0,UgxvnI65D4kwo7Q9vwJ4AaABAg,2025-10-03T00:06:28Z,0
E1_increase,DvwVMa0Ddg0,Ugyg7xLK2Cl0saZyJ7F4AaABAg,2025-10-01T23:44:32Z,7
E1_increase,DvwVMa0Ddg0,Ugxb0lOYvmFY8Ora7zZ4AaABAg,2025-10-02T06:32:07Z,1
E1_increase,DvwVMa0Ddg0,UgxLTyKuwhihTJZxDxN4AaABAg,2025-10-01T23:40:10Z,5
E1_increase,DvwVMa0Ddg0,UgzzlSJ1FZRpKlRTKWx4AaABAg,2025-10-02T02:19:08Z,47
E1_increase,DvwVMa0Ddg0,UgyvPIK4MRMENaGoAGN4AaABAg,2025-10-02T00:03:29Z,10
E1_increase,DvwVMa0Ddg0,Ugyfbiipkwo_9drhqmV4AaABAg,2025-10-02T08:37:05Z,3
E1_increase,DvwVMa0Ddg0,UgxnniaGZNdYyw0gjtR4AaABAg,2025-10-01T22:02:20Z,33
E1_increase,DvwVMa0Ddg0,UgyCB-QWjU-7yVcqyqR4AaABAg,2025-10-02T17:12:26Z,0
E1_increase,DvwVMa0Ddg0,Ugx-gm3DSg5bLAO10PV4AaABAg,2025-10-01T23:54:01Z,5
E1_increase,DvwVMa0Ddg0,Ugw5AAdZd-QGji8o1VR4AaABAg,2025-10-02T03:18:40Z,0
E1_increase,DvwVMa0Ddg0,UgyPFdmXmw_97NgGXQZ4AaABAg,2025-10-01T22:03:57Z,33
E1_increase,DvwVMa0Ddg0,Ugy-gcljgrSQB76zlMl4AaABAg,2025-10-02T19:14:28Z,0
E1_increase,DvwVMa0Ddg0,UgyFV8mJZ-eA3x0-jG94AaABAg,2025-10-01T22:25:50Z,37
E1_increase,DvwVMa0Ddg0,UgzpubleazlupSGUwy54AaABAg,2025-10-02T03:03:13Z,0
E1_increase,DvwVMa0Ddg0,Ugz9oKrLBc8s2VeVWG94AaABAg,2025-10-01T22:15:46Z,24
E1_increase,DvwVMa0Ddg0,Ugx5FdBDBvUFF0xqSJJ4AaABAg,2025-10-02T12:07:25Z,0
E1_increase,DvwVMa0Ddg0,Ugx649_KPobj3lUw2Kh4AaABAg,2025-10-01T22:47:19Z,4
E1_increase,DvwVMa0Ddg0,Ugwg_Z3Dj5jMSkBp9wZ4AaABAg,2025-10-04T20:24:09Z,0
E1_increase,DvwVMa0Ddg0,UgzPcaxNcbARKE0bGI94AaABAg,2025-10-02T02:27:28Z,4
E1_increase,DvwVMa0Ddg0,UgzXYk_ugzJl7Ar96rF4AaABAg,2025-10-03T15:23:06Z,1
E1_increase,DvwVMa0Ddg0,UgycAuKHunS4elQUef94AaABAg,2025-10-02T01:53:42Z,4
E1_increase,DvwVMa0Ddg0,UgwlejIkD8aHpff5NNp4AaABAg,2025-10-02T10:44:56Z,0
E1_increase,DvwVMa0Ddg0,UgwmKClh4xSIdlXo_0B4AaABAg,2025-10-01T22:17:22Z,4
E1_increase,DvwVMa0Ddg0,UgzwZ0x7mEinmv1Hhbl4AaABAg,2025-10-03T09:03:42Z,0
E1_increase,DvwVMa0Ddg0,UgyQNr9AxMYsywBrMYN4AaABAg,2025-10-01T23:12:57Z,4
E1_increase,DvwVMa0Ddg0,Ugw_M9cHfYl9ifKODWV4AaABAg,2025-10-02T18:25:43Z,0
E1_increase,DvwVMa0Ddg0,Ugyqv_YpIHZjxhvfU5F4AaABAg,2025-10-02T02:42:09Z,1
E1_increase,DvwVMa0Ddg0,UgyNGcoHCR4zajWreah4AaABAg,2025-10-02T06:30:15Z,0
E1_increase,DvwVMa0Ddg0,UgwjQPv8pm3GShpk3Xl4AaABAg,2025-10-02T12:59:37Z,0
E1_increase,DvwVMa0Ddg0,UgzsF9OX7Ur6KFHSF-x4AaABAg,2025-10-02T09:54:08Z,0
E1_increase,DvwVMa0Ddg0,UgxKYjys63bi-5aqTC54AaABAg,2025-10-02T17:38:58Z,0
E1_increase,DvwVMa0Ddg0,Ugx3cdXrQIuP3uceSE94AaABAg,2025-10-03T21:09:15Z,1
E1_increase,DvwVMa0Ddg0,Ugxp9ffGlftCGaxoRwd4AaABAg,2025-10-01T23:36:48Z,8
E1_increase,DvwVMa0Ddg0,Ugy6k7f0SN1YphSv4fN4AaABAg,2025-10-02T03:32:43Z,7
E1_increase,DvwVMa0Ddg0,UgxKnxlfMnduu_Frtip4AaABAg,2025-10-02T08:58:02Z,1
E1_increase,DvwVMa0Ddg0,Ugzzwk5AEJsmXelL1Cp4AaABAg,2025-10-02T04:55:40Z,2
E1_increase,DvwVMa0Ddg0,Ugz-dCGQepaGYd6fboR4AaABAg,2025-10-02T22:14:07Z,0
E1_increase,DvwVMa0Ddg0,Ugzmc0H0rHCV-lmbAwB4AaABAg,2025-10-02T04:33:16Z,2
E1_increase,DvwVMa0Ddg0,Ugx9JprODFWVJfe-t1p4AaABAg,2025-10-01T22:06:47Z,36
E1_increase,DvwVMa0Ddg0,UgxrRG8S72YDLN6Qvwl4AaABAg,2025-10-02T14:03:24Z,0
E1_increase,DvwVMa0Ddg0,UgwcRzA-dgfQHfETt_J4AaABAg,2025-10-02T17:15:37Z,0
E1_increase,DvwVMa0Ddg0,Ugy6qkjQgyc4BArUGjl4AaABAg,2025-10-05T03:01:38Z,3
E1_increase,DvwVMa0Ddg0,UgzUIoFWIhurMs7jh554AaABAg,2025-10-02T02:27:39Z,0
E1_increase,DvwVMa0Ddg0,Ugz_MKT48e8UGyi4f7t4AaABAg,2025-10-01T22:23:37Z,5
E1_increase,DvwVMa0Ddg0,UgyD2H_cLAQzGbOMa3t4AaABAg,2025-10-02T03:28:26Z,0
E1_increase,DvwVMa0Ddg0,UgxMlX6zPqAVbyz4DAF4AaABAg,2025-10-01T22:46:19Z,5
E1_increase,DvwVMa0Ddg0,UgyzmyCa-hNS0m3R5aV4AaABAg,2025-10-02T04:58:39Z,0
E1_increase,DvwVMa0Ddg0,Ugyb7PjMUKILFJWzpkF4AaABAg,2025-10-02T10:37:29Z,4
E1_increase,DvwVMa0Ddg0,UgzT1YGxSf6bVaEllV54AaABAg,2025-10-02T02:41:36Z,0
E1_increase,DvwVMa0Ddg0,UgyDSUFVuZuevx4lGQ54AaABAg,2025-10-01T22:13:04Z,10
E1_increase,DvwVMa0Ddg0,UgxkOsVRoTjudm6BqzB4AaABAg,2025-10-02T01:04:44Z,4
E1_increase,DvwVMa0Ddg0,UgwvxW6AH9_5PAvC2il4AaABAg,2025-10-03T04:01:20Z,0
E1_increase,DvwVMa0Ddg0,Ugxi9OrAePXDvtt7lq54AaABAg,2025-10-03T16:46:01Z,4
E1_increase,DvwVMa0Ddg0,UgwiVicf9kv-EtnHbTl4AaABAg,2025-10-02T03:22:23Z,1
E1_increase,DvwVMa0Ddg0,Ugxx4aS29yLe5NjgWY14AaABAg,2025-10-02T10:27:37Z,0
E1_increase,DvwVMa0Ddg0,Ugyrt7Cd8ZLY6oi2GTd4AaABAg,2025-10-02T19:03:06Z,0
E1_increase,DvwVMa0Ddg0,Ugy4I9fk1EhiPIO3GpN4AaABAg,2025-10-02T20:50:35Z,0
E1_increase,DvwVMa0Ddg0,UgwCEeugFtFg2SItq0h4AaABAg,2025-10-02T06:11:02Z,0
E1_increase,DvwVMa0Ddg0,UgwlapCxmeFhW9ggbVl4AaABAg,2025-10-02T20:44:56Z,0
E1_increase,DvwVMa0Ddg0,UgwqK2Vnp288NwvXBGN4AaABAg,2025-10-02T19:47:41Z,0
E1_increase,DvwVMa0Ddg0,Ugwq67bfYBfaprhNge94AaABAg,2025-10-02T07:00:29Z,0
E1_increase,DvwVMa0Ddg0,UgzRiq3kismQIt5vOGR4AaABAg,2025-10-02T03:08:32Z,0
E1_increase,DvwVMa0Ddg0,Ugwvt-R2UCQk2E7Lo_x4AaABAg,2025-10-02T21:54:19Z,0
E1_increase,DvwVMa0Ddg0,Ugx98gYy1vtZcPMtObV4AaABAg,2025-10-02T20:16:23Z,0
E1_increase,DvwVMa0Ddg0,UgxJ3WbEybOoA3838gV4AaABAg,2025-10-02T09:45:47Z,0
E1_increase,DvwVMa0Ddg0,UgxtSkjV0UI_8HVLOxJ4AaABAg,2025-10-02T05:50:33Z,1
E1_increase,DvwVMa0Ddg0,UgzdhoX5f9qFAihg-jp4AaABAg,2025-10-02T22:13:21Z,0
E1_increase,DvwVMa0Ddg0,Ugxkk_tC45iLvPDOt7t4AaABAg,2025-10-02T12:49:15Z,0
E1_increase,DvwVMa0Ddg0,UgwVnrHqeD0W9QnFRKB4AaABAg,2025-10-08T21:27:10Z,0
E1_increase,DvwVMa0Ddg0,UgxN68IXKLVqv4pJQO94AaABAg,2025-10-02T20:19:04Z,0
E1_increase,DvwVMa0Ddg0,Ugw_XXQDaRf94-T5QEB4AaABAg,2025-10-02T02:34:33Z,0
E1_increase,DvwVMa0Ddg0,UgxM4rs69LQRBfRt5ZF4AaABAg,2025-10-02T17:43:34Z,0
E1_increase,DvwVMa0Ddg0,Ugysi1vtCdPAYF8YcBd4AaABAg,2025-10-02T20:25:19Z,0
E1_increase,DvwVMa0Ddg0,UgwH5SKN0wwsnt3_K1t4AaABAg,2025-10-02T10:47:12Z,0
E1_increase,DvwVMa0Ddg0,UgwIco_1rdAdoZR7-aN4AaABAg,2025-10-03T17:16:48Z,0
E1_increase,DvwVMa0Ddg0,UgyBUnfm03ZrfHKLVhR4AaABAg,2025-10-02T18:52:02Z,0
E1_increase,DvwVMa0Ddg0,Ugza4vSShX6nGqK792h4AaABAg,2025-10-02T02:31:50Z,0
E1_increase,DvwVMa0Ddg0,Ugxb5ngBOnwyvjFYNz14AaABAg,2025-10-02T02:52:35Z,1
E1_increase,DvwVMa0Ddg0,UgzA3_csRURVeHTIaI14AaABAg,2025-10-02T04:44:17Z,1
E1_increase,DvwVMa0Ddg0,UgzoiPaooc5JDFnoXH54AaABAg,2025-10-14T03:56:13Z,0
E1_increase,DvwVMa0Ddg0,Ugxck82-g6rElz8u1nl4AaABAg,2025-10-02T22:25:29Z,0
E1_increase,DvwVMa0Ddg0,UgyX4LWx4KAAYQK_t1R4AaABAg,2025-10-05T23:07:40Z,0
E1_increase,DvwVMa0Ddg0,UgxFdZ3Rzry0JB-an8l4AaABAg,2025-10-02T16:36:44Z,0
E1_increase,DvwVMa0Ddg0,UgzrzTUv619OXutPi0x4AaABAg,2025-10-02T03:36:11Z,0
E1_increase,DvwVMa0Ddg0,UgwbKklP7w1ASsGoC4B4AaABAg,2025-10-02T14:11:49Z,0
E1_increase,DvwVMa0Ddg0,UgyJVnd17WxioMRUDsF4AaABAg,2025-10-03T14:10:56Z,1
E1_increase,DvwVMa0Ddg0,UgyVp2OgCxZFXjd8vtt4AaABAg,2025-10-02T14:18:03Z,0
E1_increase,DvwVMa0Ddg0,UgwKOrzj7a5F3GrKQp54AaABAg,2025-10-02T08:17:40Z,0
E1_increase,DvwVMa0Ddg0,Ugx1GpcVRCb3NW4VB4x4AaABAg,2025-10-02T12:50:51Z,0
E1_increase,DvwVMa0Ddg0,Ugy3oUpt8dS84sQrgWt4AaABAg,2025-10-02T16:36:52Z,0
E1_increase,DvwVMa0Ddg0,UgyGQq8ZoHZ9l_CVdp14AaABAg,2025-10-03T10:00:35Z,0
E1_increase,DvwVMa0Ddg0,UgxqoZ_KnOOCh0CjhQx4AaABAg,2025-10-02T02:49:24Z,0
E1_increase,DvwVMa0Ddg0,Ugz-gdMK7cCUeOP3nZt4AaABAg,2025-10-02T12:06:03Z,1
E1_increase,DvwVMa0Ddg0,UgwFJEkgwMq_6W8vw154AaABAg,2025-10-03T19:39:18Z,0
E1_increase,DvwVMa0Ddg0,UgzTGhx9ZvYrBJ0nrCJ4AaABAg,2025-10-06T09:12:31Z,0
E1_increase,DvwVMa0Ddg0,UgwOZsKzAWkfNh9z3FB4AaABAg,2025-10-02T20:37:07Z,0
E1_increase,DvwVMa0Ddg0,UgzWqxKP4NuG52mVktB4AaABAg,2025-10-03T00:18:55Z,0
E1_increase,DvwVMa0Ddg0,UgxRHcYgP3eACst82Pd4AaABAg,2025-10-02T06:11:43Z,0
E1_increase,DvwVMa0Ddg0,UgxrVab03N9dhSITqbl4AaABAg,2025-10-02T06:54:08Z,0
E1_increase,DvwVMa0Ddg0,UgxOJWPDDYlkoIca1yt4AaABAg,2025-10-04T14:48:27Z,0
E1_increase,DvwVMa0Ddg0,UgydsdZstcH821dapON4AaABAg,2025-10-05T06:25:37Z,0
E1_increase,DvwVMa0Ddg0,UgwXrjcdC_ImqjvR7EB4AaABAg,2025-10-02T18:09:35Z,0
E1_increase,DvwVMa0Ddg0,Ugyfjf6dp-SObCnBoT54AaABAg,2025-10-02T14:15:47Z,0
E1_increase,DvwVMa0Ddg0,UgySdRg5qC1ZDomNn614AaABAg,2025-10-02T11:27:48Z,0
E1_increase,DvwVMa0Ddg0,UgwrKmKXjof1ivYPI7x4AaABAg,2025-10-02T10:46:43Z,0
E1_increase,DvwVMa0Ddg0,UgygcMzDuLPIUCF0E-V4AaABAg,2025-10-02T15:33:55Z,0
E1_increase,DvwVMa0Ddg0,UgzayTs7nGNWJgRW30t4AaABAg,2025-10-02T08:34:46Z,0
E1_increase,DvwVMa0Ddg0,UgyrcxTk1qCHdGJNV2R4AaABAg,2025-10-03T12:02:45Z,2
E1_increase,DvwVMa0Ddg0,UgykKCTMaIEjB17-qcx4AaABAg,2025-10-02T14:59:22Z,0
E1_increase,DvwVMa0Ddg0,Ugxgs7PCrtorXg69L4l4AaABAg,2025-10-02T03:24:40Z,0
E1_increase,DvwVMa0Ddg0,UgwUejdB2bExc9I58MV4AaABAg,2025-10-02T17:56:28Z,0
E1_increase,DvwVMa0Ddg0,UgxQ-CvCt8hD5ikLIlx4AaABAg,2025-10-02T02:42:30Z,0
E1_increase,DvwVMa0Ddg0,Ugxz2VlQd6ZPJ4Sgb3h4AaABAg,2025-10-02T09:09:38Z,0
E1_increase,DvwVMa0Ddg0,UgzbpMo6C-Jm8hGRClh4AaABAg,2025-10-02T17:24:33Z,0
E1_increase,DvwVMa0Ddg0,UgyAqyJZs-if56hNpOR4AaABAg,2025-10-02T20:37:28Z,0
E1_increase,DvwVMa0Ddg0,UgxUAeUfQMkDo-zBBX94AaABAg,2025-10-03T07:47:06Z,0
E1_increase,DvwVMa0Ddg0,UgyUmzT2431Ttse2IMZ4AaABAg,2025-10-05T16:14:07Z,0
E1_increase,DvwVMa0Ddg0,UgzgSCBdNPe7YSFu82h4AaABAg,2025-10-02T16:37:20Z,0
E1_increase,DvwVMa0Ddg0,UgyoSuUHSO3F1GJxWGR4AaABAg,2025-10-02T15:05:57Z,0
E1_increase,DvwVMa0Ddg0,UgwBkin0gODvPRDo4B14AaABAg,2025-10-03T21:44:30Z,1
E1_increase,DvwVMa0Ddg0,Ugz1BsCQCjczcYg7bMl4AaABAg,2025-10-03T12:09:02Z,0
E1_increase,DvwVMa0Ddg0,UgyCBnO9fZNLmoKH2MJ4AaABAg,2025-10-02T13:22:29Z,0
E1_increase,DvwVMa0Ddg0,UgyuaRNeEFfQpBJoKup4AaABAg,2025-10-02T05:36:47Z,0
E1_increase,DvwVMa0Ddg0,UgwjHSLreH5WM6LhKSR4AaABAg,2025-10-02T18:36:41Z,0
E1_increase,DvwVMa0Ddg0,UgyWh3fqlpGZQ8IGanl4AaABAg,2025-10-01T23:54:36Z,7
E1_increase,DvwVMa0Ddg0,UgxT1t15DLoS3n54wzJ4AaABAg,2025-10-02T07:34:14Z,0
E1_increase,DvwVMa0Ddg0,UgyNcbyz1Mtg7sWL7MV4AaABAg,2025-10-02T02:26:21Z,0
E1_increase,DvwVMa0Ddg0,UgwDB8n0nVEbnGRVnEt4AaABAg,2025-10-02T02:22:52Z,0
E1_increase,DvwVMa0Ddg0,UgwND1-CTMDDKE8n4pV4AaABAg,2025-10-02T22:45:17Z,0
E1_increase,DvwVMa0Ddg0,UgyRAa-4VnO5QNfzXQZ4AaABAg,2025-10-02T04:05:35Z,1
E1_increase,DvwVMa0Ddg0,Ugw9YD5InLR6ZzJrsqd4AaABAg,2025-10-02T02:19:27Z,0
E1_increase,DvwVMa0Ddg0,Ugzs4Y49RZVftbazNVd4AaABAg,2025-10-02T14:06:56Z,0
E1_increase,DvwVMa0Ddg0,UgwZ3C2NvXnhAEx-tLt4AaABAg,2025-10-02T11:25:44Z,0
E1_increase,DvwVMa0Ddg0,Ugy7uZxPJZD4_SkuHSZ4AaABAg,2025-10-02T07:17:34Z,1
E1_increase,DvwVMa0Ddg0,Ugw1bmD79LVX03GUNbN4AaABAg,2025-10-03T07:02:09Z,0
E1_increase,DvwVMa0Ddg0,UgxY2BY8mbON1Y-6w-R4AaABAg,2025-10-02T04:45:03Z,0
E1_increase,DvwVMa0Ddg0,Ugx83ALaTH0LaSHpZS14AaABAg,2025-10-02T16:11:11Z,0
E1_increase,DvwVMa0Ddg0,UgxKjCv-sv45ELhGwqV4AaABAg,2025-10-03T16:53:36Z,0
E1_increase,DvwVMa0Ddg0,Ugw9-fAXWbb6aMh2d0B4AaABAg,2025-10-03T03:01:07Z,0
E1_increase,DvwVMa0Ddg0,UgwtM0_v9MqYa1jXzJt4AaABAg,2025-10-02T05:48:17Z,1
E1_increase,DvwVMa0Ddg0,UgwHHFRI4_wuXyDM6bl4AaABAg,2025-10-02T19:59:27Z,0
E1_increase,DvwVMa0Ddg0,UgyzBMq9bdMRfGbrHEN4AaABAg,2025-10-02T06:51:18Z,0
E1_increase,DvwVMa0Ddg0,UgzOzsDD1MAt_1jLqaN4AaABAg,2025-10-02T02:53:39Z,1
E1_increase,DvwVMa0Ddg0,UgxXxZNHiyoXKque5XN4AaABAg,2025-10-02T13:28:03Z,0
E1_increase,DvwVMa0Ddg0,UgyOpWxiUsJhkyM8pCB4AaABAg,2025-10-02T08:58:27Z,0
E1_increase,DvwVMa0Ddg0,UgxLFQUtHWA4LZtGjPh4AaABAg,2025-10-02T19:31:31Z,0
E1_increase,DvwVMa0Ddg0,UgyVekGREyk5fEyuPa54AaABAg,2025-10-02T03:06:27Z,0
E1_increase,DvwVMa0Ddg0,UgxYFiVagBJOqxlgkbx4AaABAg,2025-10-02T11:20:25Z,0
E1_increase,DvwVMa0Ddg0,Ugy9dV6UQx7RHZPHZp54AaABAg,2025-10-02T03:49:33Z,0
E1_increase,DvwVMa0Ddg0,UgytshmTkXdy82v4lf14AaABAg,2025-10-02T11:47:13Z,0
E1_increase,DvwVMa0Ddg0,Ugzd1izJPLhj-P-eI2x4AaABAg,2025-10-03T06:53:42Z,0
E1_increase,DvwVMa0Ddg0,UgyvfGDWp8aIXuAm_ex4AaABAg,2025-10-02T03:26:48Z,0
E1_increase,DvwVMa0Ddg0,UgwR85o8w3cgIzP7rnJ4AaABAg,2025-10-02T12:04:45Z,0
E1_increase,DvwVMa0Ddg0,Ugybqa8EA-v25IBMISx4AaABAg,2025-10-02T04:38:20Z,0
E1_increase,DvwVMa0Ddg0,UgxYBgGd6gkV5bJqND14AaABAg,2025-10-02T08:39:05Z,0
E1_increase,DvwVMa0Ddg0,UgzvzcFcHOoyp4M5W594AaABAg,2025-10-04T08:09:54Z,0
E1_increase,DvwVMa0Ddg0,UgzLgIUkwxxPQOA0Pt94AaABAg,2025-10-02T03:22:20Z,0
E1_increase,DvwVMa0Ddg0,UgzDNLEFpMnW_rb4Uel4AaABAg,2025-10-02T11:51:52Z,0
E1_increase,DvwVMa0Ddg0,Ugzkuqwtq7u65N7vdid4AaABAg,2025-10-02T07:28:45Z,0
E1_increase,DvwVMa0Ddg0,Ugw-vwz7xTHQNrbNbBR4AaABAg,2025-10-02T15:26:29Z,0
E1_increase,DvwVMa0Ddg0,UgyYkkIbE0yF8nQfVwx4AaABAg,2025-10-02T09:59:30Z,0
E1_increase,DvwVMa0Ddg0,UgzWrstAE1qBwLiu1PF4AaABAg,2025-10-02T13:55:59Z,0
E1_increase,DvwVMa0Ddg0,UgzdCksTVtP1VgTR27p4AaABAg,2025-10-02T14:13:41Z,0
E1_increase,DvwVMa0Ddg0,UgwJlcWv0M245xlhecZ4AaABAg,2025-10-02T04:24:51Z,0
E1_increase,DvwVMa0Ddg0,UgxgkayvSg07lg6wqWp4AaABAg,2025-10-02T12:07:17Z,1
E1_increase,DvwVMa0Ddg0,UgxbFKJXzZDToX9Urqx4AaABAg,2025-10-02T03:20:43Z,0
E1_increase,DvwVMa0Ddg0,Ugyn5zRahcbb5QNkaFx4AaABAg,2025-10-04T07:17:11Z,0
E1_increase,DvwVMa0Ddg0,UgxNlC5jdfNRNgxlmYt4AaABAg,2025-10-02T18:50:22Z,0
E1_increase,DvwVMa0Ddg0,UgwBbnQyaXHJ9Gweoet4AaABAg,2025-10-03T22:23:08Z,0
E1_increase,DvwVMa0Ddg0,UgyKjMQ84Ws9iPImoJd4AaABAg,2025-10-02T10:44:06Z,0
E1_increase,DvwVMa0Ddg0,UgzjrRPYZxtZ3VJuZmJ4AaABAg,2025-10-04T02:15:16Z,0
E1_increase,DvwVMa0Ddg0,UgyE3YE67RBLzoMM7VF4AaABAg,2025-10-03T15:57:32Z,0
E1_increase,DvwVMa0Ddg0,UgxZJUoXE5SC3IWnNVJ4AaABAg,2025-10-03T12:01:19Z,0
E1_increase,DvwVMa0Ddg0,UgztMnPUbbuRgnGdcA14AaABAg,2025-10-05T11:21:33Z,0
E1_increase,DvwVMa0Ddg0,UgyHoKSH0YkKV23MUAt4AaABAg,2025-10-02T03:24:10Z,0
E1_increase,DvwVMa0Ddg0,UgxQj5MjKWfCBLH3cXJ4AaABAg,2025-10-02T03:41:18Z,0
E1_increase,DvwVMa0Ddg0,UgwPAryJUExKOPxjow14AaABAg,2025-10-02T11:27:28Z,0
E1_increase,DvwVMa0Ddg0,UgxYi3kCQX1qa_MhNiJ4AaABAg,2025-10-02T19:30:19Z,0
E1_increase,DvwVMa0Ddg0,UgyDtcWNSDQ0bEdFjMd4AaABAg,2025-10-02T21:17:05Z,0
E1_increase,DvwVMa0Ddg0,UgzEXiHd2Ra3pkI3VV14AaABAg,2025-10-02T11:37:03Z,0
E1_increase,DvwVMa0Ddg0,Ugza4wt2GkCOF6mqBgR4AaABAg,2025-10-02T15:15:21Z,0
E1_increase,DvwVMa0Ddg0,UgxjEwNjRHMYOya9rnB4AaABAg,2025-10-02T07:09:22Z,0
E1_increase,DvwVMa0Ddg0,Ugyx9rbU6X3b-8IBiAJ4AaABAg,2025-10-02T18:32:47Z,0
E1_increase,DvwVMa0Ddg0,UgyCcuERYToeBFvT3fV4AaABAg,2025-10-02T08:45:59Z,0
E1_increase,DvwVMa0Ddg0,UgwQ35ht2dn5vLs4CJx4AaABAg,2025-10-02T05:38:49Z,0
E1_increase,DvwVMa0Ddg0,UgycyG3KvTjzJfnm3Sh4AaABAg,2025-10-02T04:14:55Z,0
E1_increase,DvwVMa0Ddg0,Ugwb_SF2XmFmWbjNn3V4AaABAg,2025-10-02T10:36:30Z,0
E1_increase,DvwVMa0Ddg0,UgywgF8VH3YEpx5P-rF4AaABAg,2025-10-02T16:20:05Z,0
E1_increase,DvwVMa0Ddg0,Ugy7sd88lBMw_eXyWFV4AaABAg,2025-10-02T19:46:24Z,0
E1_increase,DvwVMa0Ddg0,Ugy1uFvvSFHXH1duED14AaABAg,2025-10-02T19:23:04Z,0
E1_increase,DvwVMa0Ddg0,UgyAlOggTUqDbzuhhrh4AaABAg,2025-10-02T11:25:52Z,0
E1_increase,DvwVMa0Ddg0,UgyM-9xUf4NWCepWisF4AaABAg,2025-10-02T12:25:43Z,0
E1_increase,DvwVMa0Ddg0,UgwEqrT81wwON16o_DV4AaABAg,2025-10-02T15:58:25Z,0
E1_increase,DvwVMa0Ddg0,UgzOkiPmtD8w0boEDd54AaABAg,2025-10-02T03:53:42Z,0
E1_increase,DvwVMa0Ddg0,UgxoKjCSWJNgn4bVgit4AaABAg,2025-10-02T15:41:18Z,0
E1_increase,DvwVMa0Ddg0,Ugyg_KotPcH3YHmHDfB4AaABAg,2025-10-02T10:32:03Z,0
E1_increase,DvwVMa0Ddg0,UgwMIf1m_Lwvg39MFlt4AaABAg,2025-10-02T19:38:55Z,0
E1_increase,DvwVMa0Ddg0,Ugyk0xqFGLc46QKYl3l4AaABAg,2025-10-02T03:19:20Z,0
E1_increase,DvwVMa0Ddg0,UgzHaqqIbm-HjChQLgp4AaABAg,2025-10-02T03:09:04Z,0
E1_increase,DvwVMa0Ddg0,Ugwlq91AKkuBFC4clBN4AaABAg,2025-10-02T07:18:34Z,1
E1_increase,DvwVMa0Ddg0,Ugwoo4w0LcOXFz0XYoJ4AaABAg,2025-10-02T17:42:47Z,0
E1_increase,DvwVMa0Ddg0,Ugx8irO8TLFWmgefA1p4AaABAg,2025-10-02T11:08:54Z,0
E1_increase,DvwVMa0Ddg0,UgxikpBikZSJUsud1dt4AaABAg,2025-10-02T16:54:33Z,0
E1_increase,DvwVMa0Ddg0,UgyC8WgO4wLkfR84WDV4AaABAg,2025-10-03T15:05:01Z,0
E1_increase,DvwVMa0Ddg0,UgxC5oE0swPxC4poqMd4AaABAg,2025-10-02T02:20:30Z,0
E1_increase,DvwVMa0Ddg0,UgwAhvsRpsFD6UVC2LN4AaABAg,2025-10-03T00:32:29Z,0
E1_increase,DvwVMa0Ddg0,UgztFO9aCPSc2Lm5xvt4AaABAg,2025-10-02T07:14:27Z,0
E1_increase,DvwVMa0Ddg0,Ugw_aMhx5c7icdkb6Mh4AaABAg,2025-10-02T18:46:37Z,0
E1_increase,DvwVMa0Ddg0,UgxQYzcY_F8HWQNTVap4AaABAg,2025-10-02T18:01:16Z,0
E1_increase,DvwVMa0Ddg0,UgxuiD81TuK4k5jOCk54AaABAg,2025-10-02T07:23:51Z,0
E1_increase,DvwVMa0Ddg0,Ugyl-Ie0TqM-m_XaGv94AaABAg,2025-10-02T09:35:08Z,0
E1_increase,DvwVMa0Ddg0,UgzWeAxmdoCzhpyDzGh4AaABAg,2025-10-02T04:00:04Z,1
E1_increase,DvwVMa0Ddg0,Ugxx_c4XHYmSe138VR54AaABAg,2025-10-02T02:27:03Z,0
E1_increase,DvwVMa0Ddg0,UgySWZYftQaCvhwZxtN4AaABAg,2025-10-02T18:35:47Z,0
E1_increase,DvwVMa0Ddg0,Ugxffrekhv4v1Gldh-d4AaABAg,2025-10-02T03:51:41Z,0
E1_increase,DvwVMa0Ddg0,UgwA94Xwzj3Ogr-AFbN4AaABAg,2025-10-03T01:06:43Z,0
E1_increase,DvwVMa0Ddg0,UgxJta-lcYDC80EVRxh4AaABAg,2025-10-02T09:57:00Z,0
E1_increase,DvwVMa0Ddg0,Ugz2E2NdY-vyH2cM_0V4AaABAg,2025-10-02T19:10:08Z,0
E1_increase,DvwVMa0Ddg0,UgwpknzJx688XnmcASx4AaABAg,2025-10-03T19:22:55Z,0
E1_increase,DvwVMa0Ddg0,UgzE8pQ3bhNsrwvfEDF4AaABAg,2025-10-02T11:38:31Z,0
E1_increase,DvwVMa0Ddg0,UgxtKwKM7dhFcK9bRGl4AaABAg,2025-10-02T11:38:14Z,0
E1_increase,DvwVMa0Ddg0,UgxeZ5QkWDdqlsNoIUZ4AaABAg,2025-10-02T03:06:12Z,0
E1_increase,DvwVMa0Ddg0,UgxaU7sHrCu02VZsCwB4AaABAg,2025-10-02T17:54:19Z,0
E1_increase,DvwVMa0Ddg0,UgwP_IdnbEkALa6_0rB4AaABAg,2025-10-02T03:47:35Z,0
E1_increase,DvwVMa0Ddg0,Ugxn4s96Gdj9bMKGdMx4AaABAg,2025-10-02T03:16:15Z,0
E1_increase,DvwVMa0Ddg0,Ugw9VeJpJFTQ5v5ZVfF4AaABAg,2025-10-02T08:33:23Z,1
E1_increase,DvwVMa0Ddg0,UgywGmjpESgLq6lg3-l4AaABAg,2025-10-02T06:30:12Z,0
E1_increase,DvwVMa0Ddg0,Ugw3RzegDHrpZBXKeZt4AaABAg,2025-10-02T13:07:08Z,0
E1_increase,DvwVMa0Ddg0,UgwviOs9aWOq-FpLoPF4AaABAg,2025-10-02T22:24:31Z,0
E1_increase,DvwVMa0Ddg0,Ugyg120hgST1WWv6Fad4AaABAg,2025-10-02T06:13:16Z,0
E1_increase,DvwVMa0Ddg0,UgyQRoqlh__jmggltsR4AaABAg,2025-10-04T12:21:06Z,0
E1_increase,DvwVMa0Ddg0,UgyjxEKfHaJ_XxHpNU94AaABAg,2025-10-03T00:12:38Z,0
E1_increase,DvwVMa0Ddg0,Ugy6d1pgbZMdg3vY_BZ4AaABAg,2025-10-02T12:42:53Z,0
E1_increase,DvwVMa0Ddg0,UgzeB3-spgNpEARbyEF4AaABAg,2025-10-02T04:37:20Z,0
E1_increase,DvwVMa0Ddg0,UgzhHTE3Vb7o3lMMixt4AaABAg,2025-10-02T13:16:29Z,0
E1_increase,DvwVMa0Ddg0,UgwxbKNTYQHEa4w5KrB4AaABAg,2025-10-03T01:23:13Z,0
E1_increase,DvwVMa0Ddg0,Ugzf-yiXms2GdUJwQnt4AaABAg,2025-10-02T10:10:53Z,0
E1_increase,DvwVMa0Ddg0,UgxxuifcB7-HyLV3o1V4AaABAg,2025-10-02T17:30:37Z,0
E1_increase,DvwVMa0Ddg0,UgzTNRMmCjv0pBFGfbB4AaABAg,2025-10-02T13:44:17Z,0
E1_increase,DvwVMa0Ddg0,UgzdMq6VRKobm5suqnt4AaABAg,2025-10-03T08:45:40Z,0
E1_increase,DvwVMa0Ddg0,UgwLQmUtLVGHU3DaSZV4AaABAg,2025-10-02T16:06:25Z,0
E1_increase,DvwVMa0Ddg0,Ugzze8nj_UND6cGdSct4AaABAg,2025-10-03T02:40:31Z,0
E1_increase,DvwVMa0Ddg0,UgwBMUaOpRsXlOkHYUt4AaABAg,2025-10-02T10:59:50Z,0
E1_increase,DvwVMa0Ddg0,Ugz8ydTtDoE1gpUX09F4AaABAg,2025-10-04T01:52:17Z,0
E1_increase,DvwVMa0Ddg0,Ugx7biC5MQc3A9l0Xvt4AaABAg,2025-10-02T03:03:54Z,0
E1_increase,DvwVMa0Ddg0,Ugybc7Xi9L8H_O2a1Zt4AaABAg,2025-10-03T04:14:00Z,0
E1_increase,DvwVMa0Ddg0,Ugw00PT-PeWioapufCV4AaABAg,2025-10-02T14:22:47Z,0
E1_increase,DvwVMa0Ddg0,Ugy0CjAuqOoD4uIc28B4AaABAg,2025-10-02T11:20:39Z,0
E1_increase,DvwVMa0Ddg0,UgxE2T08NFj4MVLahip4AaABAg,2025-10-02T11:15:08Z,0
E1_increase,DvwVMa0Ddg0,UgyHhaWsbZ34rfZG4ll4AaABAg,2025-10-02T05:54:19Z,0
E1_increase,DvwVMa0Ddg0,Ugwb5N80e7S8T7vPasB4AaABAg,2025-10-02T15:05:39Z,1
E1_increase,DvwVMa0Ddg0,UgzEQ9xkFv08XBmi3nB4AaABAg,2025-10-03T10:21:23Z,0
E1_increase,DvwVMa0Ddg0,Ugzby5QFayqwPN1vsAZ4AaABAg,2025-10-02T18:53:08Z,0
E1_increase,DvwVMa0Ddg0,UgwPnGYdD7CqozXb-6h4AaABAg,2025-10-02T16:18:31Z,0
E1_increase,DvwVMa0Ddg0,Ugy0p2k5j-9g4CvfTip4AaABAg,2025-10-02T12:54:54Z,0
E1_increase,DvwVMa0Ddg0,UgwPbzlgK5cq19l5YuR4AaABAg,2025-10-02T19:43:31Z,0
E1_increase,DvwVMa0Ddg0,UgzpjI79RgwZfMJ9Mcp4AaABAg,2025-10-02T09:58:06Z,0
E1_increase,DvwVMa0Ddg0,UgyJ0FJewXUujqmWxw54AaABAg,2025-10-04T20:09:43Z,0
E1_increase,DvwVMa0Ddg0,UgzlIwf3dANZz3Km3F14AaABAg,2025-10-03T20:27:04Z,0
E1_increase,DvwVMa0Ddg0,Ugz3E8N3uFAEiIs4xPR4AaABAg,2025-10-02T07:02:01Z,0
E1_increase,DvwVMa0Ddg0,UgywbxGqOg5Wrkm75mV4AaABAg,2025-10-03T20:00:04Z,0
E1_increase,DvwVMa0Ddg0,UgzJs8_7M-N4FpiGUzt4AaABAg,2025-10-02T10:40:22Z,0
E1_increase,DvwVMa0Ddg0,Ugyf3g9UFPE71OD1w4p4AaABAg,2025-10-02T09:07:37Z,0
E1_increase,DvwVMa0Ddg0,UgzGD5wj34icLsg6W5R4AaABAg,2025-10-02T12:33:11Z,0
E1_increase,DvwVMa0Ddg0,UgzMpdarW004PY6iyeR4AaABAg,2025-10-02T08:32:46Z,0
E1_increase,DvwVMa0Ddg0,UgxDSHwfBQR2WHOx6DR4AaABAg,2025-10-02T10:27:23Z,0
E1_increase,DvwVMa0Ddg0,Ugyv0n02xPrcDmTmsvl4AaABAg,2025-10-03T13:12:27Z,0
E1_increase,DvwVMa0Ddg0,UgwAdPVZbp8Lo8JD3sN4AaABAg,2025-10-02T08:12:00Z,0
E1_increase,DvwVMa0Ddg0,Ugxk57k7wu0BUI25lN94AaABAg,2025-10-02T10:51:46Z,0
E1_increase,DvwVMa0Ddg0,UgzeAreYYh8iLvVgs4R4AaABAg,2025-10-03T11:59:23Z,0
E1_increase,DvwVMa0Ddg0,UgxiJziE7CwXtWpAxYR4AaABAg,2025-10-02T14:46:22Z,0
E1_increase,DvwVMa0Ddg0,UgwrA6KY4YDu5JXueR14AaABAg,2025-10-02T08:28:28Z,0
E1_increase,DvwVMa0Ddg0,UgyldOSfhB6Ta5wna-V4AaABAg,2025-10-02T17:06:58Z,0
E1_increase,DvwVMa0Ddg0,Ugw1llhijngYt-LB4XV4AaABAg,2025-10-02T05:06:40Z,0
E1_increase,DvwVMa0Ddg0,UgzhbIIjH9PHkwid2dd4AaABAg,2025-10-02T16:49:48Z,0
E1_increase,DvwVMa0Ddg0,Ugy8f9ywR1SDt2gmOQt4AaABAg,2025-10-02T14:28:17Z,0
E1_increase,DvwVMa0Ddg0,UgxQhKz3MCLL5kwSZEN4AaABAg,2025-10-02T07:29:26Z,0
E1_increase,DvwVMa0Ddg0,UgxHoDY8XNlWn3xOTmd4AaABAg,2025-10-02T19:06:25Z,0
E1_increase,DvwVMa0Ddg0,UgyE0aLU4mccGpAS--x4AaABAg,2025-10-02T08:15:26Z,0
E1_increase,DvwVMa0Ddg0,UgxBYLI4dSKe5ouNO1J4AaABAg,2025-10-02T03:19:49Z,0
E1_increase,DvwVMa0Ddg0,UgwuCgQyh3otfsn5usl4AaABAg,2025-10-02T02:58:33Z,0
E1_increase,DvwVMa0Ddg0,Ugz0bRc3iJ3QrXOXcD54AaABAg,2025-10-02T13:26:50Z,0
E1_increase,DvwVMa0Ddg0,Ugy5yprxvJZNjlIIeIF4AaABAg,2025-10-02T11:28:42Z,0
E1_increase,DvwVMa0Ddg0,Ugz_KDtle6T2cHC6gYB4AaABAg,2025-10-02T09:43:29Z,0
E1_increase,DvwVMa0Ddg0,Ugy3DtwGzvzq2FhVqGV4AaABAg,2025-10-02T05:40:40Z,0
E1_increase,DvwVMa0Ddg0,UgweHfObyLYjpDLI24R4AaABAg,2025-10-02T03:38:31Z,0
E1_increase,DvwVMa0Ddg0,Ugz6o-IniPzmyMuYceZ4AaABAg,2025-10-02T10:46:46Z,0
E1_increase,DvwVMa0Ddg0,UgzwKI55lnjQriRLwCJ4AaABAg,2025-10-04T08:11:51Z,0
E1_increase,DvwVMa0Ddg0,Ugxcdgl-BTCw_SFvCs94AaABAg,2025-10-02T16:55:42Z,0
E1_increase,DvwVMa0Ddg0,Ugzd2uIDIBN7UP4OQyN4AaABAg,2025-10-03T05:01:51Z,0
E1_increase,DvwVMa0Ddg0,UgyjcsIQg0dr9hKLSbl4AaABAg,2025-10-02T14:44:51Z,0
E1_increase,DvwVMa0Ddg0,UgxNOmq8WxQZIeu80uZ4AaABAg,2025-10-02T19:13:52Z,0
E1_increase,DvwVMa0Ddg0,UgyZy82Y-9osdhH_U-t4AaABAg,2025-10-02T12:31:16Z,0
E1_increase,DvwVMa0Ddg0,UgwifRna7Rd_cSwcOV94AaABAg,2025-10-02T02:17:56Z,0
E1_increase,DvwVMa0Ddg0,UgzcCI-9F73FPtg-iVB4AaABAg,2025-10-03T06:31:03Z,0
E1_increase,DvwVMa0Ddg0,UgyqX6EVScA8HNXmjM94AaABAg,2025-10-02T09:26:10Z,0
E1_increase,DvwVMa0Ddg0,UgwCB3F4slF2KX1leZt4AaABAg,2025-10-02T18:55:12Z,0
E1_increase,DvwVMa0Ddg0,UgwWkvvswa11Nd-A_N14AaABAg,2025-10-02T11:28:39Z,1
E1_increase,DvwVMa0Ddg0,Ugwtd__YqYkv003Xwxh4AaABAg,2025-10-03T14:50:19Z,0
E1_increase,DvwVMa0Ddg0,UgwF04kKcp6ALRmoQWJ4AaABAg,2025-10-02T18:00:16Z,0
E1_increase,DvwVMa0Ddg0,Ugw6jSaMmFZygpXE9c94AaABAg,2025-10-02T03:14:26Z,0
E1_increase,DvwVMa0Ddg0,UgxYJmsQ_0IdlwHm1Id4AaABAg,2025-10-02T12:13:47Z,0
E1_increase,DvwVMa0Ddg0,Ugy1PCEd4le_EK2-b794AaABAg,2025-10-02T19:43:31Z,0
E1_increase,DvwVMa0Ddg0,Ugxd7M3ikiQ0jQU_Yx94AaABAg,2025-10-02T11:17:13Z,0
E1_increase,DvwVMa0Ddg0,UgxntsXR2_26iP_uakR4AaABAg,2025-10-02T06:07:59Z,0
E1_increase,DvwVMa0Ddg0,Ugy8qTPq__KA8GHG_Kh4AaABAg,2025-10-02T08:07:42Z,0
E1_increase,DvwVMa0Ddg0,UgwVo2vWp2z6wUnL-C14AaABAg,2025-10-02T20:48:03Z,0
E1_increase,DvwVMa0Ddg0,Ugzieik6Ib8Uure_e6x4AaABAg,2025-10-02T17:09:45Z,0
E1_increase,DvwVMa0Ddg0,UgwazhLy01mpPW6lhoN4AaABAg,2025-10-03T03:02:07Z,0
E1_increase,DvwVMa0Ddg0,Ugw2jWrzPeUqUQghaaZ4AaABAg,2025-10-02T19:00:07Z,0
E1_increase,DvwVMa0Ddg0,Ugy93zW5h9EqyOUt6Kh4AaABAg,2025-10-02T08:09:16Z,0
E1_increase,DvwVMa0Ddg0,UgzI_h0qLYuJ6bPdc5l4AaABAg,2025-10-03T08:29:45Z,0
E1_increase,DvwVMa0Ddg0,UgyCuEvlgJP4tnPnQnN4AaABAg,2025-10-02T18:24:41Z,0
E1_increase,DvwVMa0Ddg0,Ugxp9RZlG0tdVEkD3r94AaABAg,2025-10-02T16:40:33Z,0
E1_increase,DvwVMa0Ddg0,UgxcMFVZF9wuHWpT15Z4AaABAg,2025-10-02T03:30:53Z,0
E1_increase,DvwVMa0Ddg0,Ugxxf1UzmK66EULlxUZ4AaABAg,2025-10-02T09:57:24Z,0
E1_increase,DvwVMa0Ddg0,UgyX2aHwABlB_Mh5Q4R4AaABAg,2025-10-02T10:54:17Z,0
E1_increase,DvwVMa0Ddg0,Ugy64lrMHkOMEqwu7j54AaABAg,2025-10-02T15:36:18Z,0
E1_increase,DvwVMa0Ddg0,UgzfpMHw1dNeqw6lfYl4AaABAg,2025-10-02T12:51:22Z,0
E1_increase,DvwVMa0Ddg0,UgweDSu8c0chfTPh1ad4AaABAg,2025-10-02T03:27:22Z,0
E1_increase,DvwVMa0Ddg0,UgzwgWE5KaS4lM8dAKx4AaABAg,2025-10-02T13:39:04Z,0
E1_increase,DvwVMa0Ddg0,UgzTzBDpxt-duy7whLJ4AaABAg,2025-10-02T05:57:47Z,0
E1_increase,DvwVMa0Ddg0,Ugxcrij-36w4wNcZ-B14AaABAg,2025-10-02T08:24:42Z,0
E1_increase,DvwVMa0Ddg0,UgwyZxliNGqvqwSkF594AaABAg,2025-10-02T08:41:43Z,0
E1_increase,DvwVMa0Ddg0,UgzDA-bq8n-oxO45AXN4AaABAg,2025-10-02T08:57:26Z,0
E1_increase,DvwVMa0Ddg0,UgyhU6-GVn93Ivnf1Pl4AaABAg,2025-10-02T09:20:38Z,1
E1_increase,_EHy014U-po,UgyND0RbF7Mvf9ZJTcl4AaABAg,2025-10-02T12:51:17Z,11
E1_increase,_EHy014U-po,Ugxl5KwL9KklKSQ56d54AaABAg,2025-10-02T09:37:04Z,4
E1_increase,_EHy014U-po,UgzZgB0J_Y_9Y5QyCdJ4AaABAg,2025-10-02T10:30:58Z,15
E1_increase,_EHy014U-po,UgxTMVKebBGHK6LM95F4AaABAg,2025-10-02T15:27:55Z,5
E1_increase,_EHy014U-po,Ugzn4d1ssBq7PcXC2e94AaABAg,2025-10-02T09:07:43Z,14
E1_increase,_EHy014U-po,UgylNhJlAIuKVEucixp4AaABAg,2025-10-02T12:29:01Z,17
E1_increase,_EHy014U-po,UgyiBYUSeXabWf7qd1p4AaABAg,2025-10-02T13:04:44Z,2
E1_increase,_EHy014U-po,Ugw9FepRhE1j8C-KJsF4AaABAg,2025-10-02T15:54:11Z,2
E1_increase,_EHy014U-po,UgzZUbwixodMcOhAdFV4AaABAg,2025-10-02T09:11:11Z,7
E1_increase,_EHy014U-po,Ugy7PnSWojmeqhXrzVh4AaABAg,2025-10-02T10:51:47Z,6
E1_increase,_EHy014U-po,UgzNSm0ZLU1DW07xnvB4AaABAg,2025-10-02T11:16:50Z,2
E1_increase,_EHy014U-po,UgxD-SHNcz0RdQ-An4F4AaABAg,2025-10-02T09:36:46Z,6
E1_increase,_EHy014U-po,UgyAGiCqcGhzGvv-z2B4AaABAg,2025-10-02T13:03:43Z,2
E1_increase,_EHy014U-po,UgwTA0z1KBv5nK5Mytp4AaABAg,2025-10-02T09:11:22Z,2
E1_increase,_EHy014U-po,UgyoG8BUKKbSt0WpkqV4AaABAg,2025-10-04T08:33:59Z,1
E1_increase,_EHy014U-po,UgxIqRx34DHaPSpxNsp4AaABAg,2025-10-02T10:02:11Z,1
E1_increase,_EHy014U-po,UgwgBrPJzgiSr34XGO54AaABAg,2025-10-02T10:30:34Z,0
E1_increase,_EHy014U-po,Ugwld5DYtPIp8m8HZCV4AaABAg,2025-10-02T09:16:08Z,8
E1_increase,_EHy014U-po,UgyHLYkgPbGLs2OyFKZ4AaABAg,2025-10-02T09:42:21Z,3
E1_increase,_EHy014U-po,UgzeGhJmDJ6WAIeNHQh4AaABAg,2025-10-02T15:19:17Z,0
E1_increase,_EHy014U-po,UgyKV3nC60IcjjttwVN4AaABAg,2025-10-02T09:51:54Z,1
E1_increase,_EHy014U-po,UgxRApjWDPqlrwbP5wR4AaABAg,2025-10-02T18:45:04Z,1
E1_increase,_EHy014U-po,Ugz3Z9__k5bqI0Nwr0N4AaABAg,2025-10-02T09:53:36Z,1
E1_increase,_EHy014U-po,UgwVGeJ8J23i5wnyK7l4AaABAg,2025-10-02T10:16:37Z,0
E1_increase,_EHy014U-po,UgzDRRWoKuhy-i81jMB4AaABAg,2025-10-02T10:58:48Z,0
E1_increase,_EHy014U-po,Ugz9OqnaUatDGeN59WN4AaABAg,2025-10-29T07:11:16Z,1
E1_increase,_EHy014U-po,Ugyn3AnHnbzPe1PAzJl4AaABAg,2025-10-02T13:36:13Z,1
E1_increase,_EHy014U-po,UgwZ_wYLq-HOTC3LLiV4AaABAg,2025-10-03T09:12:22Z,0
E1_increase,_EHy014U-po,UgzGX_CmvP4mXKNf3LJ4AaABAg,2025-10-03T19:12:57Z,1
E1_increase,_EHy014U-po,UgyBknL8LWCXTh0IfWp4AaABAg,2025-10-03T06:09:27Z,1
E1_increase,_EHy014U-po,Ugxf4lyihbizepOb5Yd4AaABAg,2025-10-03T09:18:32Z,0
E1_increase,_EHy014U-po,UgyHx3ewQ0s2Cab55Np4AaABAg,2025-10-02T09:51:28Z,3
E1_increase,_EHy014U-po,UgxD9vwRVRr6YqKbO0x4AaABAg,2025-10-02T13:34:19Z,1
E1_increase,_EHy014U-po,UgzF5wxTe4igbB3Lild4AaABAg,2025-10-03T16:00:16Z,0
E1_increase,_EHy014U-po,UgxpJF2gAFLrLjZk6Ol4AaABAg,2025-10-02T09:54:10Z,2
E1_increase,_EHy014U-po,Ugxy6y7ygV3y5qIXq6Z4AaABAg,2025-10-02T09:07:51Z,2
E1_increase,_EHy014U-po,Ugz8UsK0sIqc0o73_dl4AaABAg,2025-10-03T07:57:49Z,0
E1_increase,_EHy014U-po,UgxbxVgLZp6hIR7_7xx4AaABAg,2025-10-02T09:05:59Z,1
E1_increase,_EHy014U-po,Ugyr72NIi441Lhs5YC94AaABAg,2025-10-04T08:32:52Z,0
E1_increase,_EHy014U-po,UgxDKdUJ_Xx5kIht0G54AaABAg,2025-10-02T13:24:49Z,1
E1_increase,_EHy014U-po,UgyGor1HbF25okcFwxl4AaABAg,2025-10-02T09:06:10Z,2
E1_increase,rik4P5OBmZE,UgzAiHO0WarREduQqbB4AaABAg,2025-10-01T18:26:38Z,0
E1_increase,u7byx3oSI5g,UgykjV1V8pNuxN9Ic094AaABAg,2025-10-08T01:10:09Z,154
E1_increase,u7byx3oSI5g,Ugwgu1IucyBThDwG5g14AaABAg,2025-10-06T12:29:41Z,85
E1_increase,u7byx3oSI5g,UgzFCYc_tIErFrYoNJd4AaABAg,2025-10-06T04:07:26Z,44
E1_increase,u7byx3oSI5g,UgwnZRi68mYukNKktmd4AaABAg,2025-11-22T08:28:20Z,7
E1_increase,u7byx3oSI5g,UgzxfVvsGHWRMMI2LXl4AaABAg,2025-10-26T20:29:21Z,27
E1_increase,u7byx3oSI5g,UgwGIdSdDBAlIj-HMAt4AaABAg,2026-04-26T12:12:43Z,2
E1_increase,u7byx3oSI5g,Ugzg_YiAfC3RL9QLBLl4AaABAg,2025-11-01T01:34:06Z,1
E1_increase,u7byx3oSI5g,Ugy91mfhDL4zu4z5J014AaABAg,2025-10-25T05:43:19Z,6
E1_increase,u7byx3oSI5g,UgyPlpuns6mngZErB_F4AaABAg,2025-10-05T17:39:24Z,2
E1_increase,u7byx3oSI5g,Ugzwtxcyy8MeVRzCNDt4AaABAg,2025-10-19T21:41:00Z,0
E1_increase,u7byx3oSI5g,Ugz4DzstazxJWRvMvyp4AaABAg,2026-05-17T08:07:37Z,1
E1_increase,u7byx3oSI5g,UgxnAgGY8s8wrY6unc54AaABAg,2025-11-01T23:37:09Z,0
E1_increase,u7byx3oSI5g,UgwqVEILtrFCSxVDd5V4AaABAg,2026-01-13T21:38:58Z,0
E1_increase,u7byx3oSI5g,UgzEYOog-hT30XkHEz94AaABAg,2025-11-16T17:45:47Z,0
E1_increase,u7byx3oSI5g,Ugzrtvko5mF74cW3Ojh4AaABAg,2025-10-27T21:08:48Z,2
E1_increase,u7byx3oSI5g,UgxhSKYCZOUrlEoJ1Bt4AaABAg,2025-11-24T12:50:53Z,0
E1_increase,u7byx3oSI5g,Ugzr_YRHYgy95ny8mtt4AaABAg,2025-11-02T05:53:11Z,1
E1_increase,u7byx3oSI5g,UgyJmbcmt0ciFcnS8QF4AaABAg,2026-08-03T13:48:48Z,0
E1_increase,u7byx3oSI5g,Ugx_KvKsMWRBuJLZB1d4AaABAg,2026-03-16T12:38:29Z,0
E1_increase,u7byx3oSI5g,UgwpMXmcvjWZDGQHcPx4AaABAg,2026-03-15T03:10:41Z,1
E1_increase,u7byx3oSI5g,Ugwb6audjD7AAvIxHt94AaABAg,2025-11-26T09:06:30Z,0
E1_increase,u7byx3oSI5g,UgzMH9ZPm-V3fiX73YB4AaABAg,2025-10-07T06:34:27Z,0
E1_increase,u7byx3oSI5g,UgzX673S9d6SHuHQyqF4AaABAg,2025-10-05T15:29:29Z,3
E1_increase,u7byx3oSI5g,UgxGv3fBp7r7mbwZRIZ4AaABAg,2025-11-15T20:28:52Z,0
E1_increase,u7byx3oSI5g,Ugx-pPqs6m-SFZJwg2F4AaABAg,2025-10-27T13:13:42Z,0
E1_increase,u7byx3oSI5g,UgzOB7wwFkI8HmUo-5p4AaABAg,2025-11-21T01:52:01Z,1
E1_increase,u7byx3oSI5g,UgwV3YwCL3pDlblOILx4AaABAg,2025-10-06T01:11:15Z,3
E1_increase,u7byx3oSI5g,UgwDKk9xI3tBAtdK7lh4AaABAg,2025-12-21T17:05:42Z,1
E1_increase,u7byx3oSI5g,UgzUBcvUXSuDY4BM7-94AaABAg,2026-01-30T13:34:22Z,0
E1_increase,u7byx3oSI5g,UgxKO1lTTIcmZT_MmBp4AaABAg,2025-12-25T04:19:26Z,1
E1_increase,u7byx3oSI5g,Ugz7nqYlPCUmYo8ywMN4AaABAg,2025-12-31T13:40:01Z,0
E1_increase,u7byx3oSI5g,UgxQ1tEZVimBdDVzpnl4AaABAg,2026-03-26T09:48:19Z,0
E1_increase,u7byx3oSI5g,UgwfHQ4Ui6KiCzf42bB4AaABAg,2025-10-10T01:21:16Z,2
E1_increase,u7byx3oSI5g,UgxnuSgW83fB-A9yhGx4AaABAg,2026-01-17T02:07:26Z,0
E1_increase,u7byx3oSI5g,Ugzho-nkkgYQGdigG1J4AaABAg,2026-01-24T14:18:06Z,0
E1_increase,u7byx3oSI5g,Ugx9cxoXXB5BE2c3Eyd4AaABAg,2025-10-18T19:41:07Z,0
E1_increase,u7byx3oSI5g,Ugw1ovfaUn8e4oszhSV4AaABAg,2026-04-10T17:06:31Z,0
E1_increase,u7byx3oSI5g,Ugz7mhSnZtVx7l9BYOx4AaABAg,2025-11-21T16:59:02Z,2
E1_increase,u7byx3oSI5g,UgyLY_TOlNOSZ938Ecx4AaABAg,2026-03-05T20:08:18Z,1
E1_increase,u7byx3oSI5g,Ugz3egBpMj14duf5e9x4AaABAg,2026-04-15T03:13:33Z,0
E1_increase,u7byx3oSI5g,Ugxvk79eLb79SdzAeMJ4AaABAg,2026-01-22T19:32:41Z,0
E1_increase,u7byx3oSI5g,Ugy2-h5Kk_vPOf1oiQ94AaABAg,2026-05-04T19:57:59Z,0
E1_increase,u7byx3oSI5g,Ugx58T55hLVp41R1cuh4AaABAg,2026-02-16T02:51:40Z,0
E1_increase,u7byx3oSI5g,UgySH7eicZ-VFhPPrX94AaABAg,2025-10-06T10:07:09Z,1
E1_increase,u7byx3oSI5g,UgyhBj_n35hkIyfSX094AaABAg,2025-11-29T17:23:09Z,0
E1_increase,u7byx3oSI5g,Ugxo2v7ciaU3-olUnct4AaABAg,2025-12-06T16:55:25Z,0
E1_increase,u7byx3oSI5g,Ugz0q1GJORTyJhq2WGx4AaABAg,2026-06-06T15:49:59Z,0
E1_increase,u7byx3oSI5g,UgzAoKL6P25n083klkh4AaABAg,2025-11-20T02:57:21Z,0
E1_increase,u7byx3oSI5g,UgwoEda8koKdeekjE9N4AaABAg,2026-01-26T01:44:40Z,0
E1_increase,u7byx3oSI5g,UgyFUTMpsMYMdI3r9Zh4AaABAg,2026-03-25T02:14:55Z,0
E1_increase,u7byx3oSI5g,UgziXBTtvOawebQvHC54AaABAg,2025-10-06T14:15:02Z,9
E1_increase,u7byx3oSI5g,UgzAbFrO79B9N5kq0Pd4AaABAg,2025-12-17T15:43:45Z,0
E1_increase,u7byx3oSI5g,UgyYhMmme1mBCPD-q_l4AaABAg,2026-04-10T06:12:56Z,0
E1_increase,u7byx3oSI5g,UgxFvZ49RWj9Ot_rc6J4AaABAg,2025-11-24T09:58:03Z,0
E1_increase,u7byx3oSI5g,Ugxzenj5vjLKVakPgA14AaABAg,2026-01-09T14:35:53Z,0
E1_increase,u7byx3oSI5g,UgypvDRAJC3xG975qud4AaABAg,2025-10-09T10:33:08Z,1
E1_increase,u7byx3oSI5g,UgymYzFVa5wBRtQcZIl4AaABAg,2026-02-01T16:42:51Z,0
E1_increase,u7byx3oSI5g,UgwUnMToIGFjBsggQxN4AaABAg,2026-04-12T20:56:14Z,1
E1_increase,u7byx3oSI5g,Ugz66Sfs4YacVUDfZQt4AaABAg,2025-12-10T22:20:54Z,0
E1_increase,u7byx3oSI5g,Ugy0H_GN8Yz613jY_F94AaABAg,2025-12-30T21:16:42Z,0
E1_increase,u7byx3oSI5g,UgzRyJMAhN5lCsNVycR4AaABAg,2025-10-05T16:04:14Z,2
E1_increase,u7byx3oSI5g,UgyclMAfynXYU-236714AaABAg,2025-10-17T04:39:33Z,0
E1_increase,u7byx3oSI5g,Ugzyn9iCM8NPm8F6a694AaABAg,2025-10-29T20:46:18Z,0
E1_increase,u7byx3oSI5g,UgyQLM50kSmVOat-V854AaABAg,2025-11-25T01:08:47Z,0
E1_increase,u7byx3oSI5g,Ugz1BXHEMkIO2E8IS394AaABAg,2026-03-10T03:46:12Z,0
E1_increase,u7byx3oSI5g,UgwAnp3kAmnYk9kLlK14AaABAg,2026-03-30T01:38:55Z,0
E1_increase,u7byx3oSI5g,Ugy2yWA1P11op-FfZMl4AaABAg,2026-01-03T04:05:06Z,0
E1_increase,u7byx3oSI5g,UgwA1qg096Z8HjKtZl54AaABAg,2025-11-01T00:57:05Z,0
E1_increase,u7byx3oSI5g,UgxY6wOatqdUKZnW_SJ4AaABAg,2025-10-10T12:17:04Z,1
E1_increase,u7byx3oSI5g,UgwLvWofgwKRAgzj_Gh4AaABAg,2025-12-11T16:48:01Z,0
E1_increase,u7byx3oSI5g,UgwoeCKXF0GkJBBBjot4AaABAg,2026-07-21T04:08:06Z,0
E1_increase,u7byx3oSI5g,UgzAMbxC3btqMZtohtJ4AaABAg,2026-01-02T02:15:23Z,0
E1_increase,u7byx3oSI5g,UgzzyF51aw_HRB9FuhJ4AaABAg,2026-02-06T16:57:40Z,0
E1_increase,u7byx3oSI5g,UgxzN1lEQnLMHEdyp1V4AaABAg,2025-10-06T12:31:47Z,1
E1_increase,xUxbvyS40bA,Ugzf0wBx6obTKUYAKn14AaABAg,2025-10-01T22:26:32Z,44
E1_increase,xUxbvyS40bA,UgzEzwxX2-hkpK9ZUP94AaABAg,2025-10-02T03:17:19Z,40
E1_increase,xUxbvyS40bA,UgwDF9PhnBH9cJsyKxl4AaABAg,2025-10-02T00:39:12Z,21
E1_increase,xUxbvyS40bA,UgxNpLapVnNjCnF1hOd4AaABAg,2025-10-01T22:38:51Z,10
E1_increase,xUxbvyS40bA,UgzbHf0Tm_1Zu1lj2kl4AaABAg,2025-10-02T11:49:46Z,4
E1_increase,xUxbvyS40bA,Ugw_DBxpABOgvRrUvTF4AaABAg,2025-10-02T00:12:02Z,13
E1_increase,xUxbvyS40bA,UgzZnVgepvQf7Y9HtKB4AaABAg,2025-10-02T06:48:07Z,5
E1_increase,xUxbvyS40bA,UgzKRD2ejMh6Pb1oz3B4AaABAg,2025-10-01T22:59:13Z,6
E1_increase,xUxbvyS40bA,UgyncHBnUWvOjfVppaV4AaABAg,2025-10-01T22:34:28Z,3
E1_increase,xUxbvyS40bA,Ugxeue0oAFLdBtnPtTx4AaABAg,2025-10-01T23:03:44Z,7
E1_increase,xUxbvyS40bA,UgxOG3Qz1A3OoC3gYJ94AaABAg,2025-10-02T16:35:56Z,2
E1_increase,xUxbvyS40bA,UgzFKpEr9KEjNpQov6Z4AaABAg,2025-10-01T23:05:46Z,9
E1_increase,xUxbvyS40bA,UgxUdDj7eNVWCGfCpKJ4AaABAg,2025-10-01T22:29:23Z,2
E1_increase,xUxbvyS40bA,UgxOqtzE05cnEtTYwMZ4AaABAg,2025-10-02T01:33:37Z,0
E1_increase,xUxbvyS40bA,Ugw7D9LwdLBnczZUc914AaABAg,2025-10-01T23:48:46Z,1
E1_increase,xUxbvyS40bA,UgxZxAuHYxPzPVBvMcF4AaABAg,2025-10-02T01:04:06Z,2
E1_increase,xUxbvyS40bA,Ugz-573TYVdIcsMndiV4AaABAg,2025-10-02T01:34:17Z,0
E1_increase,xUxbvyS40bA,UgzSYndaUYrM8cc9nFF4AaABAg,2025-10-03T10:28:37Z,0
E1_increase,xUxbvyS40bA,UgwMtOFgDeMBHXlI6iZ4AaABAg,2025-10-02T05:16:26Z,0
E1_increase,xUxbvyS40bA,UgywnX60OCCYSSX_7V94AaABAg,2025-10-02T00:16:41Z,1
E1_increase,xUxbvyS40bA,UgxqPov1gxxI1iCB5EV4AaABAg,2025-10-02T20:18:53Z,0
E1_increase,xUxbvyS40bA,UgzabIAas9qyOXZeiot4AaABAg,2025-10-02T11:44:22Z,0
E1_increase,xUxbvyS40bA,UgysOiTmklxG8PyxwMl4AaABAg,2025-10-03T23:46:55Z,0
E1_increase,xUxbvyS40bA,UgyH7IrVuqwfTdoktbF4AaABAg,2025-10-02T12:46:33Z,0
E1_increase,xUxbvyS40bA,Ugx1v4nh79mHrT64qu14AaABAg,2025-10-01T23:37:35Z,3
E1_increase,xUxbvyS40bA,UgxflI7Ahp2AV6ZYOf94AaABAg,2025-10-02T12:45:51Z,0
E1_increase,xUxbvyS40bA,Ugwaejh3kVbyB1wzpJ94AaABAg,2025-10-02T13:42:47Z,0
E1_increase,xUxbvyS40bA,UgwD6Qx3GO87_ERJiPR4AaABAg,2025-10-03T04:18:30Z,0
E1_increase,xUxbvyS40bA,UgzyZrtt2nVKBNVb4AZ4AaABAg,2025-10-02T10:16:49Z,0
E1_increase,xUxbvyS40bA,UgzU_wMbA71WPxXPuMZ4AaABAg,2025-10-02T06:34:40Z,2
E1_increase,xUxbvyS40bA,UgxVeAd-EhGh0AJ075V4AaABAg,2025-10-04T04:14:13Z,0
E1_increase,xUxbvyS40bA,Ugynvz93x8Vshx2NQkZ4AaABAg,2025-10-03T08:23:38Z,0
E1_increase,xUxbvyS40bA,UgzJix7nnn5TUVteq_54AaABAg,2025-10-02T18:27:09Z,0
E1_increase,xUxbvyS40bA,UgzBe7AKzu08GmhoLql4AaABAg,2025-10-02T21:21:15Z,0
E1_increase,xUxbvyS40bA,Ugw3YUg5IUkbmt645ct4AaABAg,2025-10-02T05:16:28Z,0
E1_increase,Sj43dZQTj9c,UgxTwsA_9TC0hfV-4954AaABAg,2025-10-02T15:00:13Z,25
E1_increase,Sj43dZQTj9c,UgyiuAhuPhArwZ5OnhJ4AaABAg,2025-10-02T18:13:45Z,28
E1_increase,Sj43dZQTj9c,UgzO7j92-JmXaD37mct4AaABAg,2025-10-02T11:58:41Z,59
E1_increase,Sj43dZQTj9c,UgwmG3Uf7U2xcUf1qBV4AaABAg,2025-10-02T15:24:13Z,0
E1_increase,Sj43dZQTj9c,UgzHZi8BtxgwG8WqaDB4AaABAg,2025-10-02T21:49:35Z,2
E1_increase,Sj43dZQTj9c,UgzdGPPqELWWFblOwGd4AaABAg,2025-10-02T14:01:03Z,5
E1_increase,Sj43dZQTj9c,UgyBw26fxQNY2MSYfGl4AaABAg,2025-10-03T05:23:44Z,1
E1_increase,Sj43dZQTj9c,UgzLF7Q-bF11MrQinwZ4AaABAg,2025-10-02T13:07:04Z,0
E1_increase,Sj43dZQTj9c,UgxXPJuwPmf-G2H4hT94AaABAg,2025-10-05T15:53:00Z,1
E1_increase,Sj43dZQTj9c,UgzmFDhHdimhsUvPipt4AaABAg,2025-10-03T01:40:25Z,5
E1_increase,Sj43dZQTj9c,UgxXXwCbWMK7TkwdZYt4AaABAg,2025-10-11T11:28:10Z,0
E1_increase,Sj43dZQTj9c,UgxpfzkWqVofjWHhpSp4AaABAg,2025-10-03T06:55:07Z,0
E1_increase,Sj43dZQTj9c,UgzuZjbcQn8piAe2Vb54AaABAg,2025-12-04T13:38:12Z,1
E1_increase,Sj43dZQTj9c,UgyBikqlFZ7xjBnCRCp4AaABAg,2025-10-08T09:05:12Z,0
E1_increase,Sj43dZQTj9c,UgwWogkCiysZ3oTMMFJ4AaABAg,2025-10-02T05:47:35Z,2
E1_increase,Sj43dZQTj9c,UgxNqUfj971CcIZcG_l4AaABAg,2025-10-02T22:56:06Z,1
E1_increase,Sj43dZQTj9c,Ugybqpo34rFq1L2U8jN4AaABAg,2025-10-06T18:24:19Z,0
E1_increase,Sj43dZQTj9c,UgwEBgvPRG8QyLjJkHl4AaABAg,2026-04-01T22:38:56Z,0
E1_increase,Sj43dZQTj9c,UgyUrzfv4V05i7HBtSl4AaABAg,2025-10-02T15:00:40Z,1
E1_increase,Sj43dZQTj9c,Ugyuerpt1-YZLp7g4854AaABAg,2025-10-02T16:41:43Z,0
E1_increase,Sj43dZQTj9c,UgzJP6ako8bORZiMOUN4AaABAg,2025-10-09T22:49:32Z,0
E1_increase,Sj43dZQTj9c,UgxF_Ibx2YlxQjchrXt4AaABAg,2025-12-10T00:42:02Z,1
E1_increase,Sj43dZQTj9c,UgxaiID1th45jGBWLjB4AaABAg,2025-10-02T18:52:23Z,0
E1_increase,Sj43dZQTj9c,Ugylz_WhZHfHVBW3ZfB4AaABAg,2025-10-02T21:58:49Z,0
E1_increase,Sj43dZQTj9c,UgwkEwjpCtodtSn3Tvp4AaABAg,2025-12-03T23:33:55Z,0
E1_increase,Sj43dZQTj9c,UgySp7hYjXrhd6ASQAx4AaABAg,2025-10-03T05:35:39Z,1
E1_increase,Sj43dZQTj9c,UgxABWUhIN03f4bWBJ14AaABAg,2026-04-05T20:05:24Z,0
E1_increase,Sj43dZQTj9c,Ugz0TGrzPONb36fUJZx4AaABAg,2025-10-03T02:37:11Z,0
E1_increase,Sj43dZQTj9c,Ugxvg6okHmDJR35LEhF4AaABAg,2025-10-02T22:35:20Z,0
E1_increase,Sj43dZQTj9c,UgyXM3ANG9l-Yu-XW9p4AaABAg,2025-10-19T21:41:33Z,0
E1_increase,Sj43dZQTj9c,UgyXhtQy_gwy49SGOk14AaABAg,2025-10-28T00:58:23Z,0
E1_increase,Sj43dZQTj9c,UgxvAaS_wPyyBMuOlE94AaABAg,2025-10-03T19:36:21Z,0
E1_increase,Sj43dZQTj9c,Ugz4k7d5DDDG_5MYnAp4AaABAg,2025-10-21T13:15:37Z,0
E1_increase,Sj43dZQTj9c,Ugx_mpbM0gy4r9GVwrZ4AaABAg,2025-10-02T15:10:00Z,1
E1_increase,Sj43dZQTj9c,Ugw8Yb0sCb80aFyaHzN4AaABAg,2025-10-02T16:31:21Z,1
E1_increase,Sj43dZQTj9c,UgwBlenJR0vtLuocfgd4AaABAg,2026-01-07T17:46:03Z,0
E1_increase,sv-7bzYpgDk,Ugz6Z0D1fmrnqFHQgJ94AaABAg,2025-10-01T19:14:20Z,28
E1_increase,sv-7bzYpgDk,Ugwmqib3e_XqDUlwE2F4AaABAg,2025-10-01T19:17:15Z,80
E1_increase,sv-7bzYpgDk,UgxjrzfyTRurz5lgGFF4AaABAg,2025-10-01T19:20:51Z,198
E1_increase,sv-7bzYpgDk,UgydJ3hfI02fRSHRu5Z4AaABAg,2025-10-01T19:36:49Z,46
E1_increase,sv-7bzYpgDk,UgzqNpbdyckqcxC2cXp4AaABAg,2025-10-01T19:41:43Z,22
E1_increase,sv-7bzYpgDk,UgxkJLqjcLO-ecq_hTF4AaABAg,2025-10-01T19:25:10Z,35
E1_increase,sv-7bzYpgDk,UgxHMmBWz9B9hJjydSx4AaABAg,2025-10-01T21:05:02Z,27
E1_increase,sv-7bzYpgDk,Ugy0IL_6U10bvQ-wjYd4AaABAg,2025-10-01T19:19:47Z,81
E1_increase,sv-7bzYpgDk,Ugyo0hNnMWEQDzteDth4AaABAg,2025-10-02T02:25:56Z,7
E1_increase,sv-7bzYpgDk,Ugz_7sFk_CGdnSSTqIB4AaABAg,2025-10-01T23:40:13Z,14
E1_increase,sv-7bzYpgDk,UgylX2nUmGDFdkX-5vx4AaABAg,2025-10-01T19:41:20Z,32
E1_increase,sv-7bzYpgDk,Ugy5QibRzj90eQmt3VZ4AaABAg,2025-10-01T19:16:12Z,21
E1_increase,sv-7bzYpgDk,Ugy2G8K8bUJmdFFghKh4AaABAg,2025-10-01T20:04:09Z,10
E1_increase,sv-7bzYpgDk,Ugw5CnW21N_p8jD4rxt4AaABAg,2025-10-01T19:33:30Z,18
E1_increase,sv-7bzYpgDk,Ugww-vuKPPu3WSPAE0p4AaABAg,2025-10-02T23:40:45Z,0
E1_increase,sv-7bzYpgDk,UgwzvwUc3b205ysCzqp4AaABAg,2025-10-02T04:52:05Z,2
E1_increase,sv-7bzYpgDk,UgzQfnTMvX7KP0S-UWV4AaABAg,2025-10-05T17:08:15Z,0
E1_increase,sv-7bzYpgDk,UgyaYNF-weHqAoAC1UB4AaABAg,2025-10-01T20:52:27Z,6
E1_increase,sv-7bzYpgDk,UgyVEAhvbuTnYEC6NC54AaABAg,2025-10-02T04:29:29Z,0
E1_increase,sv-7bzYpgDk,UgxviGdleXB4h9cL8jd4AaABAg,2025-10-01T23:00:56Z,7
E1_increase,sv-7bzYpgDk,UgwsI4K39tTLQcl8ndN4AaABAg,2025-10-01T23:00:06Z,5
E1_increase,sv-7bzYpgDk,Ugz4iQtIvHt_uN0twbF4AaABAg,2025-10-02T02:04:29Z,1
E1_increase,sv-7bzYpgDk,UgyHN-cpG3Jyp1Wugxp4AaABAg,2025-10-01T22:32:31Z,0
E1_increase,sv-7bzYpgDk,UgyE8ReYGykp9XyvLW14AaABAg,2025-10-02T16:25:51Z,0
E1_increase,sv-7bzYpgDk,UgxkWdSMI1xOplK4deN4AaABAg,2025-10-02T03:07:11Z,0
E1_increase,sv-7bzYpgDk,UgxVZ-UMwjgKLT1QEId4AaABAg,2025-10-02T04:07:43Z,2
E1_increase,sv-7bzYpgDk,Ugxws4pjrURNV148YWd4AaABAg,2025-10-01T21:57:06Z,5
E1_increase,sv-7bzYpgDk,UgxAk_WSMSLp2cJPSZp4AaABAg,2025-10-01T19:48:18Z,8
E1_increase,sv-7bzYpgDk,Ugz45Edb8Azh6UXvT6Z4AaABAg,2025-10-02T04:47:37Z,0
E1_increase,sv-7bzYpgDk,UgxUhkhwocYOrpqPUpx4AaABAg,2025-10-01T20:32:18Z,6
E1_increase,sv-7bzYpgDk,Ugw4CXAk3MrOWQ3WeqV4AaABAg,2025-10-02T17:28:22Z,1
E1_increase,sv-7bzYpgDk,UgyTNg4gujYYPi4FM0N4AaABAg,2025-10-01T19:47:13Z,2
E1_increase,sv-7bzYpgDk,Ugyh-pW39TfeSOCpe1t4AaABAg,2025-10-01T19:40:15Z,0
E1_increase,sv-7bzYpgDk,UgwcdLRX17A-DuUy20h4AaABAg,2025-10-03T18:48:37Z,0
E1_increase,sv-7bzYpgDk,UgwWEoYs2Zg78p4n4cp4AaABAg,2025-10-02T02:44:42Z,1
E1_increase,sv-7bzYpgDk,UgxyZcWSSdObcsPYnrF4AaABAg,2025-10-02T05:51:26Z,0
E1_increase,sv-7bzYpgDk,UgzSTvqjQUWwHwMUomd4AaABAg,2025-10-01T21:29:26Z,0
E1_increase,sv-7bzYpgDk,UgzN4JktwUbHvnuuKmh4AaABAg,2025-10-01T23:21:06Z,0
E1_increase,sv-7bzYpgDk,Ugxf5sTkw5EWUwNeZ8J4AaABAg,2025-10-02T01:13:13Z,0
E1_increase,sv-7bzYpgDk,Ugx8Wq8ara0oGYcO5El4AaABAg,2025-10-01T22:07:30Z,0
E1_increase,sv-7bzYpgDk,UgxEJYZs1vmr0MekjwF4AaABAg,2025-10-02T04:46:40Z,0
E1_increase,sv-7bzYpgDk,Ugx2XJqpDlI4aTk5huV4AaABAg,2025-10-01T21:53:47Z,2
E1_increase,sv-7bzYpgDk,UgxPzvf7Ke7B1ldRsp94AaABAg,2025-10-02T00:21:15Z,0
E1_increase,sv-7bzYpgDk,Ugw0Mx14JzI6ZTCecEh4AaABAg,2025-10-01T23:09:38Z,0
E1_increase,sv-7bzYpgDk,UgzQnG9To8W7f7L5Xwx4AaABAg,2025-10-01T22:01:51Z,0
E1_increase,sv-7bzYpgDk,UgxyDNcNnyf83zHzppl4AaABAg,2025-10-02T14:10:41Z,0
E1_increase,sv-7bzYpgDk,UgzaJSA-oault9H-21R4AaABAg,2025-10-01T20:14:59Z,0
E1_increase,sv-7bzYpgDk,UgzFa5PSc6F6oQBBzrR4AaABAg,2025-10-02T03:34:01Z,0
E1_increase,sv-7bzYpgDk,UgyOx6goO0kaPh-hSbJ4AaABAg,2025-10-02T01:00:37Z,2
E1_increase,sv-7bzYpgDk,UgyPM2uBEaCkp04bEaR4AaABAg,2025-10-02T14:09:05Z,0
E1_increase,sv-7bzYpgDk,Ugz0I5tkXkvq91p31eN4AaABAg,2025-10-02T07:59:19Z,0
E1_increase,sv-7bzYpgDk,Ugwd4umJjCJsYhfbd354AaABAg,2025-10-02T20:24:34Z,0
E1_increase,sv-7bzYpgDk,UgyzHbzuuHiqcJtiXR54AaABAg,2025-10-02T02:13:48Z,0
E1_increase,sv-7bzYpgDk,UgwsWG05Gym7R8bnZSp4AaABAg,2025-10-02T18:53:55Z,0
E1_increase,sv-7bzYpgDk,UgxzeILEkzqi71GsF7h4AaABAg,2025-10-02T14:45:49Z,0
E1_increase,sv-7bzYpgDk,UgxPVHo5bAXwgEIWJsl4AaABAg,2025-10-02T13:58:00Z,0
E1_increase,sv-7bzYpgDk,UgyY6OHNl5aby2bOUAB4AaABAg,2025-10-02T19:46:25Z,0
E1_increase,sv-7bzYpgDk,Ugw_Bqn-5zsLTVGRh9l4AaABAg,2025-10-01T20:15:03Z,0
E1_increase,sv-7bzYpgDk,UgwPvUJ--I-tVslO6Y94AaABAg,2025-10-01T22:16:13Z,1
E1_increase,sv-7bzYpgDk,UgzKRDi5FQsa3f3RIlZ4AaABAg,2025-10-01T21:05:56Z,6
E1_increase,sv-7bzYpgDk,UgxMIiYTygQ_mLKKlxt4AaABAg,2025-10-02T17:29:06Z,0
E1_increase,sv-7bzYpgDk,Ugwi-SPMd7p_zQdgPtN4AaABAg,2025-10-01T20:08:06Z,0
E1_increase,sv-7bzYpgDk,Ugw4j4E9e87UgZLiqOV4AaABAg,2025-10-02T01:34:54Z,1
E1_increase,sv-7bzYpgDk,Ugz5yMCbf2lSQatNpjl4AaABAg,2025-10-02T12:04:33Z,0
E1_increase,sv-7bzYpgDk,Ugyu2hzUNtspSu-S_LZ4AaABAg,2025-10-01T19:54:43Z,2
E1_increase,sv-7bzYpgDk,UgycWSLflUAs4B_hj8p4AaABAg,2025-10-01T23:43:43Z,0
E1_increase,sv-7bzYpgDk,UgyNSbjv6i14RIbUu-14AaABAg,2025-10-02T14:46:25Z,0
E1_increase,sv-7bzYpgDk,Ugwq741qMIYNmQBl1bV4AaABAg,2025-10-02T09:42:39Z,0
E1_increase,sv-7bzYpgDk,Ugw-cfm5PK-a3epmTx94AaABAg,2025-10-02T05:19:41Z,0
E1_increase,sv-7bzYpgDk,UgxK4d7Fg5CgQm9XTax4AaABAg,2025-10-02T05:54:56Z,1
E1_increase,sv-7bzYpgDk,Ugy7zeQFfecsj9nekB54AaABAg,2025-10-02T08:58:37Z,0
E1_increase,sv-7bzYpgDk,UgyMMscZdk0SUo3zOAZ4AaABAg,2025-10-01T22:01:38Z,4
E1_increase,sv-7bzYpgDk,UgxawPh14BgdeVfahiN4AaABAg,2025-10-01T22:53:23Z,0
E1_increase,sv-7bzYpgDk,UgyN3YguuDrVqZrOezB4AaABAg,2025-10-01T21:30:39Z,1
E1_increase,sv-7bzYpgDk,UgwWZRbtAV_uWDJhkqN4AaABAg,2025-10-02T10:34:26Z,0
E1_increase,sv-7bzYpgDk,Ugw7BInRWv995Cfn9HJ4AaABAg,2025-10-02T06:25:54Z,0
E1_increase,sv-7bzYpgDk,UgwQzsckdBQhYEwn9ZV4AaABAg,2025-10-01T19:35:00Z,0
E1_increase,sv-7bzYpgDk,UgzoQZvqjUcaQZ89cFt4AaABAg,2025-10-01T19:37:04Z,0
E1_increase,sv-7bzYpgDk,Ugwis1-GsupK3grkRa94AaABAg,2025-10-01T22:05:59Z,0
E1_increase,sv-7bzYpgDk,UgxnT45thczKDf5OQ9Z4AaABAg,2025-10-08T08:46:20Z,0
E1_increase,sv-7bzYpgDk,UgzQU3vf7tDrWvPbhjF4AaABAg,2025-10-01T19:39:57Z,3
E1_increase,sv-7bzYpgDk,Ugz2luuk5U0tY1t1GbF4AaABAg,2025-10-03T14:01:11Z,0
E1_increase,sv-7bzYpgDk,Ugx7_65ngW0sq0cTKt94AaABAg,2025-10-01T20:02:22Z,0
E1_increase,sv-7bzYpgDk,Ugyixo3t5aWuFOUqtHJ4AaABAg,2025-10-03T23:12:30Z,0
E1_increase,sv-7bzYpgDk,UgwA2Uw0pcTKdyI4XqB4AaABAg,2025-10-01T20:54:26Z,0
E1_increase,sv-7bzYpgDk,UgwdORFr9cYoARO4ycF4AaABAg,2025-10-02T13:15:53Z,0
E1_increase,sv-7bzYpgDk,UgyptGx-Y0QOjX_yylp4AaABAg,2025-10-02T07:12:40Z,0
E1_increase,sv-7bzYpgDk,Ugy7VpVZxedGNRFiP-l4AaABAg,2025-10-01T19:19:01Z,5
E1_increase,sv-7bzYpgDk,UgxytnGgmJXp-RiXsPl4AaABAg,2025-10-10T08:39:24Z,0
E1_increase,sv-7bzYpgDk,Ugy7RDKW-ecxfsm4Cw94AaABAg,2025-10-02T13:55:54Z,0
E1_increase,sv-7bzYpgDk,UgzLdpLwhUSpnFqUakx4AaABAg,2025-10-01T22:57:45Z,0
E1_increase,sv-7bzYpgDk,Ugy_sJgtxcmFjxXiUMF4AaABAg,2025-10-02T11:55:32Z,0
E1_increase,sv-7bzYpgDk,Ugz6sgB21QzNivru4Rp4AaABAg,2025-10-04T04:19:18Z,0
E1_increase,sv-7bzYpgDk,Ugyru_NqiYrQisoKFzJ4AaABAg,2025-10-02T15:29:26Z,2
E1_increase,sv-7bzYpgDk,Ugz6WHTGrnBTkTSQ7I14AaABAg,2025-10-01T20:08:51Z,0
E1_increase,sv-7bzYpgDk,Ugzq7vpJTnj3mD1AvMR4AaABAg,2025-10-12T20:17:26Z,0
E1_increase,sv-7bzYpgDk,Ugz3saOFwSz7uBHS6md4AaABAg,2025-10-02T12:02:23Z,0
E1_increase,sv-7bzYpgDk,UgzIgRmsmpTkNEJy7Eh4AaABAg,2025-10-02T07:30:07Z,0
E1_increase,sv-7bzYpgDk,UgyCTYeCOhwBJQSaBfd4AaABAg,2025-10-02T22:02:13Z,0
E1_increase,sv-7bzYpgDk,UgweMgYjtCWMOgGfeTN4AaABAg,2025-10-01T21:59:49Z,0
E1_increase,sv-7bzYpgDk,UgyDdHBJa2o7aMeZBVF4AaABAg,2025-10-02T01:21:20Z,0
E1_increase,sv-7bzYpgDk,Ugx8OH-pMryjNf7APbl4AaABAg,2025-10-02T08:41:51Z,0
E1_increase,sv-7bzYpgDk,Ugz2waYiYt-28jWAtIB4AaABAg,2025-10-02T21:10:34Z,0
E1_increase,sv-7bzYpgDk,UgwfD8vr_NYq6jfMuVt4AaABAg,2025-10-02T23:03:53Z,0
E1_increase,sv-7bzYpgDk,UgzCLt4uvkmg6B7UTWd4AaABAg,2025-10-03T20:50:19Z,0
E1_increase,sv-7bzYpgDk,UgzspoXSP5JhKqLTK4p4AaABAg,2025-10-01T22:17:22Z,0
E1_increase,sv-7bzYpgDk,UgztoglRtoOpEhnhP2x4AaABAg,2025-10-01T19:48:05Z,0
E1_increase,sv-7bzYpgDk,Ugxh2PCbxoR8fd7f9qx4AaABAg,2025-10-02T08:49:48Z,0
E1_increase,sv-7bzYpgDk,Ugz_7RmizYAlrLe_vOt4AaABAg,2025-10-01T20:18:03Z,0
E1_increase,sv-7bzYpgDk,UgzpgP3Ovt2zHFBGmbV4AaABAg,2025-10-01T21:55:27Z,1
E1_increase,sv-7bzYpgDk,UgzuEjF1eGvCxTIWr_l4AaABAg,2025-10-02T02:42:18Z,0
E1_increase,sv-7bzYpgDk,UgwJTQgts76WgDMOmWh4AaABAg,2025-10-02T21:42:13Z,0
E1_increase,sv-7bzYpgDk,Ugyq-z6vozJaWqYrDXV4AaABAg,2025-10-01T20:40:47Z,0
E1_increase,sv-7bzYpgDk,UgxikJe1Cj2TJ5GuGZJ4AaABAg,2025-10-03T08:39:36Z,0
E1_increase,sv-7bzYpgDk,Ugwr9mmyqCs1CDBDTuZ4AaABAg,2025-10-01T22:27:20Z,0
E1_increase,sv-7bzYpgDk,Ugx6fKXmZI_T8CTb90R4AaABAg,2025-10-02T02:34:18Z,0
E1_increase,sv-7bzYpgDk,UgwjNITiRUcsHCKHfBx4AaABAg,2025-10-02T21:22:23Z,0
E1_increase,sv-7bzYpgDk,Ugwkgy283Zpw0hNUNP54AaABAg,2025-10-02T15:57:41Z,0
E1_increase,sv-7bzYpgDk,UgzeWirS31Jly16t6a94AaABAg,2025-10-02T08:25:12Z,0
E1_increase,sv-7bzYpgDk,Ugytw6yLI2VtWvDrhx94AaABAg,2025-10-02T07:41:12Z,0
E1_increase,sv-7bzYpgDk,UgwCSQao2bBf_WKZ6EZ4AaABAg,2025-10-03T18:35:12Z,0
E1_increase,sv-7bzYpgDk,UgyQY3AFi0xKIjZNDqR4AaABAg,2025-10-02T03:26:00Z,0
E1_increase,sv-7bzYpgDk,Ugzu3NLl-0UL1T4H4wt4AaABAg,2025-10-03T05:18:42Z,0
E1_increase,sv-7bzYpgDk,Ugzt4b27SdJ3bD7LvgF4AaABAg,2025-10-05T05:23:35Z,0
E1_increase,sv-7bzYpgDk,UgzffgUSOrFZeQXhBPt4AaABAg,2025-10-02T07:39:17Z,0
E1_increase,sv-7bzYpgDk,Ugw_8TTZS9qRJZEv6j54AaABAg,2025-10-01T23:07:50Z,0
E1_increase,sv-7bzYpgDk,Ugxs8t5T92KH9y5i6At4AaABAg,2025-10-02T05:02:49Z,0
E1_increase,sv-7bzYpgDk,UgymG6OsfO_DO90ss7B4AaABAg,2025-10-03T07:05:58Z,0
E1_increase,sv-7bzYpgDk,Ugy8FpnXoVqXVQTvOa54AaABAg,2025-10-02T09:56:15Z,0
E1_increase,sv-7bzYpgDk,UgzzqJPpDRzfH0j3Xud4AaABAg,2025-10-01T19:36:17Z,2
E1_increase,sv-7bzYpgDk,Ugz-keBRFU4Rn2lwfc94AaABAg,2025-10-02T22:04:15Z,0
E1_increase,sv-7bzYpgDk,Ugy0357unuEphcC3Ohh4AaABAg,2025-10-01T20:48:55Z,0
E1_increase,sv-7bzYpgDk,UgwGDj_kWdGE8b-4tB94AaABAg,2025-10-01T19:41:13Z,1
E1_increase,sv-7bzYpgDk,UgxGhwm_0iasjfXdgCp4AaABAg,2025-10-15T19:34:30Z,0
E1_increase,sv-7bzYpgDk,UgzziezUaxaBx104UmR4AaABAg,2025-10-01T21:18:22Z,0
E1_increase,sv-7bzYpgDk,UgwNjO8Z1k3LhiBPQcp4AaABAg,2025-10-02T22:15:11Z,0
E1_increase,sv-7bzYpgDk,UgyhzKeCnOsTpnJafnJ4AaABAg,2025-10-01T20:16:15Z,1
E1_increase,sv-7bzYpgDk,UgwVhAkzrk-VnwGFHYF4AaABAg,2025-10-03T00:19:26Z,0
E1_increase,sv-7bzYpgDk,UgxyXVIz8qkHJM6g2GV4AaABAg,2025-10-01T22:16:34Z,0
E1_increase,sv-7bzYpgDk,UgyGSsjQLt32f1rDy6N4AaABAg,2025-10-01T22:20:38Z,0
E1_increase,sv-7bzYpgDk,Ugx32BlXHRdg5e7YvZV4AaABAg,2025-10-02T12:19:51Z,0
E1_increase,sv-7bzYpgDk,UgxKNSNQaDQvRp9siY94AaABAg,2025-10-01T20:58:14Z,2
E1_increase,sv-7bzYpgDk,UgxjJ1v7EZ5c8IGsFvd4AaABAg,2025-10-02T11:38:43Z,0
E1_increase,sv-7bzYpgDk,UgzWVuEomEOVqrtzXy54AaABAg,2025-10-01T19:45:54Z,1
E1_increase,sv-7bzYpgDk,UgwDc7LksMZCKbP_yql4AaABAg,2025-10-02T03:23:49Z,0
E1_increase,sv-7bzYpgDk,UgxcwCC4ezOPfLV4Mql4AaABAg,2025-10-02T20:57:39Z,0
E1_increase,sv-7bzYpgDk,UgyleNPmyzP49DfOqMt4AaABAg,2025-10-01T22:34:16Z,0
E1_increase,sv-7bzYpgDk,Ugx2yWJTQzC29bGbJ594AaABAg,2025-10-01T21:07:01Z,0
E1_increase,sv-7bzYpgDk,Ugzt8OMoN-6yjSQ7UOV4AaABAg,2025-10-01T19:32:39Z,2
E1_increase,sv-7bzYpgDk,UgwJZBIr1N8wMItHSxF4AaABAg,2025-10-02T04:53:03Z,0
E1_increase,sv-7bzYpgDk,Ugyd-1Psqi66uKLb_yF4AaABAg,2025-10-01T20:51:00Z,0
E1_increase,sv-7bzYpgDk,Ugyo1m35VmuTotAoP854AaABAg,2025-10-02T20:19:55Z,0
E1_increase,sv-7bzYpgDk,UgwZPTGeLLlaXxx-Imt4AaABAg,2025-10-01T20:41:21Z,11
E1_increase,sv-7bzYpgDk,UgwBbqjPouPZhTiZWrl4AaABAg,2025-10-02T00:07:11Z,0
E1_increase,sv-7bzYpgDk,UgwUEndzz-KNrucJzWR4AaABAg,2025-10-07T15:16:43Z,0
E1_increase,sv-7bzYpgDk,UgyjuL6rlK3sxptys0F4AaABAg,2025-10-03T12:10:57Z,0
E1_increase,sv-7bzYpgDk,UgzyggopT6JkCunbpHV4AaABAg,2025-10-02T06:19:27Z,0
E1_increase,sv-7bzYpgDk,UgwneUbz7VHiB519lcR4AaABAg,2025-10-04T02:23:29Z,0
E1_increase,sv-7bzYpgDk,UgzKLF7LULlwRGfPZ414AaABAg,2025-10-01T19:28:47Z,0
E1_increase,sv-7bzYpgDk,UgyHrxNNo8xsl0uSixV4AaABAg,2025-10-02T05:55:48Z,0
E1_increase,sv-7bzYpgDk,Ugz39UAmuhh-zip_ozN4AaABAg,2025-10-01T21:00:36Z,3
E1_increase,sv-7bzYpgDk,UgznYu4p30CrHkHnxWp4AaABAg,2025-10-02T14:25:30Z,0
E1_increase,sv-7bzYpgDk,UgyezNDh2F4ylfeTT9x4AaABAg,2025-10-02T00:53:21Z,0
E1_increase,sv-7bzYpgDk,Ugw4GlC7IDYbie6zy2B4AaABAg,2025-10-03T00:01:41Z,0
E1_increase,sv-7bzYpgDk,UgztuzoZFqyWyF3o96h4AaABAg,2025-10-04T02:22:49Z,0
E1_increase,sv-7bzYpgDk,Ugw3-QQKqlAAX0NeViJ4AaABAg,2025-10-03T01:11:22Z,0
E1_increase,sv-7bzYpgDk,UgwukSRAJ9U0z0uZpb14AaABAg,2025-10-02T02:37:49Z,0
E1_increase,sv-7bzYpgDk,UgwC_mJ0QCVnCmzILuJ4AaABAg,2025-10-02T00:05:07Z,0
E1_increase,sv-7bzYpgDk,UgwJSV18h9uF4n2LWph4AaABAg,2025-10-02T05:55:48Z,0
E1_increase,sv-7bzYpgDk,UgyUQ67AKg7KZeaXKAt4AaABAg,2025-10-01T20:18:19Z,0
E1_increase,sv-7bzYpgDk,UgyDjJ4XxmB1VNYdcGd4AaABAg,2025-10-01T22:13:01Z,0
E1_increase,sv-7bzYpgDk,UgxoBPTY31cWqesanKx4AaABAg,2025-10-01T22:04:59Z,0
E1_increase,sv-7bzYpgDk,UgxqgiseN-1tWJeg1Ll4AaABAg,2025-10-02T18:49:22Z,0
E1_increase,sv-7bzYpgDk,Ugz3f1W8Q-gic_YsUYR4AaABAg,2025-10-02T04:49:30Z,0
E1_increase,sv-7bzYpgDk,UgxWhNAzPNKuXrfwMtN4AaABAg,2025-10-01T21:07:47Z,0
E1_increase,sv-7bzYpgDk,Ugx64Tsv8KeJ8LSDhBh4AaABAg,2025-10-01T19:26:13Z,11
E1_increase,sv-7bzYpgDk,Ugy2ZP3Fi81TD553CXl4AaABAg,2025-10-02T10:08:05Z,0
E1_increase,sv-7bzYpgDk,UgwBDgBwTwEzRmyIsKR4AaABAg,2025-10-01T21:26:57Z,0
E1_increase,sv-7bzYpgDk,Ugz_dWk6o56DCZSeJiJ4AaABAg,2025-10-03T20:06:26Z,0
E1_increase,sv-7bzYpgDk,UgzS5OiYjd28DJYR18F4AaABAg,2025-10-02T04:11:23Z,0
E1_increase,sv-7bzYpgDk,Ugyd-CbQMcfBZOHbTDx4AaABAg,2025-10-02T14:52:06Z,1
E1_increase,sv-7bzYpgDk,UgwuaMayrDCIEM7gBqZ4AaABAg,2025-10-01T21:49:49Z,2
E1_increase,sv-7bzYpgDk,UgwtcmLMjb5YMFbIMBJ4AaABAg,2025-10-02T08:47:15Z,0
E1_increase,sv-7bzYpgDk,UgyvYr30766nNPV_8eN4AaABAg,2025-10-03T06:56:53Z,0
E1_increase,sv-7bzYpgDk,Ugwyi4sYLm-pKubtDxB4AaABAg,2025-10-01T21:59:38Z,0
E1_increase,sv-7bzYpgDk,UgzFyjcvmoEFxx2AvQR4AaABAg,2025-10-02T17:23:35Z,0
E1_increase,sv-7bzYpgDk,Ugy8Bgf9lZu56oijCL14AaABAg,2025-10-02T08:13:58Z,1
E1_increase,sv-7bzYpgDk,UgzhTlI2cAlmQWlUwEh4AaABAg,2025-10-02T12:16:41Z,0
E1_increase,sv-7bzYpgDk,UgzViutdnBKMwvFUJYJ4AaABAg,2025-10-02T01:10:07Z,0
E1_increase,sv-7bzYpgDk,UgxqyOTKROViM2sDuW14AaABAg,2025-10-01T21:54:48Z,0
E1_increase,sv-7bzYpgDk,UgyK1ipVKRqzPDwI5fR4AaABAg,2025-10-02T00:47:24Z,0
E1_increase,sv-7bzYpgDk,Ugyag08ist-yqZ9JC3t4AaABAg,2025-10-02T11:07:03Z,0
E1_increase,sv-7bzYpgDk,Ugw-pR556QzXvsJfQxh4AaABAg,2025-10-01T22:16:06Z,0
E1_increase,sv-7bzYpgDk,UgwUoYladp-hxgWtgmF4AaABAg,2025-10-02T12:25:05Z,0
E1_increase,sv-7bzYpgDk,Ugxp7mY54tSSrlpKyDp4AaABAg,2025-10-01T19:44:35Z,0
E1_increase,sv-7bzYpgDk,UgxyjyfiLg7F7fdXWRh4AaABAg,2025-10-02T15:27:53Z,0
E1_increase,sv-7bzYpgDk,Ugzodv9-S9l_JiAZi6B4AaABAg,2025-10-02T08:37:03Z,0
E1_increase,sv-7bzYpgDk,Ugz6Jf-xUULE8ppjiS14AaABAg,2025-10-02T12:56:11Z,0
E1_increase,sv-7bzYpgDk,Ugzgo3F2GTS9FQ-cAxN4AaABAg,2025-10-02T14:30:07Z,0
E1_increase,sv-7bzYpgDk,UgzykQeJIuHLh5r6ZOJ4AaABAg,2025-10-02T07:05:09Z,0
E1_increase,sv-7bzYpgDk,UgxYhKIaVFjT-KHWrdN4AaABAg,2025-10-01T19:22:19Z,2
E1_increase,sv-7bzYpgDk,UgxgAw8kbHehumiY8EF4AaABAg,2025-10-02T08:04:55Z,0
E1_increase,sv-7bzYpgDk,UgzgJOeBqV8hqaVB53t4AaABAg,2025-10-01T20:03:21Z,6
E1_increase,sv-7bzYpgDk,UgzhkgZUE5--bGv7Ytl4AaABAg,2025-10-02T13:48:07Z,1
E1_increase,sv-7bzYpgDk,UgwLag19SEYb81Pd41J4AaABAg,2025-10-01T19:33:31Z,5
E1_increase,sv-7bzYpgDk,Ugxa0m8zx0dT1qw1uEF4AaABAg,2025-10-02T09:02:09Z,0
E1_increase,sv-7bzYpgDk,UgwAONktRk-3M71YaSh4AaABAg,2025-10-01T23:54:55Z,0
E1_increase,sv-7bzYpgDk,Ugz1ElXFgBFQdGa1nYd4AaABAg,2025-10-02T04:45:03Z,3
E1_increase,sv-7bzYpgDk,UgwPLeFQaQx0UcnwRrd4AaABAg,2025-10-01T21:53:48Z,0
E1_increase,sv-7bzYpgDk,Ugw_k3UFtN79Dl1G_u54AaABAg,2025-10-01T20:00:06Z,0
E1_increase,sv-7bzYpgDk,UgxFzSXykUWJwVcYelN4AaABAg,2025-10-01T19:30:19Z,0
E1_increase,sv-7bzYpgDk,Ugznt0OPtdjbY000L2R4AaABAg,2025-10-01T21:11:07Z,2
E1_increase,sv-7bzYpgDk,UgydpdyyDfBwr5cSDeZ4AaABAg,2025-10-02T07:19:57Z,0
E1_increase,sv-7bzYpgDk,UgyjwHYfBxo8WnnOG8h4AaABAg,2025-10-01T21:23:02Z,0
E1_increase,sv-7bzYpgDk,UgweWSeJimz3ReTjKMd4AaABAg,2025-10-04T19:24:45Z,0
E1_increase,sv-7bzYpgDk,UgzKJrdHjiYUUJ40Ujl4AaABAg,2025-10-01T22:16:50Z,0
E1_increase,sv-7bzYpgDk,UgwNA4kbtoDGEJ8FtNd4AaABAg,2025-10-01T23:03:30Z,0
E1_increase,sv-7bzYpgDk,UgxeoFgfAdLUEUaT8pd4AaABAg,2025-10-01T21:34:29Z,0
E1_increase,sv-7bzYpgDk,UgwvapNm7RLMA-bt7x94AaABAg,2025-10-01T20:51:54Z,0
E1_increase,sv-7bzYpgDk,UgzVjdZ_Us4Cqe7Esr54AaABAg,2025-10-02T14:54:08Z,0
E1_increase,sv-7bzYpgDk,UgxE1mU0Cxe_bZtXzRd4AaABAg,2025-10-01T22:09:17Z,0
E1_increase,sv-7bzYpgDk,UgytHb0jzW5QK6L1pjR4AaABAg,2025-10-01T20:35:59Z,1
E1_increase,sv-7bzYpgDk,UgwgaqHvxpOhAS-TI1Z4AaABAg,2025-10-01T21:46:14Z,0
E1_increase,sv-7bzYpgDk,UgyB_B7eSA7iMtOC5wt4AaABAg,2025-10-01T21:17:19Z,0
E1_increase,sv-7bzYpgDk,UgwCoqZrwqlkWP9z4NV4AaABAg,2025-10-01T21:31:27Z,0
E1_increase,sv-7bzYpgDk,UgyzsYHO_ne3j8ixNj54AaABAg,2025-10-01T21:24:03Z,0
E1_increase,sv-7bzYpgDk,UgwtAlzQGRU73vSCLJN4AaABAg,2025-10-02T02:27:27Z,0
E1_increase,sv-7bzYpgDk,UgzcWNiBuBLWMPJsfAh4AaABAg,2025-10-03T13:14:34Z,0
E1_increase,sv-7bzYpgDk,UgxfA-rVDyajFXR5_YV4AaABAg,2025-10-05T01:04:35Z,0
E1_increase,sv-7bzYpgDk,UgzA36mzwsZwnfY_et94AaABAg,2025-10-03T06:41:20Z,0
E1_increase,sv-7bzYpgDk,UgzPUy1bD0Bj1CESMOx4AaABAg,2025-10-02T00:12:58Z,0
E1_increase,sv-7bzYpgDk,UgyLY8HB46ulULqaMDZ4AaABAg,2025-10-02T21:20:34Z,0
E1_increase,sv-7bzYpgDk,UgwELQ-uB5QP3TljhZ94AaABAg,2025-10-02T00:35:30Z,0
E1_increase,sv-7bzYpgDk,Ugzf60WpayApUS5Jlat4AaABAg,2025-10-03T10:04:44Z,0
E1_increase,sv-7bzYpgDk,UgwULI0eUKosJ00FdHx4AaABAg,2025-10-01T20:03:43Z,1
E1_increase,sv-7bzYpgDk,UgxaHfP4cq2L5FCuDht4AaABAg,2025-10-02T01:14:49Z,0
E1_increase,sv-7bzYpgDk,Ugx9LBi2YwSIE7Pt9Mx4AaABAg,2025-10-02T03:21:18Z,0
E1_increase,sv-7bzYpgDk,Ugx1Q4v_4HFmNjiGqsl4AaABAg,2025-10-02T08:30:37Z,0
E1_increase,sv-7bzYpgDk,Ugz5dzmf7Q_eVjIpM5x4AaABAg,2025-10-02T01:05:13Z,0
E1_increase,sv-7bzYpgDk,Ugw5PAiQ-Aoj5-0Wue94AaABAg,2025-10-01T23:25:03Z,0
E1_increase,sv-7bzYpgDk,UgzRP8RFpeL3b325LEl4AaABAg,2025-10-03T23:20:21Z,0
E1_increase,sv-7bzYpgDk,Ugzh9mMMf465PWr1CKZ4AaABAg,2025-10-01T23:36:58Z,0
E1_increase,sv-7bzYpgDk,UgwDEAKSvigV_uITRTh4AaABAg,2025-10-02T12:27:06Z,0
E1_increase,sv-7bzYpgDk,UgziP3fgCE2Wxuni_o94AaABAg,2025-10-02T02:30:13Z,0
E1_increase,sv-7bzYpgDk,Ugz5Z6OXI10EgLeeMxx4AaABAg,2025-10-02T13:13:57Z,0
E1_increase,sv-7bzYpgDk,UgzgVQjLEOxTr_uadiN4AaABAg,2025-10-02T00:17:59Z,0
E1_increase,sv-7bzYpgDk,UgwucBZnODarRO5MLHh4AaABAg,2025-10-02T00:27:13Z,0
E1_increase,sv-7bzYpgDk,UgzC1dHrGz0jRdaFXKF4AaABAg,2025-10-03T12:11:36Z,0
E1_increase,sv-7bzYpgDk,Ugw3Vk_SJdLlPI1mcRJ4AaABAg,2025-10-01T22:23:59Z,0
E1_increase,sv-7bzYpgDk,UgwcibwnM5t2ejjX8rV4AaABAg,2025-10-02T01:08:07Z,0
E1_increase,sv-7bzYpgDk,Ugwz7jJ3DXyAJ6_fAGd4AaABAg,2025-10-02T16:54:20Z,0
E1_increase,sv-7bzYpgDk,UgzFEPG82gLBhZwINs54AaABAg,2025-10-04T09:41:10Z,0
E1_increase,sv-7bzYpgDk,UgyWFs_ESspCUBf6Jud4AaABAg,2025-10-01T23:01:28Z,0
E1_increase,sv-7bzYpgDk,Ugzu74EAWE2jom4DvwZ4AaABAg,2025-10-07T07:50:50Z,0
E1_increase,sv-7bzYpgDk,UgzSeKhLCL0Suq4Fufp4AaABAg,2025-10-02T07:00:44Z,0
E1_increase,KOuTvIaDcfM,UgzyogpkE3l2dLiyLwl4AaABAg,2025-10-02T11:35:34Z,28
E1_increase,KOuTvIaDcfM,UgyEGWAWMWNupX-bnet4AaABAg,2025-10-02T11:13:44Z,189
E1_increase,KOuTvIaDcfM,Ugy2n3v1sNdkJFdwUVF4AaABAg,2025-10-02T14:12:52Z,104
E1_increase,KOuTvIaDcfM,UgxiVjQNjNTXmL-uMb14AaABAg,2025-10-02T11:40:32Z,294
E1_increase,KOuTvIaDcfM,Ugz8ZynAo0stkhzV38N4AaABAg,2025-10-02T14:05:47Z,27
E1_increase,KOuTvIaDcfM,Ugwzz2QBqwbzLU7HNHp4AaABAg,2025-10-02T11:07:16Z,273
E1_increase,KOuTvIaDcfM,UgxlDefyeI-yopzr3QV4AaABAg,2025-10-02T13:19:39Z,39
E1_increase,KOuTvIaDcfM,Ugx0te0UfeTHXfJD8_R4AaABAg,2025-10-02T11:04:56Z,114
E1_increase,KOuTvIaDcfM,Ugxr2D1dL0RAZ6c20pN4AaABAg,2025-10-02T12:09:36Z,33
E1_increase,KOuTvIaDcfM,Ugz9HsHzYLt8HalXS9V4AaABAg,2025-10-02T11:04:20Z,455
E1_increase,KOuTvIaDcfM,UgyxPsw_kgNGJYRhy_F4AaABAg,2025-10-02T12:16:41Z,11
E1_increase,KOuTvIaDcfM,UgyU9TPgNRhotSzAu3F4AaABAg,2025-10-02T11:48:36Z,101
E1_increase,KOuTvIaDcfM,UgxDQX6ETJCqws6KYlp4AaABAg,2025-10-02T12:17:50Z,8
E1_increase,KOuTvIaDcfM,UgzEQlUQNgh6_wFBTLp4AaABAg,2025-10-02T11:27:17Z,65
E1_increase,KOuTvIaDcfM,UgzoN0yYn7j2jlTotTp4AaABAg,2025-10-02T11:03:14Z,92
E1_increase,KOuTvIaDcfM,Ugw_ldxLSKny-sBr8yB4AaABAg,2025-10-02T12:31:27Z,13
E1_increase,KOuTvIaDcfM,Ugx6iOXnfyxRpD_zHqV4AaABAg,2025-10-02T11:13:53Z,87
E1_increase,KOuTvIaDcfM,UgyytWGVe6ypi0FqMJ54AaABAg,2025-10-02T12:11:53Z,21
E1_increase,KOuTvIaDcfM,UgwjSu65Mts1ckS-jIp4AaABAg,2025-10-02T11:47:53Z,128
E1_increase,KOuTvIaDcfM,Ugz3Ok8QPUL4FSyjRHB4AaABAg,2025-10-02T14:05:25Z,61
E1_increase,KOuTvIaDcfM,UgxVleWIONyyUqxaiFJ4AaABAg,2025-10-02T11:26:02Z,37
E1_increase,KOuTvIaDcfM,Ugzg9Q2xpa2NPfL_MhN4AaABAg,2025-10-02T12:11:59Z,6
E1_increase,KOuTvIaDcfM,UgyKL7-dzsQRW5q9X0d4AaABAg,2025-10-02T11:10:25Z,62
E1_increase,KOuTvIaDcfM,Ugwoqt9bzwnMGzUYaDR4AaABAg,2025-10-02T12:06:49Z,21
E1_increase,KOuTvIaDcfM,UgwQKwwSo3u6-HLsqRF4AaABAg,2025-10-02T11:32:43Z,10
E1_increase,KOuTvIaDcfM,Ugx6OOOxKsvO8DUSUaF4AaABAg,2025-10-02T15:38:44Z,5
E1_increase,KOuTvIaDcfM,UgwtpAZgs3b-MKBKlnh4AaABAg,2025-10-02T11:28:55Z,27
E1_increase,KOuTvIaDcfM,UgzcLTg1SPks0MHu_Z94AaABAg,2025-10-02T13:18:34Z,17
E1_increase,KOuTvIaDcfM,Ugzjnjr-PFkYB3BMW8B4AaABAg,2025-10-02T11:11:28Z,17
E1_increase,KOuTvIaDcfM,UgxAedaq63zL-y0AO8V4AaABAg,2025-10-02T11:24:31Z,37
E1_increase,KOuTvIaDcfM,UgwzoGXaCXVt_e5E-mp4AaABAg,2025-10-02T13:58:04Z,13
E1_increase,KOuTvIaDcfM,UgzYuzpwtmmU-JMtOZh4AaABAg,2025-10-02T11:07:32Z,24
E1_increase,KOuTvIaDcfM,UgxUFSTt0UuKWSU9tNp4AaABAg,2025-10-02T16:08:18Z,5
E1_increase,KOuTvIaDcfM,UgwvawkVmy-3k3Olj2V4AaABAg,2025-10-02T11:06:08Z,47
E1_increase,KOuTvIaDcfM,Ugz0IGz1TlhPt7aMxnd4AaABAg,2025-10-02T15:14:41Z,2
E1_increase,KOuTvIaDcfM,UgzsOjgyirEzASyKM3V4AaABAg,2025-10-02T11:06:20Z,40
E1_increase,KOuTvIaDcfM,UgwHbFnySZhjBV-7ioV4AaABAg,2025-10-02T12:09:34Z,8
E1_increase,KOuTvIaDcfM,Ugz3joyjMy_IAXYQta14AaABAg,2025-10-02T17:40:59Z,2
E1_increase,KOuTvIaDcfM,Ugy6ZAlJZJAIFPAYjUN4AaABAg,2025-10-02T11:22:47Z,4
E1_increase,KOuTvIaDcfM,Ugx9NFWs8-ZZ_IgbbmF4AaABAg,2025-10-02T13:32:06Z,5
E1_increase,KOuTvIaDcfM,UgyDgxO8wDOlj98KqQd4AaABAg,2025-10-02T11:28:50Z,15
E1_increase,KOuTvIaDcfM,Ugwo6uAgTVSOpLOcsG94AaABAg,2025-10-02T12:55:37Z,6
E1_increase,KOuTvIaDcfM,UgzOPwUhOvRAkHJTTGF4AaABAg,2025-10-02T11:30:40Z,9
E1_increase,KOuTvIaDcfM,UgycPsMLSCHuld4GTUV4AaABAg,2025-10-02T15:41:55Z,3
E1_increase,KOuTvIaDcfM,Ugy6nqnQ3UR4fWj4uZJ4AaABAg,2025-10-02T11:20:43Z,8
E1_increase,KOuTvIaDcfM,Ugxse1iUvoS0KfaYEmN4AaABAg,2025-10-02T12:00:51Z,22
E1_increase,KOuTvIaDcfM,UgzEmnAJ_5vqoQ6ACRp4AaABAg,2025-10-02T11:07:40Z,7
E1_increase,KOuTvIaDcfM,UgzNjPdB7rwNiA-fDAd4AaABAg,2025-10-02T14:42:05Z,2
E1_increase,KOuTvIaDcfM,Ugxibw4QtrVXgMCgbjh4AaABAg,2025-10-02T12:42:17Z,8
E1_increase,KOuTvIaDcfM,UgxmhqWhUp1LowaH_7h4AaABAg,2025-10-02T22:46:43Z,2
E1_increase,KOuTvIaDcfM,UgxU4RYJSOnkDNaTNCV4AaABAg,2025-10-02T11:09:06Z,5
E1_increase,KOuTvIaDcfM,UgxYIOzqKaZr6nyZ-pB4AaABAg,2025-10-02T16:25:52Z,1
E1_increase,KOuTvIaDcfM,Ugyn5PT9_7YV2505INR4AaABAg,2025-10-02T13:58:40Z,5
E1_increase,KOuTvIaDcfM,UgzWz23vqEhH0iGNqVt4AaABAg,2025-10-02T21:41:28Z,1
E1_increase,KOuTvIaDcfM,Ugx13OyJ77AdHV4K7Z94AaABAg,2025-10-02T12:15:23Z,3
E1_increase,KOuTvIaDcfM,UgxwNXtTB9vEeF0otLF4AaABAg,2025-10-02T19:45:45Z,1
E1_increase,KOuTvIaDcfM,UgycYfSEB4J8Dsk-BJN4AaABAg,2025-10-02T11:36:05Z,4
E1_increase,KOuTvIaDcfM,Ugxa7oKj4SjL6E6q9LZ4AaABAg,2025-10-03T16:17:16Z,1
E1_increase,KOuTvIaDcfM,UgwE-MheA9T65nA5XMJ4AaABAg,2025-10-02T11:39:57Z,4
E1_increase,KOuTvIaDcfM,Ugx4lCcS9gguq_Hd7CV4AaABAg,2025-10-03T00:37:53Z,1
E1_increase,KOuTvIaDcfM,UgwComY5-x5qDCqkOXl4AaABAg,2025-10-02T12:03:46Z,10
E1_increase,KOuTvIaDcfM,UgySwvJ8QSUrgZDECNt4AaABAg,2025-10-03T01:09:17Z,1
E1_increase,KOuTvIaDcfM,UgyY7HxtwfYreu0yaYF4AaABAg,2025-10-02T18:09:39Z,5
E1_increase,KOuTvIaDcfM,UgzkBuWKZTrqb1OD6XR4AaABAg,2025-10-02T18:30:12Z,2
E1_increase,KOuTvIaDcfM,Ugxx3kg5wZMymJ5uxYZ4AaABAg,2025-10-02T12:10:12Z,3
E1_increase,KOuTvIaDcfM,UgzuAD3Mefn_K6IwzkN4AaABAg,2025-10-02T12:10:51Z,1
E1_increase,KOuTvIaDcfM,UgwGeXW1piAgIyT3cwN4AaABAg,2025-10-02T11:50:57Z,18
E1_increase,KOuTvIaDcfM,UgxmRcEDmZpkhwlEdOp4AaABAg,2025-10-02T21:12:33Z,1
E1_increase,KOuTvIaDcfM,UgwXmcWSnu016MQvbPl4AaABAg,2025-10-02T11:02:44Z,5
E1_increase,KOuTvIaDcfM,Ugwl5bBHIqD7tU5G6ih4AaABAg,2025-10-02T14:05:47Z,0
E1_increase,KOuTvIaDcfM,UgxSHTPj5K4-Xn36vIB4AaABAg,2025-10-02T12:09:00Z,5
E1_increase,KOuTvIaDcfM,Ugz_j355MiYEILpKdIp4AaABAg,2025-10-02T12:43:47Z,1
E1_increase,KOuTvIaDcfM,Ugwt0Hn2ueC8YuOHXix4AaABAg,2025-10-02T12:08:59Z,4
E1_increase,KOuTvIaDcfM,UgztAjuy52zPcyHrRC14AaABAg,2025-10-03T17:12:08Z,1
E1_increase,KOuTvIaDcfM,Ugy76OEAn8RgwbZhB_14AaABAg,2025-10-02T11:10:42Z,4
E1_increase,KOuTvIaDcfM,UgyAQVvL36X39ZbMvjt4AaABAg,2025-10-02T14:18:24Z,0
E1_increase,KOuTvIaDcfM,UgxAewJXyqU6Hjj5Jdl4AaABAg,2025-10-02T12:33:39Z,5
E1_increase,KOuTvIaDcfM,Ugy_UjRNvHPW-2l2nWl4AaABAg,2025-10-02T11:54:52Z,1
E1_increase,KOuTvIaDcfM,UgyQkUGx9HLtLlFg2l54AaABAg,2025-10-02T12:29:12Z,19
E1_increase,KOuTvIaDcfM,Ugxi4q8fRC6d44ZCR7x4AaABAg,2025-10-02T23:01:50Z,2
E1_increase,KOuTvIaDcfM,Ugy3b0WCn-NoMsCp1gd4AaABAg,2025-10-02T11:13:56Z,5
E1_increase,KOuTvIaDcfM,UgwQ3ijl4iUpM4yprUB4AaABAg,2025-10-02T14:49:15Z,0
E1_increase,KOuTvIaDcfM,UgwsTMGeWVeyL7BhzDV4AaABAg,2025-10-02T12:36:53Z,3
E1_increase,KOuTvIaDcfM,UgxGukyCq3_NF25CgUZ4AaABAg,2026-08-21T20:45:50Z,0
E1_increase,KOuTvIaDcfM,UgzMDQX2uhRpD9X3Jf14AaABAg,2025-10-02T15:08:12Z,9
E1_increase,KOuTvIaDcfM,UgyRnJHMptjEbptUxsd4AaABAg,2025-10-02T13:01:40Z,2
E1_increase,KOuTvIaDcfM,UgyIeQgVA0eD7JRta9N4AaABAg,2025-10-02T11:14:15Z,14
E1_increase,KOuTvIaDcfM,Ugz68Js5pwXGf5wPv8l4AaABAg,2025-10-02T14:54:54Z,0
E1_increase,KOuTvIaDcfM,Ugxkh_cTl11_QaG8h7B4AaABAg,2025-10-02T11:31:35Z,5
E1_increase,KOuTvIaDcfM,UgwnLJS_D_K6ZzjOsQd4AaABAg,2025-10-03T14:24:07Z,0
E1_increase,KOuTvIaDcfM,UgwYxBAdb_rZAw8przl4AaABAg,2025-10-02T13:21:04Z,2
E1_increase,KOuTvIaDcfM,UgzSiUe8LnsUJ7Hp5C54AaABAg,2025-10-03T01:44:24Z,1
E1_increase,KOuTvIaDcfM,Ugyp9gINnKAJpwrGIQ54AaABAg,2025-10-03T03:28:27Z,3
E1_increase,KOuTvIaDcfM,Ugwjc2vGGRo8lmoymBF4AaABAg,2025-10-02T14:45:05Z,1
E1_increase,KOuTvIaDcfM,UgydTR5muOCcrGtbi2Z4AaABAg,2025-10-02T13:02:39Z,3
E1_increase,KOuTvIaDcfM,UgyaXVA4e3Zfc-GwmYd4AaABAg,2025-10-02T12:09:13Z,1
E1_increase,KOuTvIaDcfM,UgzOhg1Ta_WvVRIgcop4AaABAg,2025-10-02T13:29:38Z,13
E1_increase,KOuTvIaDcfM,Ugykb95szyzlychu_l54AaABAg,2025-10-02T12:26:45Z,1
E1_increase,KOuTvIaDcfM,UgwOFmHXp5Thc_C9mrR4AaABAg,2025-10-02T12:09:10Z,4
E1_increase,KOuTvIaDcfM,UgwzFdDlpS3Q0SLcSUB4AaABAg,2025-10-03T00:32:56Z,1
E1_increase,KOuTvIaDcfM,Ugw8U80ZtJeccMdjhKx4AaABAg,2025-10-02T12:21:23Z,4
E1_increase,KOuTvIaDcfM,UgzHsiYKX6K6B0RUJYl4AaABAg,2025-10-02T12:25:07Z,1
E1_increase,KOuTvIaDcfM,UgzF4GdWJFp8rpbxF0t4AaABAg,2025-10-02T11:12:38Z,31
E1_increase,KOuTvIaDcfM,UgzfHiv1eQ3YdotVcBx4AaABAg,2025-10-03T00:39:41Z,1
E1_increase,KOuTvIaDcfM,UgyfZH3XWAS9E35lJjp4AaABAg,2025-10-02T12:36:58Z,13
E1_increase,KOuTvIaDcfM,UgwHKF74SA0x9U5qpHl4AaABAg,2025-10-05T18:34:36Z,0
E1_increase,KOuTvIaDcfM,UgyP6qfcFrvHS8upYvN4AaABAg,2025-10-02T13:27:37Z,4
E1_increase,KOuTvIaDcfM,UgxIMzDHMgoIa5OHTu14AaABAg,2025-10-03T04:15:28Z,1
E1_increase,KOuTvIaDcfM,UgxkkU92yxDnaAFc3KZ4AaABAg,2025-10-02T12:52:38Z,1
E1_increase,KOuTvIaDcfM,UgxSJLt9k12PEq_PNGZ4AaABAg,2025-10-02T18:01:18Z,1
E1_increase,KOuTvIaDcfM,UgzlsDOOrNHIpREuhgF4AaABAg,2025-10-06T09:52:30Z,0
E1_increase,KOuTvIaDcfM,UgzuhOAeg8oH9tdNEPt4AaABAg,2025-10-02T16:39:22Z,0
E1_increase,KOuTvIaDcfM,UgwNPVBbw6Ocgro9h5l4AaABAg,2025-10-02T13:59:42Z,0
E1_increase,KOuTvIaDcfM,Ugw7cSRzerzRboCuVBV4AaABAg,2025-10-02T18:04:59Z,0
E1_increase,KOuTvIaDcfM,Ugyuc7KIEE2w817Wg7F4AaABAg,2025-10-02T18:54:58Z,1
E1_increase,KOuTvIaDcfM,UgzWJrBnzoOiOTX80L14AaABAg,2025-10-02T12:25:37Z,1
E1_increase,KOuTvIaDcfM,UgzbttXDNgzTtTxryZ54AaABAg,2025-10-02T18:00:41Z,1
E1_increase,KOuTvIaDcfM,Ugw483_Kl1AFOwcawoN4AaABAg,2025-10-02T12:22:18Z,0
E1_increase,KOuTvIaDcfM,UgxTIjkJFUJyW-3iOXN4AaABAg,2025-10-02T16:36:06Z,0
E1_increase,KOuTvIaDcfM,UgwqslKOGNoldSBQ8Hh4AaABAg,2025-10-02T13:59:23Z,1
E1_increase,KOuTvIaDcfM,UgxIaZQLtIUfNp8QeF54AaABAg,2025-10-02T14:08:42Z,0
E1_increase,KOuTvIaDcfM,UgxqBXNbFVpAucYNV3t4AaABAg,2025-10-02T12:01:28Z,0
E1_increase,KOuTvIaDcfM,UgzRy-oZ4gNjobmsMVx4AaABAg,2025-10-02T12:47:23Z,0
E1_increase,KOuTvIaDcfM,Ugz_c8yV1R9TFLXjT_R4AaABAg,2025-10-03T00:24:27Z,1
E1_increase,KOuTvIaDcfM,UgyfRna1c1CoCeJwiMl4AaABAg,2025-10-03T14:15:40Z,0
E1_increase,KOuTvIaDcfM,UgxTZUY3pqHmYnZxu7x4AaABAg,2025-10-02T14:32:30Z,0
E1_increase,KOuTvIaDcfM,UgwRM47F5Rql1KFa7G94AaABAg,2025-10-02T13:39:21Z,0
E1_increase,KOuTvIaDcfM,Ugw2TObrrn8ItzZ6Jzd4AaABAg,2025-10-02T12:00:53Z,1
E1_increase,KOuTvIaDcfM,UgwlWvIWEzZBJ2Q2bJp4AaABAg,2025-10-02T20:07:26Z,0
E1_increase,KOuTvIaDcfM,Ugy9vJe6EXy0mHdYBa14AaABAg,2025-10-02T15:58:14Z,0
E1_increase,KOuTvIaDcfM,UgyD3A2YFeoJMpZBcch4AaABAg,2025-10-03T01:17:21Z,2
E1_increase,KOuTvIaDcfM,UgzBK2749FZgKckL5r94AaABAg,2025-10-03T10:41:53Z,0
E1_increase,KOuTvIaDcfM,Ugz6Lc3aykXPELDLRMl4AaABAg,2025-10-06T18:19:51Z,0
E1_increase,KOuTvIaDcfM,Ugy4XJ-jM1Io5f1-0f54AaABAg,2025-10-02T12:18:35Z,1
E1_increase,KOuTvIaDcfM,Ugypqip4Y857N2YVIed4AaABAg,2025-10-04T16:54:52Z,0
E1_increase,KOuTvIaDcfM,Ugxd-oHaw9OVkIaT0ZF4AaABAg,2025-10-02T15:51:00Z,0
E1_increase,KOuTvIaDcfM,UgyBsz1GCpTYACJN1AN4AaABAg,2025-10-02T13:52:01Z,1
E1_increase,KOuTvIaDcfM,UgyavrqpHkxNJBy55314AaABAg,2025-10-02T14:49:43Z,1
E1_increase,KOuTvIaDcfM,Ugx1v9aoSP75bxZmvO94AaABAg,2025-10-02T16:00:52Z,0
E1_increase,KOuTvIaDcfM,UgzuyJzKSauH6rlU9OZ4AaABAg,2025-10-02T14:25:55Z,0
E1_increase,KOuTvIaDcfM,Ugxw4JsN3KRWv2Fds994AaABAg,2025-10-02T13:21:42Z,0
E1_increase,KOuTvIaDcfM,UgyCLKZHTx4fsY1WTV94AaABAg,2025-10-04T00:00:41Z,0
E1_increase,KOuTvIaDcfM,Ugy_UXi6xiru72sR3nl4AaABAg,2025-10-02T12:42:19Z,0
E1_increase,KOuTvIaDcfM,UgxJfRf8agOtnp-Kgn54AaABAg,2025-10-03T12:41:47Z,0
E1_increase,KOuTvIaDcfM,UgydszDnDmpzMt--NeN4AaABAg,2025-10-02T22:45:03Z,2
E1_increase,KOuTvIaDcfM,UgzxF73yS_w5azKEyqF4AaABAg,2025-10-02T12:10:01Z,0
E1_increase,KOuTvIaDcfM,Ugzu-FzFa5h_SuH-MMN4AaABAg,2025-10-02T18:50:26Z,0
E1_increase,KOuTvIaDcfM,Ugx79QzwFSJ_MsJdH2t4AaABAg,2025-10-02T13:04:11Z,0
E1_increase,KOuTvIaDcfM,UgzhKRNmsDTrk3O7o2t4AaABAg,2025-10-02T12:30:56Z,0
E1_increase,KOuTvIaDcfM,Ugy2MWB39rhEMwwJQnB4AaABAg,2025-10-02T11:56:09Z,0
E1_increase,KOuTvIaDcfM,UgxHveqTOUfBmBqtvP54AaABAg,2025-10-03T02:36:27Z,0
E1_increase,KOuTvIaDcfM,UgwB9olRq7X8P7IrVUR4AaABAg,2025-10-02T15:44:25Z,0
E1_increase,KOuTvIaDcfM,UgwK5_MMcC4Mp8sNmDB4AaABAg,2025-10-03T06:43:26Z,0
E1_increase,KOuTvIaDcfM,UgzMvArtntQ0R1etOCx4AaABAg,2025-10-02T18:07:56Z,0
E1_increase,KOuTvIaDcfM,Ugwyu3BCD8dAaCBsBiB4AaABAg,2025-10-03T23:10:07Z,0
E1_increase,KOuTvIaDcfM,UgyoCS5BuuCddstpq2l4AaABAg,2025-10-02T15:46:44Z,0
E1_increase,KOuTvIaDcfM,Ugxvi35_fsmxgplkquJ4AaABAg,2025-10-03T11:10:25Z,0
E1_increase,KOuTvIaDcfM,UgyuF7-1gaPi1t8T1NF4AaABAg,2025-10-02T14:34:13Z,0
E1_increase,KOuTvIaDcfM,Ugya1xoWhgqxbOns1514AaABAg,2025-10-02T11:54:20Z,2
E1_increase,KOuTvIaDcfM,Ugyle_ydpphZe_gxUh94AaABAg,2025-10-02T19:18:15Z,0
E1_increase,KOuTvIaDcfM,UgwpAn0_fpEmhV0gvUp4AaABAg,2025-10-02T12:58:11Z,0
E1_increase,KOuTvIaDcfM,UgzpHYcUmi7z9nOasVF4AaABAg,2025-10-02T12:18:52Z,1
E1_increase,KOuTvIaDcfM,Ugy1EC3j6c_8MprobMZ4AaABAg,2025-10-02T11:52:13Z,0
E1_increase,KOuTvIaDcfM,Ugyf5DYKzUhTi3yTO6t4AaABAg,2025-10-02T12:13:57Z,0
E1_increase,KOuTvIaDcfM,UgxYvIYBwNU0o0gnJPB4AaABAg,2025-10-03T13:13:59Z,0
E1_increase,KOuTvIaDcfM,UgzV5neFY_Tx4LZq_JB4AaABAg,2025-10-02T13:06:48Z,0
E1_increase,KOuTvIaDcfM,UgzgaLBhlGDvvSo3sFJ4AaABAg,2025-10-02T14:19:05Z,0
E1_increase,KOuTvIaDcfM,Ugz68iwzDC6Xr2NwusF4AaABAg,2025-10-02T13:33:32Z,0
E1_increase,KOuTvIaDcfM,UgwhhzDK-k6pKw4ldfR4AaABAg,2025-10-02T19:11:54Z,0
E1_increase,KOuTvIaDcfM,Ugwvhle4wy9n4P4EBjR4AaABAg,2025-10-02T12:33:35Z,0
E1_increase,KOuTvIaDcfM,UgxZOpYiuhZOm7WAjxp4AaABAg,2025-10-03T16:45:41Z,0
E1_increase,KOuTvIaDcfM,UgyLxbd5n-4tq_YmXg94AaABAg,2025-10-04T19:11:29Z,0
E1_increase,KOuTvIaDcfM,UgzwaZYRPNVSs3RljO54AaABAg,2025-10-02T22:32:44Z,0
E1_increase,KOuTvIaDcfM,UgynZF5rhXkVS-CIGvF4AaABAg,2025-10-02T14:34:44Z,0
E1_increase,KOuTvIaDcfM,UgwO5GoYaWA_sQ36EFR4AaABAg,2025-10-02T16:59:30Z,0
E1_increase,KOuTvIaDcfM,UgxQLxt-UqtEN-e7l6x4AaABAg,2025-10-02T12:07:19Z,1
E1_increase,KOuTvIaDcfM,Ugxwzynxu5ItpcvWIod4AaABAg,2025-10-02T13:27:51Z,0
E1_increase,KOuTvIaDcfM,Ugz-CGqaU3tpfE4QjFR4AaABAg,2025-10-03T08:31:31Z,0
E1_increase,KOuTvIaDcfM,UgyCXXN5yjKd5pKvbAZ4AaABAg,2025-10-02T16:08:53Z,0
E1_increase,KOuTvIaDcfM,Ugzv2PNoRrQXkFL5sKZ4AaABAg,2025-10-02T14:26:56Z,0
E1_increase,KOuTvIaDcfM,UgywY3kCngBrAArTh714AaABAg,2025-10-02T14:54:09Z,0
E1_increase,KOuTvIaDcfM,UgwFfUH4qPny44cxuLB4AaABAg,2025-10-03T20:08:36Z,0
E1_increase,KOuTvIaDcfM,UgzUBagIVRLoZFwlU1Z4AaABAg,2025-10-02T16:08:02Z,0
E1_increase,KOuTvIaDcfM,UgztjYkjFKrlyfnn9rJ4AaABAg,2025-10-02T12:40:40Z,0
E1_increase,KOuTvIaDcfM,UgwrCW8HuCWiz3a0BhZ4AaABAg,2025-10-02T12:49:21Z,0
E1_increase,KOuTvIaDcfM,Ugx3Zk8fHS2F8mb2di14AaABAg,2025-10-02T11:54:04Z,0
E1_increase,KOuTvIaDcfM,Ugw_e-gylR6gZA0BqMl4AaABAg,2025-10-02T16:51:23Z,0
E1_increase,KOuTvIaDcfM,UgzrU-_wp4Jy7Aba0yd4AaABAg,2025-10-02T18:25:20Z,0
E1_increase,KOuTvIaDcfM,UgzIXBU5aLHBCTgYXn94AaABAg,2025-10-02T14:01:21Z,0
E1_increase,KOuTvIaDcfM,UgyB4Aagbr4Y45fIz9R4AaABAg,2025-10-02T12:32:13Z,0
E1_increase,KOuTvIaDcfM,Ugz0FFOwPQXRBW_BXl94AaABAg,2025-10-03T03:42:36Z,0
E1_increase,KOuTvIaDcfM,UgytqOV560O7wfuJsVJ4AaABAg,2025-10-09T13:55:30Z,0
E1_increase,KOuTvIaDcfM,UgwAyZZCB-TXcpaQJJl4AaABAg,2025-10-02T12:02:09Z,0
E1_increase,KOuTvIaDcfM,UgzycKNby_8cp064AwN4AaABAg,2025-10-02T11:59:43Z,2
E1_increase,KOuTvIaDcfM,UgxLLV_qoq9AXfAumtF4AaABAg,2025-10-03T03:07:53Z,0
E1_increase,KOuTvIaDcfM,UgxDN-M-jqK6M1UlRcJ4AaABAg,2025-10-02T13:42:42Z,0
E1_increase,KOuTvIaDcfM,UgzScgwsRMZx_V-XJe54AaABAg,2025-10-02T18:28:29Z,0
E1_increase,KOuTvIaDcfM,UgwoWt68aImiRT8HTfh4AaABAg,2025-10-02T13:18:41Z,0
E1_increase,KOuTvIaDcfM,UgwHC_ZTWslVI4m5q2x4AaABAg,2025-10-02T12:06:00Z,1
E1_increase,KOuTvIaDcfM,UgwN5sc1kpT4pV4iAQl4AaABAg,2025-10-02T20:45:20Z,0
E1_increase,KOuTvIaDcfM,Ugz2dIWfKr2L1xby6xR4AaABAg,2025-10-02T19:19:16Z,1
E1_increase,KOuTvIaDcfM,UgxsU02nxz8WVU8y96x4AaABAg,2025-10-02T12:16:46Z,0
E1_increase,KOuTvIaDcfM,UgyRNfkE7sjiRhO41kJ4AaABAg,2025-10-03T15:49:00Z,0
E1_increase,KOuTvIaDcfM,Ugw6XEvTNnFkZNoHCB54AaABAg,2025-10-02T14:49:50Z,0
E1_increase,KOuTvIaDcfM,UgwtpNFliy2klEojHER4AaABAg,2025-10-02T20:48:12Z,0
E1_increase,KOuTvIaDcfM,Ugz4PrDEOH8qw_Wtdm14AaABAg,2025-10-02T12:29:55Z,0
E1_increase,KOuTvIaDcfM,Ugx-2CJJPgdWL5WY7Tx4AaABAg,2025-10-02T16:20:38Z,0
E1_increase,KOuTvIaDcfM,UgwU0c6CiHCvITWo7wZ4AaABAg,2025-10-03T17:19:47Z,0
E1_increase,KOuTvIaDcfM,UgzZv_3csI4nUxo_exV4AaABAg,2025-10-02T12:25:16Z,0
E1_increase,KOuTvIaDcfM,UgxP0hwjto3xzHDpkrh4AaABAg,2025-10-02T18:48:37Z,0
E1_increase,KOuTvIaDcfM,UgxXHD2QIqWAAZlbgXt4AaABAg,2025-10-02T14:16:14Z,0
E1_increase,KOuTvIaDcfM,Ugx9ctPp2D8Yx8B07ip4AaABAg,2025-10-02T14:25:55Z,0
E1_increase,KOuTvIaDcfM,UgwqqinzG8WWGondnid4AaABAg,2025-10-02T14:22:08Z,0
E1_increase,KOuTvIaDcfM,UgydRT4oLstGP-yCHfh4AaABAg,2025-10-02T13:01:18Z,0
E1_increase,KOuTvIaDcfM,Ugwk-Pmk01g2co028vR4AaABAg,2025-10-03T06:44:47Z,0
E1_increase,KOuTvIaDcfM,UgyKTSHv13PNWuLqpIh4AaABAg,2025-10-02T12:34:58Z,1
E1_increase,KOuTvIaDcfM,UgynUB0mrDx2X_eYMXx4AaABAg,2025-10-02T18:02:28Z,0
E1_increase,KOuTvIaDcfM,UgwLimNYt6_0YBZoPqh4AaABAg,2025-10-02T12:29:42Z,0
E1_increase,KOuTvIaDcfM,Ugx3Pk4ewQdKQKNe7654AaABAg,2025-10-02T13:04:21Z,0
E1_increase,KOuTvIaDcfM,UgwPSHQHRBURoi_TRlx4AaABAg,2025-10-02T20:10:45Z,0
E1_increase,KOuTvIaDcfM,UgxaO7ZEz0UtW7iTUMF4AaABAg,2025-10-02T12:51:03Z,0
E1_increase,KOuTvIaDcfM,UgygGUaJk3QeV1ENvDd4AaABAg,2025-10-02T14:06:07Z,0
E1_increase,KOuTvIaDcfM,UgxWmW4FkYcx9vP6-oZ4AaABAg,2025-10-02T19:32:01Z,0
E1_increase,KOuTvIaDcfM,Ugy_Bpt70d_pw2vlazh4AaABAg,2025-10-05T01:08:24Z,0
E1_increase,KOuTvIaDcfM,UgyLed6XS8ZCBmIuFEV4AaABAg,2025-10-04T14:45:42Z,0
E1_increase,KOuTvIaDcfM,Ugzf6NUaP95W8tkhwn54AaABAg,2025-10-02T15:28:33Z,0
E1_increase,KOuTvIaDcfM,UgyZHl7xFXOuPsHVGeB4AaABAg,2025-10-03T04:19:34Z,0
E1_increase,KOuTvIaDcfM,Ugy_0NzlIxsA4sptVdd4AaABAg,2025-10-02T19:35:04Z,0
E1_increase,KOuTvIaDcfM,UgyE4N0QucftbFC3QeV4AaABAg,2025-10-02T20:07:07Z,0
E1_increase,KOuTvIaDcfM,UgzK1UQ8Eu1FRC3zoNp4AaABAg,2025-10-03T01:06:45Z,0
E1_increase,KOuTvIaDcfM,UgzUMbhIdk5M_MehgCB4AaABAg,2025-10-02T12:37:16Z,0
E1_increase,KOuTvIaDcfM,UgzpsNWL-gNkwzB-dmF4AaABAg,2025-10-02T20:44:31Z,0
E1_increase,KOuTvIaDcfM,Ugxg0VSnDILSI2X7vRR4AaABAg,2025-10-02T14:08:02Z,0
E1_increase,KOuTvIaDcfM,Ugy1jIV56q1JRb-LxT94AaABAg,2025-10-02T23:21:30Z,0
E1_increase,KOuTvIaDcfM,Ugxmc2rkwEv1dMf0L_14AaABAg,2025-10-02T12:40:55Z,0
E1_increase,KOuTvIaDcfM,UgwG-8mT6Vozz3AKVxV4AaABAg,2025-10-02T15:20:26Z,0
E1_increase,KOuTvIaDcfM,UgydrkhUsfi5XJdtyR54AaABAg,2025-10-02T12:28:15Z,1
E1_increase,KOuTvIaDcfM,UgwQX-K8bvfaUhko-DR4AaABAg,2025-10-02T14:04:06Z,0
E1_increase,KOuTvIaDcfM,UgwnshEcw40qvTsfNBx4AaABAg,2025-10-02T15:05:44Z,0
E1_increase,KOuTvIaDcfM,Ugy9aylWfHEuQuoNdNJ4AaABAg,2025-10-02T12:49:56Z,0
E1_increase,KOuTvIaDcfM,UgwzWcK6Ao9SFJNAyq14AaABAg,2025-10-02T12:34:59Z,0
E1_increase,KOuTvIaDcfM,UgxAkzTalU7YUHj7d4h4AaABAg,2025-10-02T15:40:11Z,1
E1_increase,KOuTvIaDcfM,UgyAJZJ6FCcrVwXz5GN4AaABAg,2025-10-02T13:14:57Z,0
E1_increase,KOuTvIaDcfM,UgwhcEJmsAeIQ0dHTiV4AaABAg,2025-10-02T20:05:41Z,0
E1_increase,KOuTvIaDcfM,Ugy8t19-ZkT3tmw4Th54AaABAg,2025-10-02T14:33:05Z,0
E1_increase,KOuTvIaDcfM,UgyAJSfY69AKR0NRYAB4AaABAg,2025-10-02T14:06:44Z,0
E1_increase,KOuTvIaDcfM,Ugx0auYQMNPv0_wGacl4AaABAg,2025-10-03T02:54:45Z,2
E1_increase,KOuTvIaDcfM,UgzaglsnnBnAJizB9B14AaABAg,2025-10-02T22:35:41Z,0
E1_increase,KOuTvIaDcfM,UgwEdCNSsAh4yh5GaKd4AaABAg,2025-10-02T12:14:43Z,1
E1_increase,KOuTvIaDcfM,UgzG_Vs_BUC1qyJNzJ54AaABAg,2025-10-02T15:59:28Z,0
E1_increase,KOuTvIaDcfM,UgxEVfGWAIs6IXUSds54AaABAg,2025-10-03T18:23:58Z,0
E1_increase,KOuTvIaDcfM,Ugx5extsfDGjW7y6_3R4AaABAg,2025-10-02T12:03:01Z,0
E1_increase,KOuTvIaDcfM,UgyqupsA2AMld00k1rh4AaABAg,2025-10-02T13:04:05Z,0
E1_increase,KOuTvIaDcfM,UgyzG6tTghP6ACHtba54AaABAg,2025-10-02T13:01:14Z,0
E1_increase,KOuTvIaDcfM,Ugza16ru6JErH1R167p4AaABAg,2025-10-02T12:54:54Z,0
E1_increase,KOuTvIaDcfM,UgzGh4Eg8uWoyuG6hrF4AaABAg,2025-10-02T13:17:29Z,0
E1_increase,KOuTvIaDcfM,UgyuYBVVMLH03vMpifx4AaABAg,2025-10-02T17:59:45Z,0
E1_increase,KOuTvIaDcfM,Ugyhbo8Pi518X9e8azp4AaABAg,2025-10-02T12:04:41Z,0
E1_increase,KOuTvIaDcfM,UgxTPlvdjRj8FTttpOR4AaABAg,2025-10-02T11:55:15Z,0
E1_increase,KOuTvIaDcfM,UgysrqndKdxJSwd0y2R4AaABAg,2025-10-07T19:33:59Z,0
E1_increase,KOuTvIaDcfM,Ugw1VeADjRaQDZyIdNR4AaABAg,2025-10-03T01:28:57Z,0
E1_increase,KOuTvIaDcfM,Ugy_9SNG7OD0c9LPREx4AaABAg,2025-10-02T14:18:47Z,0
E1_increase,KOuTvIaDcfM,UgyjzZm7bZTxiigT_Yx4AaABAg,2025-10-02T16:34:50Z,0
E1_increase,KOuTvIaDcfM,UgwmFlvY2D5GVFcKS6x4AaABAg,2025-10-02T14:08:50Z,0
E1_increase,KOuTvIaDcfM,Ugw0z0EzVFWxKbk-kRZ4AaABAg,2025-10-02T12:38:33Z,0
E1_increase,KOuTvIaDcfM,Ugy3U54gf2CqaYEjaYB4AaABAg,2025-10-02T20:48:12Z,0
E1_increase,KOuTvIaDcfM,UgxWTEXucmBFfvYCnEd4AaABAg,2025-10-02T19:53:39Z,1
E1_increase,KOuTvIaDcfM,UgxLm1Mb50F9J4IAA5p4AaABAg,2025-10-02T12:23:18Z,0
E1_increase,KOuTvIaDcfM,Ugz88JsaEZtu2SzhQ394AaABAg,2025-10-02T15:10:38Z,0
E1_increase,KOuTvIaDcfM,UgwM-VjvOmOBJh5Fu1h4AaABAg,2025-10-02T13:43:34Z,0
E1_increase,KOuTvIaDcfM,UgxWnKpvLHiXj2Mno4t4AaABAg,2025-10-02T14:10:15Z,0
E1_increase,KOuTvIaDcfM,Ugwm_ilpGNnhRZMouYx4AaABAg,2025-10-02T14:13:18Z,0
E1_increase,KOuTvIaDcfM,UgxOXgvZlPWNNoV-XDR4AaABAg,2025-10-02T23:29:58Z,0
E1_increase,KOuTvIaDcfM,UgwbxLFDV5lEa9nwtvZ4AaABAg,2025-10-02T15:21:36Z,0
E1_increase,KOuTvIaDcfM,UgzNa3rleuc1v6XYWbV4AaABAg,2025-11-30T04:00:42Z,0
E1_increase,KOuTvIaDcfM,UgwCsX5PwHUi8rjTGeR4AaABAg,2025-10-02T19:01:27Z,0
E1_increase,KOuTvIaDcfM,UgyHE1znzsk4GajMtbZ4AaABAg,2025-10-02T15:01:50Z,0
E1_increase,KOuTvIaDcfM,UgyOZJtLuGPvVSRPcmt4AaABAg,2025-10-02T12:36:04Z,0
E1_increase,KOuTvIaDcfM,UgyoVc9Yk__UfLPymdN4AaABAg,2025-10-03T00:46:36Z,0
E1_increase,KOuTvIaDcfM,Ugz1TlZmy2WgKJdMmm54AaABAg,2025-10-02T19:04:19Z,0
E1_increase,KOuTvIaDcfM,UgwbDm1QaOeTsHY27JR4AaABAg,2025-10-02T18:47:06Z,0
E1_increase,KOuTvIaDcfM,UgxzPD2b3NmwiGoCyYV4AaABAg,2025-10-02T16:02:20Z,0
E1_increase,KOuTvIaDcfM,UgxgjuxUYEJnXlkboWJ4AaABAg,2025-10-02T19:19:01Z,0
E1_increase,KOuTvIaDcfM,UgxB2g7vbq99_fUcCkZ4AaABAg,2025-10-02T12:01:30Z,0
E1_increase,KOuTvIaDcfM,Ugw0j-yM4SBSeSWJK2l4AaABAg,2025-10-02T17:51:48Z,0
E1_increase,KOuTvIaDcfM,UgzHLIK4TZdcaJGzDXt4AaABAg,2025-10-02T12:50:55Z,0
E1_increase,KOuTvIaDcfM,UgxCixAFPFSvhPipdkV4AaABAg,2025-10-03T08:42:38Z,0
E1_increase,KOuTvIaDcfM,Ugz-DAkrhax34FQHgBp4AaABAg,2025-10-02T13:08:46Z,0
E1_increase,KOuTvIaDcfM,UgzNT2GuP-oBQSprxzF4AaABAg,2025-10-02T13:38:31Z,0
E1_increase,KOuTvIaDcfM,UgyxapCDDQurW9u91eZ4AaABAg,2025-10-02T13:39:07Z,0
E1_increase,KOuTvIaDcfM,UgzpxLWEFKHXc1qvR2Z4AaABAg,2025-10-02T13:54:28Z,0
E1_increase,KOuTvIaDcfM,UgxBbpc9EpjatHSasNd4AaABAg,2025-10-02T14:10:50Z,0
E1_increase,KOuTvIaDcfM,UgyFonZEsPavBfdR6WN4AaABAg,2025-10-02T14:04:34Z,0
E1_increase,KOuTvIaDcfM,UgyvaYqfAaUgx5YrKRN4AaABAg,2025-10-02T14:48:41Z,0
E1_increase,KOuTvIaDcfM,UgzhGjXhPuft3_VWanV4AaABAg,2025-10-02T12:29:30Z,0
E1_increase,KOuTvIaDcfM,UgyPY4E6sH94R6008S14AaABAg,2025-10-02T12:36:48Z,0
E1_increase,KOuTvIaDcfM,UgxV8D8e5jJYn3yDwt14AaABAg,2025-10-02T21:38:30Z,0
E1_increase,KOuTvIaDcfM,Ugwb9zFpB1__KrKzHJ94AaABAg,2025-10-02T14:08:17Z,0
E1_increase,KOuTvIaDcfM,UgxtHH7ywAPpRDIisJJ4AaABAg,2025-10-02T13:50:52Z,0
E1_increase,KOuTvIaDcfM,UgyrGEht_4y6KFjMuL94AaABAg,2025-10-02T14:47:10Z,0
E1_increase,KOuTvIaDcfM,UgxhKjQ3CszSqeFoN5d4AaABAg,2025-10-02T14:32:58Z,0
E1_increase,KOuTvIaDcfM,Ugwn87SknPI8407OukJ4AaABAg,2025-10-02T17:22:36Z,0
E1_increase,KOuTvIaDcfM,UgxPJ1JdnWUtRRgmCoF4AaABAg,2025-10-03T00:59:32Z,1
E1_increase,KOuTvIaDcfM,Ugx7qH27U1ZlUuBI16R4AaABAg,2025-10-02T17:38:16Z,2
E1_increase,KOuTvIaDcfM,Ugz-el7fVMtpOIKA3LJ4AaABAg,2025-10-02T21:46:49Z,0
E1_increase,KOuTvIaDcfM,UgwSItQbYKE0A9mUK7J4AaABAg,2025-10-02T16:17:30Z,0
E1_increase,KOuTvIaDcfM,UgxwAIY88tE_SSPajYd4AaABAg,2025-10-02T14:37:20Z,0
E1_increase,KOuTvIaDcfM,UgyMNvLeN6WDmLC66oN4AaABAg,2025-10-03T07:34:16Z,0
E1_increase,KOuTvIaDcfM,Ugw_x0Z92XlHIY7exE54AaABAg,2025-10-05T09:16:10Z,0
E1_increase,KOuTvIaDcfM,UgyqvwaVHot-1iC7e454AaABAg,2025-10-02T16:28:05Z,0
E1_increase,KOuTvIaDcfM,UgycUVJqLxtCJ338oip4AaABAg,2025-10-02T17:33:50Z,0
E1_increase,KOuTvIaDcfM,UgzlxSMIioYXrFqe7_R4AaABAg,2025-10-03T07:01:21Z,0
E1_increase,KOuTvIaDcfM,UgynwBbg5ZddATuCehR4AaABAg,2025-10-02T15:38:24Z,0
E1_increase,KOuTvIaDcfM,UgxY6wqKHYzojhSDeh54AaABAg,2025-10-02T12:50:01Z,0
E1_increase,KOuTvIaDcfM,UgwVUOVGyA2zlIiovHZ4AaABAg,2025-10-02T17:35:49Z,0
E1_increase,KOuTvIaDcfM,UgxJmmK4WWPSulaQQxV4AaABAg,2025-10-02T16:18:18Z,0
E1_increase,KOuTvIaDcfM,UgydDPimPKPFLC7BRD14AaABAg,2025-10-02T13:28:24Z,0
E1_increase,KOuTvIaDcfM,Ugz_pDXSc6yu3AxSK7V4AaABAg,2025-10-02T13:27:45Z,0
E1_increase,KOuTvIaDcfM,UgxC1PNz3jYAQqHQJtx4AaABAg,2025-10-04T12:46:07Z,0
E1_increase,KOuTvIaDcfM,Ugx1gw-Jw6gqFRsUEi94AaABAg,2025-10-02T16:11:48Z,0
E1_increase,KOuTvIaDcfM,UgxHdXTIA_dwkGgez694AaABAg,2025-10-02T18:58:47Z,0
E1_increase,KOuTvIaDcfM,UgxRDcvsO_NJdcYg8BV4AaABAg,2025-10-02T13:39:47Z,0
E1_increase,KOuTvIaDcfM,UgyJo6UvV0D-3y4oEbd4AaABAg,2025-10-02T19:03:31Z,0
E1_increase,KOuTvIaDcfM,UgzFwWM5rd6MKqQXVh94AaABAg,2025-10-02T17:12:43Z,0
E1_increase,KOuTvIaDcfM,UgxHstpAfOJ6uPSf9B54AaABAg,2025-10-03T02:31:36Z,0
E1_increase,KOuTvIaDcfM,UgzJJe2iTqgGavbq0954AaABAg,2025-10-02T12:21:17Z,0
E1_increase,KOuTvIaDcfM,UgyIMxg5q2AoJ9SGcP14AaABAg,2025-10-02T12:07:17Z,0
E1_increase,KOuTvIaDcfM,UgxKTznnW-Okjt9FQdd4AaABAg,2025-10-02T11:58:52Z,0
E1_increase,KOuTvIaDcfM,Ugw39rSqz-AR4LPg6J14AaABAg,2025-10-02T16:21:56Z,0
E1_increase,KOuTvIaDcfM,UgzgBPuWpWsnzXC69vR4AaABAg,2025-10-02T11:59:04Z,0
E1_increase,KOuTvIaDcfM,Ugzo4aY03NFJwow-dcR4AaABAg,2025-10-02T12:49:51Z,2
E1_increase,KOuTvIaDcfM,UgxyGqKsRgH1YmxqWnJ4AaABAg,2025-10-02T15:56:43Z,0
E1_increase,KOuTvIaDcfM,Ugxp2ImOPuVwo9l4QSB4AaABAg,2025-10-02T13:15:55Z,0
E1_increase,KOuTvIaDcfM,Ugx4ZHrTIy5lt63ryxd4AaABAg,2025-10-03T17:37:40Z,0
E1_increase,KOuTvIaDcfM,UgzRq7a3zx8gsl8Hu-Z4AaABAg,2025-10-02T13:27:14Z,0
E1_increase,KOuTvIaDcfM,UgzNsUwT1Ru9ZnNcycZ4AaABAg,2025-10-02T14:54:29Z,0
E1_increase,KOuTvIaDcfM,Ugzdy3C_naSERwLe5Ld4AaABAg,2025-10-02T13:42:25Z,0
E1_increase,KOuTvIaDcfM,UgwS9OUnJ6nojJRb96V4AaABAg,2025-10-02T19:44:20Z,0
E1_increase,KOuTvIaDcfM,Ugwyo2TbI5ZuBiuzPUN4AaABAg,2025-10-02T17:47:52Z,0
E1_increase,KOuTvIaDcfM,UgzpIkmpLqLvksVrbBx4AaABAg,2025-10-02T16:51:01Z,1
E1_increase,KOuTvIaDcfM,UgxC6Go9vJDBUH4dVDx4AaABAg,2025-10-02T19:40:19Z,0
E1_increase,KOuTvIaDcfM,UgwzsOkGrv9t9UQ2n2t4AaABAg,2025-10-02T11:58:39Z,0
E1_increase,KOuTvIaDcfM,UgxeT-ErGztworD4BGR4AaABAg,2025-10-02T12:33:35Z,0
E1_increase,KOuTvIaDcfM,UgwWYdtO1MjOgy6Stp94AaABAg,2025-10-04T01:50:29Z,0
E1_increase,KOuTvIaDcfM,UgwmrOWpAx9Soo2vCoF4AaABAg,2025-10-03T12:39:45Z,0
E1_increase,KOuTvIaDcfM,UgyjbSOxpMc9nDUfy6J4AaABAg,2025-10-02T18:44:39Z,0
E1_increase,KOuTvIaDcfM,Ugyn1n5EIhjv5_5m_Jp4AaABAg,2025-10-03T00:05:49Z,0
E1_increase,KOuTvIaDcfM,UgyFMaI2-Tmt7u01gl94AaABAg,2025-10-03T13:51:39Z,0
E1_increase,KOuTvIaDcfM,UgyoHNDZ-IIpbd6TWU94AaABAg,2025-10-02T16:12:05Z,0
E1_increase,KOuTvIaDcfM,UgwidHUOw92xeENmi3B4AaABAg,2025-10-02T21:18:46Z,0
E1_increase,KOuTvIaDcfM,UgwaCIXZGKK7y9ROItV4AaABAg,2025-10-02T22:20:32Z,0
E1_increase,KOuTvIaDcfM,UgwgvvKsjZOIvcgKndN4AaABAg,2025-10-02T15:26:11Z,0
E1_increase,KOuTvIaDcfM,Ugz8fHdCP8xK9RpP-p14AaABAg,2025-10-03T01:35:15Z,0
E1_increase,KOuTvIaDcfM,UgwP07OrjYu2PJVhRA94AaABAg,2025-10-02T19:45:03Z,0
E1_increase,KOuTvIaDcfM,Ugzu0hIF99izAZLyf3V4AaABAg,2025-10-02T12:55:45Z,0
E1_increase,KOuTvIaDcfM,UgyVRDxRcdOt9o9k6ft4AaABAg,2025-10-03T15:21:56Z,0
E1_increase,KOuTvIaDcfM,UgzDDhEETH0Ssc6Lb4p4AaABAg,2025-10-02T14:19:05Z,0
E1_increase,KOuTvIaDcfM,Ugz4d3AI6fsrjkEe6VZ4AaABAg,2025-10-06T10:07:04Z,0
E1_increase,KOuTvIaDcfM,UgxwMuurxe7coAaRERJ4AaABAg,2025-10-02T20:57:13Z,0
E1_increase,KOuTvIaDcfM,UgyQbcV32FAEbdL1cNR4AaABAg,2025-10-02T12:43:23Z,0
E1_increase,KOuTvIaDcfM,UgyJVc8_j00Ohx85j794AaABAg,2025-10-02T16:57:11Z,0
E1_increase,KOuTvIaDcfM,UgwW2iyRGYt_IHzwK5x4AaABAg,2025-10-02T13:47:10Z,0
E1_increase,KOuTvIaDcfM,Ugw3cRtXrrBLBF0vXdx4AaABAg,2025-10-02T12:07:05Z,0
E1_increase,KOuTvIaDcfM,UgybXoz4jScwSCI9jqh4AaABAg,2025-10-02T17:07:14Z,2
E1_increase,KOuTvIaDcfM,Ugy8yZRB2yAFun8FSMR4AaABAg,2025-10-02T17:05:14Z,0
E1_increase,KOuTvIaDcfM,UgxJwvZlOIaI9MfCJ8d4AaABAg,2025-10-02T14:29:01Z,0
E1_increase,KOuTvIaDcfM,UgzPDeydT3waoQsHhtx4AaABAg,2025-10-02T13:29:07Z,0
E1_increase,KOuTvIaDcfM,Ugw_M8pnTCybOLu9y6J4AaABAg,2025-10-02T18:00:28Z,0
E1_increase,KOuTvIaDcfM,Ugy_V_GRcQ15iktQo854AaABAg,2025-10-02T21:23:08Z,0
E1_increase,KOuTvIaDcfM,Ugz3d3eHkieh69LPEnd4AaABAg,2025-10-02T19:06:57Z,0
E1_increase,KOuTvIaDcfM,UgwBF16wUPFnemvwgPR4AaABAg,2025-10-02T13:27:10Z,0
E1_increase,KOuTvIaDcfM,Ugxjh_CP9Ovw8_vBqDF4AaABAg,2025-10-02T12:28:43Z,0
E1_increase,KOuTvIaDcfM,Ugy9OfuDpZ9SGk6-ARd4AaABAg,2025-10-03T13:07:53Z,0
E1_increase,KOuTvIaDcfM,Ugw6vktG_OGzWT6U44d4AaABAg,2025-10-02T15:48:53Z,0
E1_increase,KOuTvIaDcfM,UgxSKqaOQNvJ7Z7YZa54AaABAg,2025-10-02T14:53:50Z,0
E1_increase,KOuTvIaDcfM,UgysOVvR_56obEq0LgZ4AaABAg,2025-10-02T14:00:42Z,0
E1_increase,KOuTvIaDcfM,UgyeyxFEV1na8u413st4AaABAg,2025-10-02T16:23:30Z,0
E1_increase,KOuTvIaDcfM,Ugz40lZpbVPN9QtgdUF4AaABAg,2025-10-02T14:53:58Z,0
E1_increase,KOuTvIaDcfM,UgwzTNNKlpO7woxPjEN4AaABAg,2025-10-02T18:37:11Z,0
E1_increase,KOuTvIaDcfM,UgxLYmdskh8OTc307M94AaABAg,2025-10-02T20:34:29Z,0
E1_increase,KOuTvIaDcfM,Ugz8fAz30-HA_9kVFAd4AaABAg,2025-10-03T08:20:34Z,0
E1_increase,KOuTvIaDcfM,UgxEp-1YxW6PdpNaxBN4AaABAg,2025-10-02T20:39:47Z,0
E1_increase,KOuTvIaDcfM,UgzMwmZah8Xxp3knOWJ4AaABAg,2025-10-02T15:38:49Z,0
E1_increase,KOuTvIaDcfM,UgyfacWqDlXJu9MaIL94AaABAg,2025-10-02T12:26:37Z,0
E1_increase,KOuTvIaDcfM,UgwVxxAqTVVdUGe8Knt4AaABAg,2025-10-02T20:47:02Z,0
E1_increase,KOuTvIaDcfM,UgzRwAKg1TTsosWMyU94AaABAg,2025-10-02T13:15:35Z,0
E1_increase,KOuTvIaDcfM,UgyG5DD4dP8DYqWx9dN4AaABAg,2025-10-08T04:26:54Z,0
E1_increase,KOuTvIaDcfM,UgzC-oXBODAsU9uU59h4AaABAg,2025-10-05T18:33:28Z,0
E1_increase,KOuTvIaDcfM,Ugw5Yg3GQzdpldyUx954AaABAg,2025-10-02T11:57:07Z,0
E1_increase,KOuTvIaDcfM,UgwYJgNGeLR_YHR7fht4AaABAg,2025-10-02T16:44:41Z,0
E1_increase,KOuTvIaDcfM,Ugz28fz8nlW0WHboOmh4AaABAg,2025-10-02T13:20:13Z,0
E1_increase,KOuTvIaDcfM,UgwaSOC427fA3E3bXEh4AaABAg,2025-10-02T19:29:46Z,1
E1_increase,KOuTvIaDcfM,UgxFxGUDLofqWNFdKPN4AaABAg,2026-01-27T02:05:46Z,0
E1_increase,KOuTvIaDcfM,Ugy1RmW2in54sEeuCm94AaABAg,2025-10-03T08:02:41Z,0
E1_increase,KOuTvIaDcfM,UgwZz2cqYx8uZ4UH9PN4AaABAg,2025-10-04T02:02:36Z,0
E1_increase,KOuTvIaDcfM,Ugyw3i1fvs-MBDpudOB4AaABAg,2025-10-03T10:46:35Z,0
E1_increase,KOuTvIaDcfM,UgzCZqKl4r6ViBDoOr54AaABAg,2025-10-02T16:43:37Z,0
E1_increase,KOuTvIaDcfM,Ugx2HB_xaHxYdinS8A14AaABAg,2025-10-03T09:18:12Z,0
E1_increase,KOuTvIaDcfM,Ugzn8F706A-UYsdww6F4AaABAg,2025-10-02T13:04:36Z,0
E1_increase,KOuTvIaDcfM,UgyUXB2Ars41btlT8Ud4AaABAg,2025-10-02T16:46:00Z,0
E1_increase,K53L4PC-BhI,Ugy_Aguwp581Wd6rB3t4AaABAg,2025-10-01T21:28:13Z,1
E1_increase,K53L4PC-BhI,UgwyfNkjNDyggR6sKIp4AaABAg,2025-10-01T20:58:45Z,0
E1_increase,K53L4PC-BhI,UgwFNQUqx9ZxdRWXe1V4AaABAg,2025-11-22T18:15:37Z,0
E1_increase,K53L4PC-BhI,Ugyq-oBzKrFfYTpoPQx4AaABAg,2025-10-02T00:58:41Z,0
E1_increase,Ncw289YoXDY,UgxRkgzALusJiOdjRzJ4AaABAg,2025-10-04T01:38:16Z,0
E1_increase,Ncw289YoXDY,Ugwj0jfkVQso4OjvvRF4AaABAg,2025-10-04T01:29:36Z,0
E1_increase,D_lM3wAyzzM,UgwRorrRkbAYqQgvhP54AaABAg,2025-10-02T00:00:07Z,12
E1_increase,D_lM3wAyzzM,Ugzy4qCBCAUZeeAZLQR4AaABAg,2025-10-02T00:17:49Z,6
E1_increase,D_lM3wAyzzM,UgyjOm4th6PS2jZrZ8p4AaABAg,2025-10-02T00:09:22Z,8
E1_increase,D_lM3wAyzzM,Ugy4v1uFJR8lyVVhwFF4AaABAg,2025-10-02T01:07:49Z,6
E1_increase,D_lM3wAyzzM,UgwbRIj_HE3GkT1gj5l4AaABAg,2025-10-01T23:47:26Z,5
E1_increase,D_lM3wAyzzM,Ugxu8iVvCq6yFhEFQFp4AaABAg,2025-10-02T11:09:40Z,5
E1_increase,D_lM3wAyzzM,UgywRev98TDJZI2qimZ4AaABAg,2025-10-02T12:22:51Z,4
E1_increase,D_lM3wAyzzM,Ugzhk6d_gufp1IjA0w54AaABAg,2025-10-02T00:00:08Z,5
E1_increase,D_lM3wAyzzM,Ugylvg-MD8eI3PI_1iF4AaABAg,2025-10-02T00:16:24Z,6
E1_increase,D_lM3wAyzzM,UgyI6VzbzLPQ13ljCnl4AaABAg,2025-10-02T11:47:18Z,4
E1_increase,D_lM3wAyzzM,UgzJFEbG3m5cu4WeAd14AaABAg,2025-10-02T00:29:33Z,7
E1_increase,D_lM3wAyzzM,UgxTnMKvG3oEu-qvcix4AaABAg,2025-10-02T00:03:03Z,5
E1_increase,D_lM3wAyzzM,UgyG4IJLb1suLvEErIZ4AaABAg,2025-10-02T00:19:56Z,6
E1_increase,D_lM3wAyzzM,Ugze6Jg-5B4ySFfPkCN4AaABAg,2025-10-02T01:08:08Z,2
E1_increase,D_lM3wAyzzM,UgwDGYlb4WeOm8vI9lZ4AaABAg,2025-10-01T23:58:18Z,2
E1_increase,D_lM3wAyzzM,UgwYKTSwjy4GuZexUx14AaABAg,2025-10-02T00:24:49Z,2
E1_increase,D_lM3wAyzzM,UgyOu6bYkc_lI41gXdd4AaABAg,2025-10-01T23:59:42Z,1
E1_increase,D_lM3wAyzzM,Ugxq94pNMN7IZMe0OWt4AaABAg,2025-10-02T10:43:21Z,1
E1_increase,D_lM3wAyzzM,UgxWTdsVNr1-IWO_Zud4AaABAg,2025-10-03T22:03:09Z,1
E1_increase,D_lM3wAyzzM,UgyCjY6H4-8rxEAsHIR4AaABAg,2025-10-02T00:21:19Z,4
E1_increase,D_lM3wAyzzM,Ugwc779ZUzeSL4INXcF4AaABAg,2025-10-03T09:41:13Z,0
E1_increase,D_lM3wAyzzM,Ugy-JG2Zybqs4fhS-9h4AaABAg,2025-10-02T09:19:57Z,1
E1_increase,D_lM3wAyzzM,Ugz2eYN9KSRJbZKaL5J4AaABAg,2025-10-03T16:01:15Z,1
E1_increase,D_lM3wAyzzM,UgxinFt8eHRKgMB0h214AaABAg,2025-10-02T04:13:12Z,3
E1_increase,D_lM3wAyzzM,UgxCAx4-ABbMzxeAqhZ4AaABAg,2025-10-01T23:48:31Z,0
E1_increase,D_lM3wAyzzM,UgxeLrYMSiv468KSSk94AaABAg,2025-10-02T13:34:48Z,3
E1_increase,D_lM3wAyzzM,Ugwivp10_ia6CbsJiE14AaABAg,2025-10-03T03:16:56Z,0
E1_increase,D_lM3wAyzzM,UgxGLyn5Eznf1gPBN1Z4AaABAg,2025-10-03T22:10:34Z,1
E1_increase,D_lM3wAyzzM,UgxGWbGYzt3ULFf8aCh4AaABAg,2025-10-02T12:05:17Z,0
E1_increase,D_lM3wAyzzM,UgzcwJkdASZdB7zn2J14AaABAg,2025-10-23T21:21:42Z,0
E1_increase,D_lM3wAyzzM,UgyejxYFu_vfK4DpEcd4AaABAg,2025-10-01T23:55:41Z,0
E1_increase,D_lM3wAyzzM,Ugy3kqfzvMuxmGkhDT14AaABAg,2025-10-02T07:03:18Z,0
E1_increase,D_lM3wAyzzM,UgxkwMMRR6mcMhHpHZR4AaABAg,2025-10-02T14:19:07Z,0
E1_increase,D_lM3wAyzzM,UgxtNZKRSPF6yHSCW1h4AaABAg,2025-10-05T18:08:22Z,0
E1_increase,D_lM3wAyzzM,Ugzf_SJYan2qcfzAdUV4AaABAg,2025-10-02T20:08:00Z,0
E1_increase,D_lM3wAyzzM,Ugzr5fj5CLF-n6H0cUh4AaABAg,2025-10-23T20:58:47Z,0
E1_increase,D_lM3wAyzzM,UgxEFRJINs4EN--i-7p4AaABAg,2025-10-03T11:17:48Z,1
E1_increase,D_lM3wAyzzM,UgxNZsrqMvbADqyCR6d4AaABAg,2025-10-02T07:26:05Z,0
E1_increase,D_lM3wAyzzM,Ugx6a1SfFNXffNtBGS54AaABAg,2025-10-01T23:56:43Z,0
E1_increase,D_lM3wAyzzM,Ugyzv-JLrAol7kla-s14AaABAg,2025-10-02T14:33:23Z,0
E1_increase,D_lM3wAyzzM,UgwE1m_nO7HuBQ2lx9p4AaABAg,2025-10-02T04:27:02Z,0
E1_increase,D_lM3wAyzzM,UgzZ-O-dapE7lC98H0R4AaABAg,2025-10-02T05:54:00Z,0
E1_increase,D_lM3wAyzzM,UgzabiI4A6ZdB1hcj1t4AaABAg,2025-10-04T14:49:38Z,0
E1_increase,D_lM3wAyzzM,Ugy9iFLmmgNLGxp32H54AaABAg,2025-10-02T14:34:13Z,0
E1_increase,D_lM3wAyzzM,UgyUJtMKDsyluIzs9d14AaABAg,2025-10-03T07:46:05Z,0
E1_increase,D_lM3wAyzzM,UgzN9er-qZQrVn9Hz1B4AaABAg,2025-10-07T21:03:03Z,0
E1_increase,D_lM3wAyzzM,Ugx_QHxLYsVlBgJ9XwR4AaABAg,2025-10-03T11:54:56Z,0
E1_increase,D_lM3wAyzzM,UgzLZ5xTyuGyFqNzgJh4AaABAg,2025-10-02T14:31:24Z,0
E1_increase,D_lM3wAyzzM,Ugw2IsOAHsNPJksmdKV4AaABAg,2025-10-01T23:47:55Z,0
E1_increase,D_lM3wAyzzM,UgwR5vL2l-JqaXzb2UV4AaABAg,2025-10-02T18:17:19Z,0
E1_increase,D_lM3wAyzzM,Ugz_HEmKrbLuJclCRBx4AaABAg,2025-10-04T16:45:15Z,0
E1_increase,D_lM3wAyzzM,UgzsbQvhvOsjkxH_xW14AaABAg,2025-10-03T18:52:17Z,1
E1_increase,D_lM3wAyzzM,Ugwi6ABPtH6XtRDN_xt4AaABAg,2025-10-02T00:25:25Z,0
E1_increase,D_lM3wAyzzM,UgxJ5baAaI2B3GTK3C94AaABAg,2025-10-02T00:22:32Z,2
E1_increase,D_lM3wAyzzM,UgzB8oqbAEkxHjTom554AaABAg,2025-10-05T03:10:50Z,0
E1_increase,bff7p1yunCQ,UgxcmZ1DsgpBNk1ONcF4AaABAg,2025-10-01T15:29:35Z,66
E1_increase,bff7p1yunCQ,UgzjcJSs76qWcfj6rCd4AaABAg,2025-10-01T22:34:19Z,46
E1_increase,bff7p1yunCQ,Ugx-e4B7-hbgakSRV954AaABAg,2025-10-01T16:46:20Z,85
E1_increase,bff7p1yunCQ,UgycziNk6GaPrSRO5vR4AaABAg,2025-10-01T16:35:23Z,165
E1_increase,bff7p1yunCQ,UgyarMb9GkJcwtb4jp94AaABAg,2025-10-01T16:11:55Z,304
E1_increase,bff7p1yunCQ,UgwxJXWpH-HERUxiHAd4AaABAg,2025-10-01T20:41:36Z,25
E1_increase,bff7p1yunCQ,UgxShq_hv1m3ru1dP0J4AaABAg,2025-10-01T16:11:47Z,106
E1_increase,bff7p1yunCQ,Ugzf5hBIEneMDluDr4x4AaABAg,2025-10-01T16:20:44Z,287
E1_increase,bff7p1yunCQ,Ugx3FsGDkKFOvYFq5O94AaABAg,2025-10-01T16:06:08Z,79
E1_increase,bff7p1yunCQ,UgzRY7NyYVJjSW8rsZZ4AaABAg,2025-10-01T16:31:33Z,38
E1_increase,bff7p1yunCQ,UgypeI36sk7Ruimvm5B4AaABAg,2025-10-01T18:07:01Z,51
E1_increase,bff7p1yunCQ,UgwkNUWqt4SXD9NXxKB4AaABAg,2025-10-01T16:34:23Z,75
E1_increase,bff7p1yunCQ,UgxwiNn9o_qoPgyQ0Td4AaABAg,2025-10-01T16:16:40Z,80
E1_increase,bff7p1yunCQ,Ugyeeqm292LCDEo98V14AaABAg,2025-10-01T16:08:59Z,228
E1_increase,bff7p1yunCQ,Ugy2kwVUqdyrm3iy1aV4AaABAg,2025-10-01T17:22:39Z,83
E1_increase,bff7p1yunCQ,UgxS_En8d2k8dCSe-qB4AaABAg,2025-10-01T20:00:31Z,29
E1_increase,bff7p1yunCQ,UgzYjcBVw7d4lSne1394AaABAg,2025-10-01T15:36:37Z,106
E1_increase,bff7p1yunCQ,UgxRMQ1TmYIS5zpI-bZ4AaABAg,2025-10-01T15:58:21Z,194
E1_increase,bff7p1yunCQ,UgyOwBzchsJf_dmpCSF4AaABAg,2025-10-01T16:23:10Z,82
E1_increase,bff7p1yunCQ,UgxlUZedDj_LHoSEKJB4AaABAg,2025-10-02T01:44:40Z,19
E1_increase,bff7p1yunCQ,UgxWS8z4xDgQ7WWTKvV4AaABAg,2025-10-01T16:48:18Z,44
E1_increase,bff7p1yunCQ,Ugysd1JQU3wcUnaS3ll4AaABAg,2025-10-01T16:36:00Z,6
E1_increase,bff7p1yunCQ,UgwuZ4ftn2P_nguSRo54AaABAg,2025-10-01T16:48:15Z,19
E1_increase,bff7p1yunCQ,UgyDIdb61mADpGXMavh4AaABAg,2025-10-01T16:29:29Z,33
E1_increase,bff7p1yunCQ,Ugw2MY7JfVYiuQ_18yN4AaABAg,2025-10-01T18:56:00Z,8
E1_increase,bff7p1yunCQ,UgyZO84rrcf4TIqs8WJ4AaABAg,2025-10-01T20:54:58Z,13
E1_increase,bff7p1yunCQ,UgxKPsO1u1c7CYOectF4AaABAg,2025-10-01T17:44:08Z,3
E1_increase,bff7p1yunCQ,UgxYoeWiqYt4rH49PQt4AaABAg,2025-10-01T22:53:02Z,4
E1_increase,bff7p1yunCQ,UgzUH-oVjVZX5QI1TcN4AaABAg,2025-10-01T21:01:36Z,7
E1_increase,bff7p1yunCQ,UgxYmS9sm3KCQuTsCVh4AaABAg,2025-10-01T21:50:27Z,2
E1_increase,bff7p1yunCQ,UgxqXC4Xy9QxkDaBnBh4AaABAg,2025-10-01T15:06:31Z,36
E1_increase,bff7p1yunCQ,UgwPYZlOQ0QgQALZWXx4AaABAg,2025-10-01T18:17:23Z,5
E1_increase,bff7p1yunCQ,Ugw_7D--PWLTDnbWl3l4AaABAg,2025-10-02T07:53:02Z,2
E1_increase,bff7p1yunCQ,Ugza10A--jpDnFBRdQZ4AaABAg,2025-10-01T16:15:13Z,7
E1_increase,bff7p1yunCQ,UgyPTOQFDZOkOrZNVi14AaABAg,2025-10-01T17:09:00Z,5
E1_increase,bff7p1yunCQ,UgyqYKPhTyCfgIfM5V94AaABAg,2025-10-01T15:04:53Z,143
E1_increase,bff7p1yunCQ,UgzDQ3FGD2a7TV4pZpN4AaABAg,2025-10-01T17:57:02Z,4
E1_increase,bff7p1yunCQ,UgydoFLDyNdCVEP9FXx4AaABAg,2025-10-01T20:37:25Z,3
E1_increase,bff7p1yunCQ,UgwdQHQ4-xfapLS2P1B4AaABAg,2025-10-02T01:00:11Z,1
E1_increase,bff7p1yunCQ,UgyaAbPS-XAtzlJ5EKB4AaABAg,2025-10-01T16:52:32Z,4
E1_increase,bff7p1yunCQ,Ugz9Vz9dK_YqPwYhmsR4AaABAg,2025-11-02T17:30:45Z,1
E1_increase,bff7p1yunCQ,UgwLkaJgFy3cesRov-h4AaABAg,2025-10-01T16:15:18Z,7
E1_increase,bff7p1yunCQ,Ugw5luO5DqxzWEDkjOh4AaABAg,2025-10-01T16:33:17Z,2
E1_increase,bff7p1yunCQ,UgxlVJ0knrnkQt9qqzl4AaABAg,2025-10-01T16:39:52Z,93
E1_increase,bff7p1yunCQ,UgxBOiehY5IoyjreoFd4AaABAg,2025-10-02T00:46:57Z,1
E1_increase,bff7p1yunCQ,UgwNmrDhqVAxA3G-9St4AaABAg,2025-10-01T16:30:05Z,75
E1_increase,bff7p1yunCQ,Ugy7poMnkT7Z3k-Z1Jd4AaABAg,2025-10-01T16:56:26Z,1
E1_increase,bff7p1yunCQ,UgypBkY2LgCKXx0Gpyh4AaABAg,2025-10-01T15:21:55Z,6
E1_increase,bff7p1yunCQ,UgwH9f8LL4CdJ9uH5X14AaABAg,2025-10-01T18:41:26Z,1
E1_increase,bff7p1yunCQ,Ugwh4MBTmebKYgbgOUR4AaABAg,2025-10-01T16:21:43Z,4
E1_increase,bff7p1yunCQ,Ugw3d_6arianyOXZ27l4AaABAg,2025-10-01T23:20:39Z,5
E1_increase,bff7p1yunCQ,Ugw2HXyrwLMPV0RXUWt4AaABAg,2025-10-01T17:13:07Z,5
E1_increase,bff7p1yunCQ,UgwxQG4llDjh0ruU9EZ4AaABAg,2025-10-01T18:23:08Z,2
E1_increase,bff7p1yunCQ,UgzAvaMyafoHlt1GChx4AaABAg,2025-10-19T10:33:23Z,0
E1_increase,bff7p1yunCQ,Ugyzhc81oD4Is4YJwCV4AaABAg,2025-10-01T17:52:21Z,6
E1_increase,bff7p1yunCQ,Ugy6C4nx-rKg3OJEQZh4AaABAg,2025-10-02T19:01:13Z,1
E1_increase,bff7p1yunCQ,UgxHeyfWNjNH5fN6fGl4AaABAg,2025-10-01T15:05:14Z,25
E1_increase,bff7p1yunCQ,UgzZkaG4k4vP-2hMuD54AaABAg,2025-10-01T20:52:15Z,0
E1_increase,bff7p1yunCQ,Ugxez0uB6XbYTYjWFmd4AaABAg,2025-10-01T16:34:03Z,5
E1_increase,bff7p1yunCQ,Ugx4pYXXjz_bsAS3k2h4AaABAg,2025-10-01T18:44:12Z,2
E1_increase,bff7p1yunCQ,UgwYTQUeZVCGzvH7q-J4AaABAg,2025-10-01T16:06:13Z,9
E1_increase,bff7p1yunCQ,UgybJerk3FX_0irIY7F4AaABAg,2025-10-01T17:45:03Z,2
E1_increase,bff7p1yunCQ,UgzvOsizrKYB4FQQY1d4AaABAg,2025-10-01T16:23:37Z,8
E1_increase,bff7p1yunCQ,UgxjcV6kmFSg4yBqN814AaABAg,2025-10-01T22:16:11Z,1
E1_increase,bff7p1yunCQ,UgxcI2eFDxxpJv0G_CF4AaABAg,2025-10-01T16:55:23Z,3
E1_increase,bff7p1yunCQ,UgxhCYehqFdBhO3zJN94AaABAg,2025-10-03T02:51:32Z,0
E1_increase,bff7p1yunCQ,UgxPa2dG4BHGDVfr9u54AaABAg,2025-10-01T15:24:45Z,4
E1_increase,bff7p1yunCQ,Ugz653RMUyt8UNSMgrJ4AaABAg,2025-12-22T17:35:28Z,1
E1_increase,bff7p1yunCQ,Ugzhkw56c3fSpsR4m3N4AaABAg,2025-10-01T16:11:34Z,3
E1_increase,bff7p1yunCQ,Ugy6U2xKRdWbINgFFRB4AaABAg,2025-10-01T18:12:18Z,0
E1_increase,bff7p1yunCQ,UgxGJO-JWT_MihsFuFx4AaABAg,2025-10-01T17:41:39Z,4
E1_increase,bff7p1yunCQ,UgwK6Xvu7tkvwaaxPJh4AaABAg,2025-10-01T21:45:48Z,1
E1_increase,bff7p1yunCQ,UgylFc7bWz1OmdIqlPp4AaABAg,2025-10-01T16:10:00Z,8
E1_increase,bff7p1yunCQ,UgwSK4tq_fmbo4lBEn94AaABAg,2025-10-01T18:16:03Z,2
E1_increase,bff7p1yunCQ,Ugxl9BDULlvwI7hb6ad4AaABAg,2025-10-01T16:30:56Z,10
E1_increase,bff7p1yunCQ,UgzYdrw18UahLxIDbht4AaABAg,2025-10-03T06:33:03Z,1
E1_increase,bff7p1yunCQ,UgxtngujXY9sfFzv6WZ4AaABAg,2025-10-01T16:09:00Z,5
E1_increase,bff7p1yunCQ,UgzAR1dBt_AdE2NIvjZ4AaABAg,2025-10-01T17:40:15Z,0
E1_increase,bff7p1yunCQ,UgxNtndycROsvoOgW-d4AaABAg,2025-10-01T15:11:36Z,3
E1_increase,bff7p1yunCQ,Ugx5JOUvkUC12rniQ7Z4AaABAg,2025-10-01T22:48:41Z,0
E1_increase,bff7p1yunCQ,Ugz34voxBsAL7WQrVyR4AaABAg,2025-10-01T15:12:34Z,12
E1_increase,bff7p1yunCQ,UgzL6ZLKd__5llcAqlx4AaABAg,2025-10-02T11:55:38Z,0
E1_increase,bff7p1yunCQ,Ugyr9y9bD-wn7dwN0m14AaABAg,2025-10-01T21:25:54Z,3
E1_increase,bff7p1yunCQ,UgyrE4_2Sq2Y8jqH59x4AaABAg,2025-10-02T00:56:54Z,0
E1_increase,bff7p1yunCQ,UgwhSTzIeDfkRdIoTzt4AaABAg,2025-10-01T16:25:17Z,3
E1_increase,bff7p1yunCQ,UgzNKsrTgixJvUG5mmx4AaABAg,2025-10-01T23:51:11Z,0
E1_increase,bff7p1yunCQ,Ugwc_vhpBiBjI0EyBoJ4AaABAg,2025-10-01T16:39:14Z,5
E1_increase,bff7p1yunCQ,Ugw0y6aElQip1syWmu54AaABAg,2025-10-01T15:56:06Z,0
E1_increase,bff7p1yunCQ,UgywXCb7oYQGR-TDHsB4AaABAg,2025-10-01T15:39:06Z,35
E1_increase,bff7p1yunCQ,UgzzRAB05Q6LXHdd94l4AaABAg,2025-10-01T18:06:03Z,0
E1_increase,bff7p1yunCQ,Ugzkd51UqR9x69zRHcN4AaABAg,2025-10-01T15:59:34Z,30
E1_increase,bff7p1yunCQ,UgyU15001-hWPuaqMkd4AaABAg,2025-10-01T17:00:56Z,5
E1_increase,bff7p1yunCQ,UgybqTkh0JnT_QCBeUN4AaABAg,2025-10-01T18:59:14Z,0
E1_increase,bff7p1yunCQ,Ugyd7_9OoU1K8oBzBCF4AaABAg,2025-10-01T17:44:52Z,30
E1_increase,bff7p1yunCQ,Ugxn3l75j2VdwJ_Mxyx4AaABAg,2025-10-01T19:11:38Z,0
E1_increase,bff7p1yunCQ,UgweCJj4ELHdP3kYO0p4AaABAg,2025-10-01T16:52:03Z,4
E1_increase,bff7p1yunCQ,Ugy5e7vYieTlwitZuZx4AaABAg,2025-10-01T16:25:34Z,1
E1_increase,bff7p1yunCQ,UgwEV_jocfhYhJvz4Ah4AaABAg,2025-10-01T15:19:32Z,21
E1_increase,bff7p1yunCQ,UgztYR0beALwQ9G23LF4AaABAg,2025-10-01T19:55:42Z,5
E1_increase,bff7p1yunCQ,Ugy22Us8yciSEa7V9cB4AaABAg,2025-10-02T09:10:47Z,0
E1_increase,bff7p1yunCQ,Ugx62XCMwu9yhX3ohLV4AaABAg,2025-10-01T15:31:36Z,32
E1_increase,bff7p1yunCQ,UgwKzHgDk0_e0n2Jd4F4AaABAg,2025-10-02T01:48:12Z,0
E1_increase,bff7p1yunCQ,Ugxkyxrsq8V2EIMxKsx4AaABAg,2025-10-01T15:45:21Z,12
E1_increase,bff7p1yunCQ,Ugw9gsBRJV4NA5JLAkB4AaABAg,2025-10-02T20:17:30Z,1
E1_increase,bff7p1yunCQ,Ugy0DhHaHr9EymW53vd4AaABAg,2025-10-02T16:19:30Z,0
E1_increase,bff7p1yunCQ,UgzhqDFeh4O9nX5Afd14AaABAg,2025-10-01T17:13:03Z,0
E1_increase,bff7p1yunCQ,Ugzt-sfsx_vIJE1hlPJ4AaABAg,2025-10-01T15:39:12Z,4
E1_increase,bff7p1yunCQ,UgzGOTaZJAHqvrEXVpN4AaABAg,2025-10-02T07:59:38Z,0
E1_increase,bff7p1yunCQ,UgyaAXyIVzRDUZbV_fp4AaABAg,2025-10-01T16:10:47Z,3
E1_increase,bff7p1yunCQ,UgxuVvvs5ob6dNIR0Yp4AaABAg,2025-10-02T06:51:42Z,0
E1_increase,bff7p1yunCQ,UgzuXeKwBZ84EeuWzXF4AaABAg,2025-10-01T15:59:55Z,3
E1_increase,bff7p1yunCQ,UgykI_nfPZfC9FYw_8l4AaABAg,2025-10-13T01:54:12Z,0
E1_increase,bff7p1yunCQ,UgwHBHnXNNYQU3qeQLh4AaABAg,2025-10-01T15:39:48Z,3
E1_increase,bff7p1yunCQ,Ugz-_pKHAuwzMRdlL3F4AaABAg,2025-10-01T18:39:56Z,0
E1_increase,bff7p1yunCQ,UgwNk2PSFDeh0LLH-ad4AaABAg,2025-10-01T15:23:46Z,14
E1_increase,bff7p1yunCQ,UgyGL86MxbqIxs7N1ux4AaABAg,2025-10-01T18:30:42Z,0
E1_increase,bff7p1yunCQ,UgxexEFENljh2ihEvX54AaABAg,2025-10-01T15:47:59Z,4
E1_increase,bff7p1yunCQ,Ugxv_S2dHDxfJGr4AzV4AaABAg,2025-10-01T19:08:09Z,1
E1_increase,bff7p1yunCQ,UgzsmrVQ7gwAzciWsdZ4AaABAg,2025-10-01T19:13:09Z,4
E1_increase,bff7p1yunCQ,UgwSMktqkJVYoZlvHTF4AaABAg,2025-10-01T19:12:42Z,0
E1_increase,bff7p1yunCQ,Ugx8c5gXqWSA2Awglyx4AaABAg,2025-10-01T15:24:12Z,12
E1_increase,bff7p1yunCQ,UgwsHguv90vrpva_Hih4AaABAg,2025-10-01T17:08:47Z,0
E1_increase,bff7p1yunCQ,UgwLQ-5Fqx8AAfyMLRt4AaABAg,2025-10-01T16:15:37Z,3
E1_increase,bff7p1yunCQ,Ugyix_fL3lnOY2ZB3It4AaABAg,2025-10-02T13:21:42Z,0
E1_increase,bff7p1yunCQ,UgxwxJi9EFmTFrZVpcF4AaABAg,2025-10-01T15:12:01Z,21
E1_increase,bff7p1yunCQ,UgzubyiZY9oHJajXDyl4AaABAg,2025-10-01T18:08:44Z,0
E1_increase,bff7p1yunCQ,UgzNi2bm_vawndDHG8t4AaABAg,2025-10-01T19:12:41Z,11
E1_increase,bff7p1yunCQ,UgyOQRbD3mWmO84bEeV4AaABAg,2025-10-01T21:08:02Z,0
E1_increase,bff7p1yunCQ,UgxRGoca56HVZ2Cxmth4AaABAg,2025-10-01T15:08:05Z,2
E1_increase,bff7p1yunCQ,UgwwoID2uEzUswxmctF4AaABAg,2025-10-01T18:47:52Z,0
E1_increase,bff7p1yunCQ,UgzRu9xQDMHrBzb7Iet4AaABAg,2025-10-01T15:45:15Z,7
E1_increase,bff7p1yunCQ,UgwnnR8gwrVfUgerF7V4AaABAg,2025-10-02T08:28:27Z,0
E1_increase,bff7p1yunCQ,Ugwgj9x-JERA3WCue-l4AaABAg,2025-10-01T15:20:15Z,5
E1_increase,bff7p1yunCQ,Ugy6ntl2p3CVIVC-syt4AaABAg,2026-04-05T19:20:15Z,0
E1_increase,bff7p1yunCQ,Ugxj7n0uvNpaNocRGHh4AaABAg,2025-10-01T15:04:21Z,12
E1_increase,bff7p1yunCQ,UgyeIz92xXlHqii6-794AaABAg,2025-10-01T23:56:09Z,1
E1_increase,bff7p1yunCQ,UgyHiKwtZkg5b1-5NOZ4AaABAg,2025-10-01T15:06:58Z,7
E1_increase,bff7p1yunCQ,UgyIteOOi1LZfGw43jd4AaABAg,2025-10-06T15:54:41Z,0
E1_increase,bff7p1yunCQ,UgyYWzbvR8M5yqoul6d4AaABAg,2025-10-01T16:09:16Z,4
E1_increase,bff7p1yunCQ,Ugwo8LGhdZNyWb2FEKd4AaABAg,2025-10-01T17:24:22Z,0
E1_increase,bff7p1yunCQ,UgxiSfC0kdsHKvzlN7V4AaABAg,2025-10-01T16:08:02Z,4
E1_increase,bff7p1yunCQ,UgzY1s3SFVtKxxrSgSt4AaABAg,2025-10-03T19:13:11Z,0
E1_increase,bff7p1yunCQ,UgywrsGtSoqgozNI23d4AaABAg,2025-10-01T15:56:00Z,3
E1_increase,bff7p1yunCQ,UgxCS0vgIdt9JIqZAC54AaABAg,2025-10-01T21:26:49Z,0
E1_increase,bff7p1yunCQ,UgxFzNQQIGIz_PE3zR94AaABAg,2025-10-01T15:03:23Z,11
E1_increase,bff7p1yunCQ,Ugxs8jvvxj60dbV1IIl4AaABAg,2025-10-02T08:00:16Z,0
E1_increase,bff7p1yunCQ,UgxrpDnPSbzlqG5XFhZ4AaABAg,2025-10-01T15:14:16Z,20
E1_increase,bff7p1yunCQ,UgysiAZcxtIk4UHXFJd4AaABAg,2025-10-02T22:17:24Z,1
E1_increase,bff7p1yunCQ,Ugyk2WgYhB774aM9IZp4AaABAg,2025-10-01T15:14:50Z,9
E1_increase,bff7p1yunCQ,UgyvHKIMAcmpLr683Ap4AaABAg,2025-10-01T17:25:05Z,0
E1_increase,bff7p1yunCQ,Ugz97J7bAwf0cVhZ7j14AaABAg,2025-10-01T15:07:44Z,14
E1_increase,bff7p1yunCQ,UgxvtSZ4Z2xMXrh2TZR4AaABAg,2025-10-01T17:25:20Z,0
E1_increase,bff7p1yunCQ,UgzzvImeIR004sxpNYJ4AaABAg,2025-10-01T15:48:12Z,7
E1_increase,bff7p1yunCQ,Ugw-mIIhh0rT7R8kMzJ4AaABAg,2025-10-02T10:50:38Z,0
E1_increase,bff7p1yunCQ,UgzweC6OgHiSKEPYo1t4AaABAg,2025-10-01T15:12:17Z,10
E1_increase,bff7p1yunCQ,UgwNJIYGb6djAixQfNp4AaABAg,2025-10-01T15:11:54Z,6
E1_increase,bff7p1yunCQ,UgxQDCdI13bnzScYzjx4AaABAg,2026-04-18T00:34:32Z,0
E1_increase,bff7p1yunCQ,Ugy3Sd5ObLPkKIlcNX94AaABAg,2025-10-01T18:00:48Z,3
E1_increase,bff7p1yunCQ,Ugw0FacsVjpc9fPe-c54AaABAg,2025-10-01T20:19:06Z,0
E1_increase,bff7p1yunCQ,UgzyXEYMAMYfa94lWnl4AaABAg,2025-10-01T15:06:03Z,11
E1_increase,bff7p1yunCQ,UgzBMikLVBv16oMJUKx4AaABAg,2025-11-08T16:37:13Z,1
E1_increase,bff7p1yunCQ,Ugxs0Y-Q7MufzSrvL9V4AaABAg,2025-10-01T16:12:38Z,1
E1_increase,bff7p1yunCQ,UgzJMxNumPFqUw4ALJF4AaABAg,2025-10-02T11:07:28Z,0
E1_increase,bff7p1yunCQ,UgwCPE0QAaX5UC9CVrZ4AaABAg,2025-10-01T15:12:32Z,7
E1_increase,bff7p1yunCQ,UgwKarXdh_eRbHvHhRh4AaABAg,2025-10-01T16:28:47Z,1
E1_increase,bff7p1yunCQ,Ugyj-QbOrWR-1WoCiA14AaABAg,2025-10-01T15:12:18Z,9
E1_increase,bff7p1yunCQ,UgyQvb5l22UhPB9EIRx4AaABAg,2025-10-01T16:30:12Z,2
E1_increase,bff7p1yunCQ,Ugwkky6c9BOzDnaojP54AaABAg,2025-10-01T15:26:18Z,8
E1_increase,bff7p1yunCQ,Ugz5HcWNvZgeLR5QngJ4AaABAg,2025-10-01T18:14:00Z,0
E1_increase,bff7p1yunCQ,UgwysnLwfkcshLF9xOx4AaABAg,2025-10-01T15:12:29Z,7
E1_increase,bff7p1yunCQ,UgxrfJLvYOAWSObxPJJ4AaABAg,2025-10-01T17:46:44Z,0
E1_increase,bff7p1yunCQ,UgxcT6_4_KJkh7Lsb754AaABAg,2025-10-01T15:45:59Z,4
E1_increase,bff7p1yunCQ,Ugw85sMtBOgycifAtWF4AaABAg,2025-10-01T19:57:27Z,0
E1_increase,bff7p1yunCQ,UgyH66dq_7zgEose6Tt4AaABAg,2025-10-01T15:17:28Z,8
E1_increase,bff7p1yunCQ,Ugxtj5nbjVrEPt0MZDh4AaABAg,2025-10-01T20:59:06Z,0
E1_increase,bff7p1yunCQ,UgzsrxvIB-uFJCwOizJ4AaABAg,2025-10-01T15:03:47Z,4
E1_increase,bff7p1yunCQ,UgwXK_ACEFIqWkeEr5Z4AaABAg,2025-10-01T16:39:38Z,2
E1_increase,bff7p1yunCQ,UgwmYCLDTP0-HIaw2aV4AaABAg,2025-10-01T15:46:39Z,1
E1_increase,bff7p1yunCQ,Ugya76HtMKcyfVe53qZ4AaABAg,2025-10-02T12:50:06Z,0
E1_increase,bff7p1yunCQ,Ugzqmft7wksr4ouSsiJ4AaABAg,2025-10-02T19:01:46Z,0
E1_increase,bff7p1yunCQ,UgxPbGEjALW06_Yn5I54AaABAg,2025-10-01T17:21:57Z,0
E1_increase,bff7p1yunCQ,Ugx9BWOb8QiUF3JmD1p4AaABAg,2025-10-01T21:24:03Z,2
E1_increase,bff7p1yunCQ,Ugy5O018iQG8nR5NVDB4AaABAg,2025-10-01T20:14:47Z,0
E1_increase,bff7p1yunCQ,UgwIhTWDwQ4_hXfOSzp4AaABAg,2025-10-01T17:07:23Z,0
E1_increase,bff7p1yunCQ,UgyG3JicdGIWBCwIdu54AaABAg,2025-10-01T21:41:49Z,0
E1_increase,bff7p1yunCQ,UgzpgBjkKV2byDy-tL94AaABAg,2025-10-02T06:24:42Z,0
E1_increase,bff7p1yunCQ,UgyLnPURIHouV5FGvqR4AaABAg,2025-10-02T00:29:38Z,1
E1_increase,bff7p1yunCQ,UgyIAf3J0jr4Z2ZYzBF4AaABAg,2025-10-01T17:20:06Z,0
E1_increase,bff7p1yunCQ,UgwR0bDvmDPpgkJ5PCJ4AaABAg,2025-10-02T00:05:24Z,0
E1_increase,bff7p1yunCQ,UgwHJiP8Ra0vtHPgc7R4AaABAg,2025-10-02T18:38:22Z,0
E1_increase,bff7p1yunCQ,Ugxt4-ynZkv3Jf2Tcm54AaABAg,2025-10-03T13:35:28Z,0
E1_increase,bff7p1yunCQ,UgwhMnk1GYKajMbqKHx4AaABAg,2025-10-02T15:20:05Z,0
E1_increase,bff7p1yunCQ,Ugyw_TRTZVuQKQAJ2id4AaABAg,2025-10-02T04:13:37Z,1
E1_increase,bff7p1yunCQ,UgwOI0v2I4aLL-EGUop4AaABAg,2025-10-01T18:44:09Z,0
E1_increase,bff7p1yunCQ,UgwYYUp6W-lzEyDuJxJ4AaABAg,2025-10-01T18:56:02Z,0
E1_increase,bff7p1yunCQ,Ugxc0WXo95qYE6YSlN54AaABAg,2025-10-03T14:37:01Z,1
E1_increase,bff7p1yunCQ,UgyC4uN9G1VsXGtDTC94AaABAg,2025-10-01T15:40:14Z,1
E1_increase,bff7p1yunCQ,Ugw5Ywt_7ANNJ0xi2fB4AaABAg,2025-10-03T12:03:07Z,1
E1_increase,bff7p1yunCQ,UgzAaKWY9637FbXkrt54AaABAg,2025-10-05T16:22:59Z,0
E1_increase,bff7p1yunCQ,UgxKC3WJMUyBKK-S4_94AaABAg,2025-10-02T01:51:09Z,3
E1_increase,bff7p1yunCQ,Ugw3OxVX1SKSs9QV6ax4AaABAg,2025-10-02T11:20:34Z,1
E1_increase,bff7p1yunCQ,UgyQrHMz1jmvnPh1TUp4AaABAg,2025-10-01T18:58:32Z,1
E1_increase,bff7p1yunCQ,UgwjUBH2_1NuO_EO8hB4AaABAg,2025-10-01T18:35:02Z,0
E1_increase,bff7p1yunCQ,UgwlakizebDwkHnNso14AaABAg,2025-10-01T23:49:25Z,0
E1_increase,bff7p1yunCQ,UgyHQGHNRCwhvCFs3wp4AaABAg,2025-10-01T20:26:52Z,0
E1_increase,bff7p1yunCQ,Ugwf7iDWAYeASgjD-9d4AaABAg,2025-10-01T20:38:02Z,0
E1_increase,bff7p1yunCQ,UgwOMZE7yVAQhATjNa54AaABAg,2025-10-01T21:54:00Z,0
E1_increase,bff7p1yunCQ,Ugyl1tqZyGBUl7KCKzR4AaABAg,2025-10-01T22:17:10Z,0
E1_increase,bff7p1yunCQ,UgyQ46gs7uTH9ycEKV14AaABAg,2025-10-01T21:55:03Z,0
E1_increase,bff7p1yunCQ,Ugy7waMM-5tGtjy7l7R4AaABAg,2025-10-01T18:25:21Z,0
E1_increase,bff7p1yunCQ,UgxL1t699F40R4fvsj54AaABAg,2025-10-01T18:27:20Z,1
E1_increase,bff7p1yunCQ,UgxyMMAhla4DqqFcPed4AaABAg,2025-10-01T17:26:43Z,2
E1_increase,bff7p1yunCQ,UgzzMN052i6FCLpHN4x4AaABAg,2025-10-01T22:55:16Z,0
E1_increase,bff7p1yunCQ,Ugy1O-HY65Y19RkPit94AaABAg,2025-10-02T09:43:20Z,1
E1_increase,bff7p1yunCQ,UgzaEPBdPX_SvgCUCY94AaABAg,2025-10-02T11:58:31Z,0
E1_increase,bff7p1yunCQ,Ugwi5ZKc5Ua0j8DpsAp4AaABAg,2025-10-01T19:42:59Z,0
E1_increase,bff7p1yunCQ,UgxXjV97nsV350HIdAZ4AaABAg,2025-10-01T21:23:15Z,0
E1_increase,bff7p1yunCQ,UgyVuaQQAwHqEQLMz-54AaABAg,2025-10-02T01:22:35Z,0
E1_increase,bff7p1yunCQ,UgzVieTuuQoqkZkR51B4AaABAg,2025-10-01T18:51:42Z,0
E1_increase,bff7p1yunCQ,UgxRFv0ue4AGNAgASeN4AaABAg,2025-10-02T03:20:11Z,0
E1_increase,bff7p1yunCQ,UgyVqIWykZslls2IBpN4AaABAg,2025-10-02T17:09:30Z,0
E1_increase,bff7p1yunCQ,Ugx4jINXiBIbxaUyW3Z4AaABAg,2025-10-04T00:29:20Z,1
E1_increase,bff7p1yunCQ,UgwcTbpkGUXLK_2kQlJ4AaABAg,2025-10-01T17:37:06Z,0
E1_increase,bff7p1yunCQ,UgyRwEC9p-C7UhFoWEx4AaABAg,2025-10-01T17:26:58Z,0
E1_increase,bff7p1yunCQ,Ugx5uSPd75u30hb0irJ4AaABAg,2025-10-01T23:16:20Z,0
E1_increase,bff7p1yunCQ,UgzWx0LUyGmftfMx6dZ4AaABAg,2025-10-01T18:37:18Z,0
E1_increase,bff7p1yunCQ,UgwjMF1RrIEE7ZRhexN4AaABAg,2025-10-01T16:47:07Z,0
E1_increase,bff7p1yunCQ,Ugxqn1g05-4koQVwEM54AaABAg,2025-10-01T20:48:07Z,0
E1_increase,bff7p1yunCQ,UgwajlHvKYhAv4tkthl4AaABAg,2025-10-01T16:08:24Z,0
E1_increase,bff7p1yunCQ,Ugz1HbvGY5_mPhiV-Gl4AaABAg,2025-10-01T21:14:11Z,0
E1_increase,bff7p1yunCQ,UgzE1lq1q0usML_WdKR4AaABAg,2025-10-01T19:06:44Z,0
E1_increase,bff7p1yunCQ,UgxcHMM8bwRtNJxxNlZ4AaABAg,2025-10-01T17:35:12Z,0
E1_increase,bff7p1yunCQ,Ugyf39la8QS5toBOb6V4AaABAg,2025-10-01T19:49:08Z,2
E1_increase,bff7p1yunCQ,Ugxle8mzYoanhowHeUl4AaABAg,2025-10-01T23:42:20Z,0
E1_increase,bff7p1yunCQ,Ugzg3itWyqOH4a5YzNx4AaABAg,2025-10-01T22:14:00Z,0
E1_increase,bff7p1yunCQ,Ugx_KUoXkPG2CByGsIZ4AaABAg,2025-10-01T23:26:23Z,0
E1_increase,bff7p1yunCQ,UgxRjewTN7TPsC4fbQB4AaABAg,2025-10-01T22:07:56Z,0
E1_increase,bff7p1yunCQ,UgzG7mQon5pfrgZISbF4AaABAg,2025-10-01T18:07:40Z,0
E1_increase,bff7p1yunCQ,UgxMCtSXZa56t9yGes14AaABAg,2025-10-01T23:57:03Z,0
E1_increase,bff7p1yunCQ,Ugy8EaIjjZySLyyWns54AaABAg,2025-10-01T16:35:49Z,2
E1_increase,bff7p1yunCQ,UgxzxxvULpJ4rHeWgeJ4AaABAg,2025-10-01T22:00:52Z,0
E1_increase,bff7p1yunCQ,UgwkCaiDsDMaGSeKTP94AaABAg,2025-11-17T03:32:44Z,0
E1_increase,bff7p1yunCQ,Ugxiqpxmv0ix8qVYvht4AaABAg,2025-12-27T02:34:40Z,0
E1_increase,bff7p1yunCQ,UgwVTK_4XoZMpqY3FQB4AaABAg,2025-10-01T18:22:14Z,1
E1_increase,bff7p1yunCQ,UgxAlK-_tKE-8cgoECh4AaABAg,2025-10-01T19:56:42Z,0
E1_increase,bff7p1yunCQ,Ugw_Xm9EzzYgJCULRNl4AaABAg,2025-10-02T14:06:47Z,0
E1_increase,bff7p1yunCQ,UgymTIvZKH0DrffsXJd4AaABAg,2025-10-01T18:21:19Z,2
E1_increase,bff7p1yunCQ,UgxivmEQ-Su2k8dLZsJ4AaABAg,2025-10-02T01:40:21Z,0
E1_increase,bff7p1yunCQ,Ugwe8ypgtrUe0S8S-Ox4AaABAg,2025-10-01T18:11:44Z,0
E1_increase,bff7p1yunCQ,Ugw8OGZBoFCts1yPAgZ4AaABAg,2025-10-01T22:41:55Z,0
E1_increase,bff7p1yunCQ,UgxUk4pskkV9smPvhQ14AaABAg,2025-10-09T21:19:39Z,0
E1_increase,bff7p1yunCQ,Ugwy3yll765jTOkhBSZ4AaABAg,2025-10-01T18:25:06Z,0
E1_increase,bff7p1yunCQ,UgzvwZmzfdZuMELyB4F4AaABAg,2025-10-01T17:06:10Z,1
E1_increase,bff7p1yunCQ,UgyQDBlEFANrQi5uz-p4AaABAg,2025-10-02T00:08:05Z,0
E1_increase,bff7p1yunCQ,UgyxR-a81vwjddVTLOR4AaABAg,2025-10-02T00:06:49Z,0
E1_increase,bff7p1yunCQ,Ugw_Uu48OVbDlnlHxDd4AaABAg,2025-10-03T04:08:12Z,1
E1_increase,bff7p1yunCQ,Ugz4AvLG73Gar8uVyet4AaABAg,2025-10-01T20:56:40Z,0
E1_increase,bff7p1yunCQ,UgzPy0cCahn2aXCYVgJ4AaABAg,2025-10-02T02:29:36Z,0
E1_increase,bff7p1yunCQ,UgyIvrzSVdqRRvWFJXR4AaABAg,2025-10-01T16:13:52Z,0
E1_increase,bff7p1yunCQ,UgwsuDfNeB8wDkg6CwF4AaABAg,2025-10-04T21:43:52Z,0
E1_increase,bff7p1yunCQ,UgznFH4g7I_zixs8dlB4AaABAg,2025-10-02T17:10:42Z,0
E1_increase,bff7p1yunCQ,UgyFb9l1tDGFMyf3S_d4AaABAg,2025-10-01T17:13:10Z,0
E1_increase,bff7p1yunCQ,Ugw6lZaghKltiBjKr7R4AaABAg,2025-10-01T19:30:18Z,0
E1_increase,bff7p1yunCQ,UgyWVxz91mKpNsEodp94AaABAg,2025-10-01T18:38:44Z,0
E1_increase,bff7p1yunCQ,UgxDQlxOj-S-pfgjDnp4AaABAg,2025-10-01T18:56:55Z,0
E1_increase,bff7p1yunCQ,UgykZS8FF-_u4fHzFW94AaABAg,2025-10-02T13:07:19Z,0
E1_increase,bff7p1yunCQ,UgwdkxA1UKXJl7p-HXp4AaABAg,2025-10-02T02:21:22Z,0
E1_increase,bff7p1yunCQ,Ugz0NFuzDi7mb6EpA3B4AaABAg,2025-10-01T21:10:42Z,0
E1_increase,bff7p1yunCQ,UgygTtyIpZs5cNUTY294AaABAg,2025-10-01T21:38:59Z,0
E1_increase,bff7p1yunCQ,UgzIT1vubTnc-IloxO54AaABAg,2025-10-01T19:08:53Z,0
E1_increase,bff7p1yunCQ,Ugwc_afVXJZRfTjXymF4AaABAg,2025-10-02T19:16:08Z,0
E1_increase,bff7p1yunCQ,UgxtulXfB93sjQ4IJyB4AaABAg,2025-10-03T03:29:46Z,0
E1_increase,bff7p1yunCQ,UgxrW6Pu1I041yOHRl14AaABAg,2025-10-02T02:57:19Z,0
E1_increase,bff7p1yunCQ,UgzuJZ6E8EDvbn26PdB4AaABAg,2025-10-02T01:46:56Z,0
E1_increase,bff7p1yunCQ,UgxcacFhmkjm6SMz6hB4AaABAg,2025-10-01T22:37:45Z,0
E1_increase,bff7p1yunCQ,UgyNHVYmArE3-LofYmJ4AaABAg,2025-10-01T18:07:57Z,0
E1_increase,bff7p1yunCQ,UgzglQAtGcH_koJxwWN4AaABAg,2025-10-01T18:24:54Z,0
E1_increase,bff7p1yunCQ,UgxjtBepJvr_ypuq3ad4AaABAg,2025-10-02T03:44:15Z,0
E1_increase,bff7p1yunCQ,UgynSGcHg8uHaAF_Y-h4AaABAg,2025-10-02T13:30:52Z,0
E1_increase,bff7p1yunCQ,UgwHh-AxrwYtRmTd1t54AaABAg,2025-10-21T15:30:34Z,1
E1_increase,bff7p1yunCQ,Ugwzmnjq5gsuCblTu1N4AaABAg,2025-10-07T16:29:39Z,0
E1_increase,bff7p1yunCQ,UgwRZ3ng04Z8kpxLE7p4AaABAg,2025-10-01T18:34:32Z,0
E1_increase,bff7p1yunCQ,Ugz1vH4bJfX61_cryr94AaABAg,2025-10-01T17:59:59Z,1
E1_increase,bff7p1yunCQ,Ugzk_CIQFU1NHNGUk7l4AaABAg,2025-10-02T14:53:43Z,0
E1_increase,bff7p1yunCQ,UgyO53Y5ValwRJwjD7t4AaABAg,2025-10-01T20:07:50Z,2
E1_increase,bff7p1yunCQ,UgyMVgduiL5w7r0m3514AaABAg,2025-10-02T01:23:31Z,0
E1_increase,bff7p1yunCQ,Ugwh1tNVdX22uCEDlZl4AaABAg,2025-10-01T17:53:35Z,0
E1_increase,bff7p1yunCQ,UgwZwEU1oApwl0EsKRh4AaABAg,2025-10-01T18:46:50Z,1
E1_increase,bff7p1yunCQ,UgwhoWRI9QS0FF6v2jd4AaABAg,2025-10-01T17:40:58Z,0
E1_increase,bff7p1yunCQ,UgygbPr9mELKXjjtjsZ4AaABAg,2025-10-02T23:18:11Z,0
E1_increase,bff7p1yunCQ,Ugw4CrMcwZ2zBrStv-V4AaABAg,2025-10-01T18:03:34Z,0
E1_increase,bff7p1yunCQ,UgwvKq_XJdARuLMy78V4AaABAg,2025-10-01T21:11:59Z,0
E1_increase,bff7p1yunCQ,UgwTT8xObgVNe1oe7ZZ4AaABAg,2025-10-01T20:15:46Z,0
E1_increase,bff7p1yunCQ,UgzarjbHGSLpm9B0AoJ4AaABAg,2025-10-01T17:26:37Z,0
E1_increase,bff7p1yunCQ,UgxaeU6yhNqFA1bWsqx4AaABAg,2025-10-03T18:54:07Z,0
E1_increase,bff7p1yunCQ,Ugx7GSclcWh312idHjV4AaABAg,2025-10-02T13:06:17Z,0
E1_increase,bff7p1yunCQ,Ugy3L_w9RZkX2vq-S954AaABAg,2025-10-01T16:45:33Z,0
E1_increase,bff7p1yunCQ,UgwEiV_RR2fQeKR474F4AaABAg,2025-10-01T19:01:33Z,2
E1_increase,bff7p1yunCQ,UgxhAP8FO8t2m-oFrD94AaABAg,2025-10-01T20:39:44Z,0
E1_increase,bff7p1yunCQ,Ugx4XqhZGfKrr4DVpxt4AaABAg,2025-10-06T13:31:38Z,0
E1_increase,bff7p1yunCQ,UgzuZNZKTqtqY7XRygZ4AaABAg,2025-10-01T16:43:08Z,1
E1_increase,bff7p1yunCQ,UgzawVav_JhFnHoHNgJ4AaABAg,2025-10-01T16:59:11Z,0
E1_increase,bff7p1yunCQ,UgwCwor2ZoNpNUINFkB4AaABAg,2025-10-01T22:34:33Z,0
E1_increase,bff7p1yunCQ,Ugzo_zH5IkywaCLzC8B4AaABAg,2025-10-01T17:02:59Z,0
E1_increase,bff7p1yunCQ,UgxAJPASPWeJDyLqlDx4AaABAg,2026-03-02T12:14:33Z,1
E1_increase,bff7p1yunCQ,UgyJ8qEJCJR8wIQ48594AaABAg,2025-10-01T16:21:53Z,1
E1_increase,bff7p1yunCQ,UgwHk8iCHlZ5HrfVILR4AaABAg,2025-10-15T07:21:23Z,0
E1_increase,bff7p1yunCQ,UgwKPDw6IeH4j3myAbh4AaABAg,2025-10-01T20:32:30Z,0
E1_increase,bff7p1yunCQ,UgwZRqNxApZ5GKIYt4x4AaABAg,2025-10-01T16:28:50Z,1
E1_increase,bff7p1yunCQ,Ugy7hm8TV3FfkW-unEZ4AaABAg,2025-10-01T18:42:42Z,0
E1_increase,bff7p1yunCQ,Ugz_W_a6EsHEI7Vyckt4AaABAg,2025-10-01T19:07:52Z,0
E1_increase,bff7p1yunCQ,UgwnyI67hJ7JLa7rtw94AaABAg,2025-10-01T17:28:52Z,0
E1_increase,bff7p1yunCQ,Ugxl_BZwqROn7UDUld14AaABAg,2025-10-02T08:07:47Z,1
E1_increase,bff7p1yunCQ,UgwYwQjwlKQFizF4Xsx4AaABAg,2025-10-02T09:22:24Z,0
E1_increase,bff7p1yunCQ,Ugwqiv_vcY1eedBpaMF4AaABAg,2025-10-03T03:08:05Z,0
E1_increase,bff7p1yunCQ,UgyBiLxYRN2sChovGsF4AaABAg,2025-10-01T16:40:59Z,2
E1_increase,bff7p1yunCQ,UgxugZiI4v2tyq_Sall4AaABAg,2025-10-01T19:42:30Z,0
E1_increase,bff7p1yunCQ,UgyaGrLwI4_xzL778d54AaABAg,2025-10-02T14:12:42Z,0
E1_increase,bff7p1yunCQ,UgxoGT19GUBPIYta7xB4AaABAg,2025-10-01T22:42:17Z,0
E1_increase,bff7p1yunCQ,UgzYB1Y9pMZJBU00Tfx4AaABAg,2025-10-01T17:45:19Z,0
E1_increase,bff7p1yunCQ,Ugwc-2TX0NiBKPwMNvp4AaABAg,2025-10-01T20:16:59Z,0
E1_increase,bff7p1yunCQ,Ugw7_KwCrIpr6lAsVJ54AaABAg,2025-10-01T17:19:06Z,0
E1_increase,bff7p1yunCQ,UgxrCHEiHg676UyC0rl4AaABAg,2025-10-01T17:33:18Z,0
E1_increase,bff7p1yunCQ,Ugy18IoY4IBCqYLoyE94AaABAg,2025-10-01T23:52:32Z,1
E1_increase,bff7p1yunCQ,UgyIs0NtXi4sbOdDJqp4AaABAg,2025-10-01T19:13:14Z,1
E1_increase,bff7p1yunCQ,UgxqsirLkFtdeJnmn5N4AaABAg,2025-10-01T20:45:54Z,0
E1_increase,bff7p1yunCQ,Ugwyw5QQXoHmXQbn9r94AaABAg,2025-10-26T19:36:11Z,0
E1_increase,bff7p1yunCQ,Ugyslzv1pnzDuwC53GB4AaABAg,2025-11-28T16:34:29Z,0
E1_increase,bff7p1yunCQ,Ugx7S2EPz8ttu1jR7FF4AaABAg,2025-10-02T02:11:01Z,0
E1_increase,bff7p1yunCQ,UgymXMcKOEGYpRr6zt94AaABAg,2025-10-02T01:12:42Z,0
E1_increase,bff7p1yunCQ,UgwH97N9rURY12xPLs94AaABAg,2025-10-02T01:05:25Z,1
E1_increase,bff7p1yunCQ,UgxpTDGOtywWFLkZH5p4AaABAg,2025-10-01T18:44:17Z,0
E1_increase,bff7p1yunCQ,UgyS4qNDLADyQRPBQK94AaABAg,2025-10-01T18:03:15Z,0
E1_increase,bff7p1yunCQ,UgwKuz1-grAD1uk7tUV4AaABAg,2025-10-01T21:26:39Z,0
E1_increase,bff7p1yunCQ,UgzHJjQW9TuWcsh3Dhh4AaABAg,2025-10-01T17:06:16Z,0
E1_increase,bff7p1yunCQ,UgwH4WVhCK92xigRxJB4AaABAg,2025-11-07T01:56:12Z,0
E1_increase,bff7p1yunCQ,UgzTcAkptRWQxqA1yZJ4AaABAg,2025-10-02T16:37:22Z,1
E1_increase,bff7p1yunCQ,Ugz4pMMxb7bhgJh3xAB4AaABAg,2025-10-10T14:17:56Z,0
E1_increase,bff7p1yunCQ,UgwQsoU-4ZodX2ja9jF4AaABAg,2025-10-01T23:33:04Z,0
E1_increase,bff7p1yunCQ,Ugz2hbIoPLTEkfRLNSF4AaABAg,2025-10-02T13:24:33Z,0
E1_increase,bff7p1yunCQ,Ugz2BOL0YsExNvrwy9l4AaABAg,2025-10-01T16:56:00Z,0
E1_increase,bff7p1yunCQ,Ugzz4K4jX2x1K9OSKDR4AaABAg,2025-10-02T16:36:46Z,0
E1_increase,bff7p1yunCQ,UgxHJoOJt8TtysPgiTp4AaABAg,2026-01-18T20:20:17Z,0
E1_increase,bff7p1yunCQ,Ugy1v2FI2xyCwGm_aLx4AaABAg,2025-10-01T21:44:29Z,0
E1_increase,bff7p1yunCQ,UgxLwrH1dsWgalSZhfp4AaABAg,2025-10-01T17:18:12Z,0
E1_increase,bff7p1yunCQ,Ugxbg0GtD5SI0_47N3F4AaABAg,2025-10-17T04:26:27Z,0
E1_increase,bff7p1yunCQ,UgyUnTYDWEkRXDPofH14AaABAg,2025-10-01T19:23:11Z,0
E1_increase,bff7p1yunCQ,Ugz_PlJMYeLKl0-fPPB4AaABAg,2025-10-02T19:29:17Z,0
E1_increase,bff7p1yunCQ,Ugyf5lL-JoFVY7A9q494AaABAg,2025-10-01T18:27:55Z,0
E1_increase,bff7p1yunCQ,UgzBAt1XbrhcKwo2wW54AaABAg,2025-10-01T17:54:17Z,0
E1_increase,bff7p1yunCQ,Ugy44ZwK_EclB2UFi-l4AaABAg,2025-10-01T19:05:33Z,0
E1_increase,bff7p1yunCQ,Ugw9BD1xJYIAl7P14Bl4AaABAg,2025-10-08T18:51:22Z,0
E1_increase,bff7p1yunCQ,UgzRUiNR5H_juDJnsWp4AaABAg,2025-10-01T20:20:40Z,0
E1_increase,bff7p1yunCQ,UgzpIgcC-nKM5TcqcP14AaABAg,2025-10-02T04:07:03Z,1
E1_increase,bff7p1yunCQ,UgxMr2mtq-O6TauR7L14AaABAg,2025-10-01T16:17:21Z,0
E1_increase,bff7p1yunCQ,UgzwYamtN5fHXKwacVd4AaABAg,2025-10-01T19:05:45Z,0
E1_increase,bff7p1yunCQ,UgwR_PuHbapZQNOwD594AaABAg,2025-11-15T23:36:01Z,0
E1_increase,bff7p1yunCQ,Ugz7QJ-Lg9hhNIFstdx4AaABAg,2025-10-02T08:46:14Z,0
E1_increase,bff7p1yunCQ,Ugw6aSSPbg3l_lQ7jzF4AaABAg,2025-10-01T16:39:16Z,1
E1_increase,bff7p1yunCQ,UgxjAZiM6raAZfvVW_x4AaABAg,2025-10-02T04:26:06Z,0
E1_increase,bff7p1yunCQ,Ugywbd5imSzWspWXFLt4AaABAg,2025-10-02T01:48:29Z,0
E1_increase,bff7p1yunCQ,UgyqlPTNeHrSL2Et-Ex4AaABAg,2025-10-02T04:20:03Z,1
E1_increase,bff7p1yunCQ,UgwsDnS2kzMQte-20YR4AaABAg,2025-11-03T08:45:54Z,1
E1_increase,bff7p1yunCQ,UgxQoPKtB8eBso2mDsp4AaABAg,2025-10-03T17:16:20Z,0
E1_increase,bff7p1yunCQ,UgznpEv01TQxYH8FaAp4AaABAg,2025-10-01T17:29:27Z,0
E1_increase,bff7p1yunCQ,UgwgtAA16GXWM9JcKzd4AaABAg,2025-10-01T18:29:27Z,0
E1_increase,bff7p1yunCQ,UgxIodwiKuE7fFcBIhd4AaABAg,2025-10-06T02:02:08Z,0
E1_increase,bff7p1yunCQ,UgzU_cwz_v4Shr5hANR4AaABAg,2025-10-01T18:13:56Z,0
E1_increase,bff7p1yunCQ,UgzzU0NEJ2Olem5f4jN4AaABAg,2025-12-12T17:04:55Z,0
E1_increase,bff7p1yunCQ,UgyVWpwDZ3tPDNvAPJt4AaABAg,2025-10-01T17:05:29Z,0
E1_increase,bff7p1yunCQ,Ugw-gBF_Lk2Sk9Cp0094AaABAg,2025-10-01T16:12:46Z,0
E1_increase,bff7p1yunCQ,UgzhJCZD0d_k-M8Jy0V4AaABAg,2025-10-01T18:42:33Z,0
E1_increase,bff7p1yunCQ,Ugza2BCUuzJ0T6C-E3t4AaABAg,2025-10-01T21:57:37Z,0
E1_increase,bff7p1yunCQ,Ugwmoop0C4DmHDZBgrp4AaABAg,2025-10-01T23:32:36Z,0
E1_increase,bff7p1yunCQ,Ugy6jdjNZA4J7wzo5-14AaABAg,2025-10-02T10:13:56Z,1
E1_increase,bff7p1yunCQ,Ugy9uiJgixvnMp7k8Dh4AaABAg,2025-10-02T05:40:07Z,0
E1_increase,bff7p1yunCQ,UgwFJKGQE6fVrHr6_sd4AaABAg,2025-10-01T20:36:59Z,0
E1_increase,bff7p1yunCQ,Ugwwt47igC-FMGRRs8Z4AaABAg,2025-10-01T19:25:55Z,0
E1_increase,bff7p1yunCQ,Ugz5WDQCZnMlNUIJmeR4AaABAg,2026-03-12T16:28:35Z,0
E1_increase,bff7p1yunCQ,Ugz6b4JUTq8C5bbC44x4AaABAg,2026-04-14T16:12:50Z,0
E1_increase,bff7p1yunCQ,Ugwpg2VREyQR3RSPglt4AaABAg,2025-10-01T20:41:22Z,0
E1_increase,bff7p1yunCQ,UgyMbkHD0apKcaEC4tp4AaABAg,2025-10-01T17:07:32Z,0
E1_increase,bff7p1yunCQ,UgyGHsxwt9J57jVvsIh4AaABAg,2025-10-02T09:56:06Z,1
E1_increase,bff7p1yunCQ,UgxUGAz5BWiMIE5RFmR4AaABAg,2025-10-01T19:05:11Z,0
E1_increase,bff7p1yunCQ,UgyLoLuOrhYEK7CnYhV4AaABAg,2025-10-01T20:34:18Z,1
E1_increase,bff7p1yunCQ,UgwyXx4QAtG7Pt8hI-h4AaABAg,2025-10-01T20:50:44Z,0
E1_increase,bff7p1yunCQ,UgzHMUlQNTsYR20kmzR4AaABAg,2025-10-02T22:07:10Z,0
E1_increase,bff7p1yunCQ,UgynoaqBSmL1yBWpQMN4AaABAg,2025-10-01T16:27:34Z,1
E1_increase,bff7p1yunCQ,UgxT8_xu6j2RV_xXDWp4AaABAg,2025-10-01T21:58:47Z,0
E1_increase,bff7p1yunCQ,UgyU8MMTbsRJSmnNnrp4AaABAg,2025-10-01T18:24:46Z,0
E1_increase,bff7p1yunCQ,UgzOqUF7X31Wx31fjPl4AaABAg,2025-10-02T01:33:23Z,0
E1_increase,bff7p1yunCQ,UgwZaRVS_dnXZvHDPzN4AaABAg,2025-10-01T17:04:02Z,0
E1_increase,bff7p1yunCQ,UgzQjGJRRbO1fwzK4Y94AaABAg,2025-10-01T19:05:51Z,0
E1_increase,bff7p1yunCQ,UgwEDWWXlUk5w0ODPEN4AaABAg,2025-10-08T06:58:54Z,0
E1_increase,bff7p1yunCQ,Ugz5qUxO8ek4I61VVwV4AaABAg,2025-10-01T20:42:00Z,0
E1_increase,bff7p1yunCQ,UgxgzcibrER8qy6gWP94AaABAg,2025-10-01T19:50:15Z,0
E1_increase,bff7p1yunCQ,UgxW_E-Gw0o7nOIGkW54AaABAg,2025-10-02T16:08:13Z,0
E1_increase,bff7p1yunCQ,Ugxa8c2d9burKjJ99xB4AaABAg,2025-10-07T06:54:42Z,0
E1_increase,bff7p1yunCQ,Ugzjrjvh2ux5OPtEh054AaABAg,2025-10-01T16:16:28Z,1
E1_increase,bff7p1yunCQ,UgwZY1ehk1NHMS2gDkN4AaABAg,2025-11-29T17:40:20Z,0
E1_increase,hHCvwwIrX8w,Ugz7hI3w3FDW9-hLGlt4AaABAg,2025-10-02T13:15:23Z,17
E1_increase,hHCvwwIrX8w,UgxKWAqBvbeA_bdfbFR4AaABAg,2025-10-01T21:14:55Z,47
E1_increase,hHCvwwIrX8w,Ugz9iFFONKOT50nXYIp4AaABAg,2025-10-01T21:36:10Z,18
E1_increase,hHCvwwIrX8w,UgzytuwlF-6bgyyEyhx4AaABAg,2025-10-01T23:47:05Z,27
E1_increase,hHCvwwIrX8w,Ugx9mCmqEuyC7BmN8cB4AaABAg,2025-10-01T23:10:00Z,8
E1_increase,hHCvwwIrX8w,Ugy-Bhg4S056sL6_LCV4AaABAg,2025-10-02T01:13:58Z,12
E1_increase,hHCvwwIrX8w,UgzPVjaSRHyBE-mtl1F4AaABAg,2025-10-01T22:53:09Z,15
E1_increase,hHCvwwIrX8w,Ugywq7-MGnPj-HL3h9p4AaABAg,2025-10-01T21:49:00Z,6
E1_increase,hHCvwwIrX8w,UgznX-eFycsn0OporqZ4AaABAg,2025-10-01T23:45:17Z,6
E1_increase,hHCvwwIrX8w,UgzA9KKhsEu2iKtve694AaABAg,2025-10-02T18:10:48Z,4
E1_increase,hHCvwwIrX8w,UgwwBTFcqyG6HvjsMvh4AaABAg,2025-10-01T22:55:55Z,2
E1_increase,hHCvwwIrX8w,Ugx_2FYCOZXR66kpla14AaABAg,2025-10-02T18:30:08Z,1
E1_increase,hHCvwwIrX8w,Ugwhn6JdjOVNxtuhtyl4AaABAg,2025-10-01T21:10:32Z,5
E1_increase,hHCvwwIrX8w,UgxjW_1Rcy0q-1b_tjh4AaABAg,2025-10-01T22:25:13Z,3
E1_increase,hHCvwwIrX8w,UgxUKkHvDe3-8ytcs9h4AaABAg,2025-10-01T23:49:14Z,2
E1_increase,hHCvwwIrX8w,UgykJwXB-NGH70R6DqB4AaABAg,2025-10-02T05:49:47Z,3
E1_increase,hHCvwwIrX8w,UgxV1cYAuhR0t061Nyt4AaABAg,2025-10-02T21:33:34Z,1
E1_increase,hHCvwwIrX8w,UgwIiKsfifHynNsS_JJ4AaABAg,2025-10-01T23:05:33Z,6
E1_increase,hHCvwwIrX8w,UgxEsAL2LhdV40JELxl4AaABAg,2025-10-02T07:01:58Z,1
E1_increase,hHCvwwIrX8w,UgylwgkVJd68FH4A0Ut4AaABAg,2025-10-02T03:51:22Z,2
E1_increase,hHCvwwIrX8w,Ugydveh-kxV8yw_qj5p4AaABAg,2025-10-02T03:09:43Z,2
E1_increase,hHCvwwIrX8w,UgxjZcTZ63njUjauNiB4AaABAg,2025-10-03T18:45:11Z,1
E1_increase,hHCvwwIrX8w,UgzO-PDO6q5Qtux5bgZ4AaABAg,2025-10-02T03:49:22Z,1
E1_increase,hHCvwwIrX8w,UgwN5_-zBpnscRIIwkF4AaABAg,2025-10-14T08:05:24Z,1
E1_increase,hHCvwwIrX8w,UgwIIYjQqNPVcQVg2A94AaABAg,2025-10-03T08:12:57Z,1
E1_increase,hHCvwwIrX8w,UgwYxsvqDcuX5IWCYLZ4AaABAg,2025-10-02T00:36:37Z,0
E1_increase,hHCvwwIrX8w,UgzJYwxYIDO_FQQUMzl4AaABAg,2025-10-04T21:07:43Z,1
E1_increase,hHCvwwIrX8w,Ugy9XddjNsSTN_VH0rd4AaABAg,2025-10-02T18:24:41Z,1
E1_increase,hHCvwwIrX8w,UgwN54Tn29qDIIlMIit4AaABAg,2025-10-04T00:11:43Z,1
E1_increase,hHCvwwIrX8w,UgxfLwy6x1gQmQgdHNR4AaABAg,2025-10-02T01:33:15Z,4
E1_increase,hHCvwwIrX8w,UgwRTaucwG7PmRfPzMR4AaABAg,2025-10-01T21:32:14Z,4
E1_increase,hHCvwwIrX8w,Ugxm0Z6_HP83-k-7FNt4AaABAg,2025-10-02T03:04:28Z,0
E1_increase,hHCvwwIrX8w,Ugz5pcjyjXQ46OpbApV4AaABAg,2025-10-01T21:11:19Z,1
E1_increase,hHCvwwIrX8w,UgyIV2FFQpngHOC4iWJ4AaABAg,2025-10-02T23:34:38Z,0
E1_increase,hHCvwwIrX8w,UgytUjyOXU7nxhlCF0x4AaABAg,2025-10-02T12:38:44Z,2
E1_increase,hHCvwwIrX8w,UgydK7Ae260zE7-0GJ54AaABAg,2025-10-04T14:50:04Z,0
E1_increase,hHCvwwIrX8w,UgwDyupzdTOK0M4Bxgx4AaABAg,2025-10-03T11:40:43Z,0
E1_increase,hHCvwwIrX8w,UgxDY6UsxqD7MwoW9v54AaABAg,2025-10-01T22:19:36Z,0
E1_increase,hHCvwwIrX8w,Ugx9dY14MUkHlDuWoJd4AaABAg,2025-10-02T12:17:02Z,2
E1_increase,hHCvwwIrX8w,UgwEMdtf-tQzcO4DZPF4AaABAg,2025-10-02T01:24:13Z,4
E1_increase,hHCvwwIrX8w,Ugxl4gmTnrHoRLY7irt4AaABAg,2025-10-01T21:49:39Z,3
E1_increase,hHCvwwIrX8w,UgyyhN3WJqk5Pw9H4up4AaABAg,2025-10-03T19:07:28Z,1
E1_increase,hHCvwwIrX8w,Ugz14i4rng9VjPZNePN4AaABAg,2025-10-01T21:17:51Z,2
E1_increase,hHCvwwIrX8w,Ugy8pQMQ31Pce4O-HlB4AaABAg,2025-10-02T00:18:58Z,0
E1_increase,hHCvwwIrX8w,UgxJ9e9QXkfU2a84lP14AaABAg,2025-10-02T16:45:03Z,1
E1_increase,hHCvwwIrX8w,UgwngJBgv5J-j7C19Od4AaABAg,2025-10-02T02:45:05Z,1
E1_increase,hHCvwwIrX8w,UgwgYtRGB0KhhGWKSi14AaABAg,2025-10-01T21:13:35Z,1
E1_increase,hHCvwwIrX8w,UgxkTnckV2EBb-p32iF4AaABAg,2025-10-01T23:27:48Z,0
E1_increase,hHCvwwIrX8w,Ugy_HEeQHhztqj6-uUl4AaABAg,2025-10-02T19:40:50Z,1
E1_increase,hHCvwwIrX8w,UgxvV9QD2sYUbYA8NZF4AaABAg,2025-10-02T06:46:34Z,0
E1_increase,hHCvwwIrX8w,UgzTVp3ufA5iqwLskKd4AaABAg,2025-10-03T16:36:09Z,1
E1_increase,hHCvwwIrX8w,Ugy8ZR86SUEJojTqXJB4AaABAg,2025-10-02T03:49:39Z,1
E1_increase,hHCvwwIrX8w,UgyJSFhQYFN_XMNyzt14AaABAg,2025-10-01T21:03:15Z,5
E1_increase,hHCvwwIrX8w,UgxC-aeKKh7Td2_aOlN4AaABAg,2025-10-01T21:06:21Z,0
E1_increase,hHCvwwIrX8w,UgwTJwTQIhCHgE1fcBh4AaABAg,2025-10-02T00:36:16Z,1
E1_increase,hHCvwwIrX8w,Ugy_oyLdLt_SlAEW4vh4AaABAg,2025-10-01T21:08:48Z,0
E1_increase,hHCvwwIrX8w,Ugwti9W64sabknpQ4CR4AaABAg,2025-10-01T23:02:34Z,1
E1_increase,hHCvwwIrX8w,UgyORm_8SlAUOWvWt4t4AaABAg,2025-10-03T02:43:35Z,0
E1_increase,hHCvwwIrX8w,Ugzlavf8Mo8Xk26JyvR4AaABAg,2025-10-01T21:49:05Z,2
E1_increase,hHCvwwIrX8w,UgwNDzlnSUeX7iIIr_14AaABAg,2025-10-02T03:39:52Z,1
E1_increase,hHCvwwIrX8w,UgyhbT2dRf-YrTKII_N4AaABAg,2025-10-02T06:23:27Z,0
E1_increase,hHCvwwIrX8w,UgyfrpwrZ5DVcWSjIK54AaABAg,2025-10-02T22:35:13Z,0
E1_increase,hHCvwwIrX8w,Ugw2K87S2XhE9E7LNo94AaABAg,2025-10-01T21:40:40Z,1
E1_increase,hHCvwwIrX8w,UgxuqeBrRHFUen1D4ml4AaABAg,2025-10-02T20:47:29Z,0
E1_increase,hHCvwwIrX8w,Ugw-wqDwBd6fD3K69hF4AaABAg,2025-10-02T06:21:51Z,1
E1_increase,hHCvwwIrX8w,Ugyb0pIXDjfaRYYEyTF4AaABAg,2025-10-01T22:33:02Z,2
E1_increase,hHCvwwIrX8w,UgxHyoENsv7tl4YHAJx4AaABAg,2025-10-01T23:11:16Z,1
E1_increase,hHCvwwIrX8w,UgziGBoXl-r5SIzpuKZ4AaABAg,2025-10-01T23:04:52Z,1
E1_increase,hHCvwwIrX8w,UgxEEdFOd0i-2CY8v7R4AaABAg,2025-10-03T17:44:42Z,0
E1_increase,hHCvwwIrX8w,UgyKvdAdYLofQJftJft4AaABAg,2025-10-02T00:43:35Z,0
E1_increase,hHCvwwIrX8w,Ugzt5xI7L4AL0Nw7IzN4AaABAg,2025-10-03T11:51:20Z,0
E1_increase,hHCvwwIrX8w,Ugz5uGXIWFv2z5ouafp4AaABAg,2025-10-02T00:28:47Z,0
E1_increase,hHCvwwIrX8w,UgxmEXMfucIpqq1aEXh4AaABAg,2025-10-02T04:09:49Z,3
E1_increase,hHCvwwIrX8w,UgzzpWHTME3uJ9MMXet4AaABAg,2025-10-01T21:19:29Z,3
E1_increase,hHCvwwIrX8w,Ugy6uLLHvXGI3toRbpV4AaABAg,2025-10-01T23:36:52Z,3
E1_increase,hHCvwwIrX8w,UgyYFkb1qv6FMwhi0YN4AaABAg,2025-10-04T12:14:36Z,0
E1_increase,hHCvwwIrX8w,UgzZGX4DmO-jvn3BaNN4AaABAg,2025-10-02T03:09:03Z,2
E1_increase,hHCvwwIrX8w,UgxeKV2mfj6vSwUJFZV4AaABAg,2025-10-02T04:19:18Z,0
E1_increase,hHCvwwIrX8w,Ugzqbk4-zUNEQQYzs694AaABAg,2025-10-02T07:39:48Z,0
E1_increase,hHCvwwIrX8w,UgxSS8M38L9aWBb78DR4AaABAg,2025-10-02T02:33:06Z,0
E1_increase,hHCvwwIrX8w,UgxTuvR4xYJ8zst9RC14AaABAg,2025-10-05T12:59:27Z,0
E1_increase,hHCvwwIrX8w,Ugy3Lv2sBfsx1CPfVy94AaABAg,2025-10-01T21:40:15Z,0
E1_increase,hHCvwwIrX8w,UgwQcYZ_Mv1qH8HihRR4AaABAg,2025-10-02T23:22:28Z,0
E1_increase,hHCvwwIrX8w,UgxCurv9Hj1bYwjMakl4AaABAg,2025-10-03T15:45:55Z,0
E1_increase,hHCvwwIrX8w,Ugzm9ky3fudS2_Hjfod4AaABAg,2025-10-01T21:02:54Z,0
E1_increase,hHCvwwIrX8w,UgyeWg4-PzKGjQPVUbZ4AaABAg,2025-10-03T05:40:35Z,0
E1_increase,hHCvwwIrX8w,Ugwt0hXmc9v4zt8JH594AaABAg,2025-10-01T21:20:12Z,3
E1_increase,hHCvwwIrX8w,UgzZcRyyTxGMUJBnGRx4AaABAg,2025-10-03T08:35:41Z,0
E1_increase,hHCvwwIrX8w,Ugyu9lg99GTpN347Cx94AaABAg,2025-10-03T01:50:08Z,0
E1_increase,hHCvwwIrX8w,UgxYNwYHqTcR-FauClR4AaABAg,2025-10-02T12:09:46Z,4
E1_increase,hHCvwwIrX8w,Ugzsj69rDIOQtD_AnMx4AaABAg,2025-10-02T10:45:31Z,1
E1_increase,hHCvwwIrX8w,Ugyl8GDkG14LygjY3Yp4AaABAg,2025-10-01T21:46:13Z,0
E1_increase,hHCvwwIrX8w,Ugw2bQRWqk1VNqr3Tbt4AaABAg,2025-10-09T05:28:00Z,0
E1_increase,hHCvwwIrX8w,Ugwx1L9KzNz5n0prGLR4AaABAg,2025-10-01T23:57:30Z,1
E1_increase,hHCvwwIrX8w,UgxoGXh1MVfVc4BJMJF4AaABAg,2025-10-01T21:42:45Z,1
E1_increase,hHCvwwIrX8w,Ugw0n-EsKu7z856hK5t4AaABAg,2025-10-02T20:45:52Z,0
E1_increase,hHCvwwIrX8w,Ugwz2tqc5Dj5P7sOf4d4AaABAg,2025-10-03T05:27:52Z,0
E1_increase,hHCvwwIrX8w,UgydthMj5YERHa2bXNd4AaABAg,2025-10-01T23:51:47Z,6
E1_increase,hHCvwwIrX8w,UgwnVhXU48U0pXexvFl4AaABAg,2025-10-01T23:18:29Z,0
E1_increase,hHCvwwIrX8w,UgwbqjvDa4K62uxUJoB4AaABAg,2025-10-04T04:50:18Z,0
E1_increase,hHCvwwIrX8w,UgwFhBnqixG82tgqZfl4AaABAg,2025-10-02T15:41:25Z,0
E1_increase,hHCvwwIrX8w,Ugx9SddCnAsmYHZ0DxR4AaABAg,2025-10-03T20:36:04Z,0
E1_increase,hHCvwwIrX8w,Ugzk6Q4P3iKYyjILT0p4AaABAg,2025-10-02T05:49:42Z,0
E1_increase,hHCvwwIrX8w,UgyqigMp78J-8aZyx9B4AaABAg,2025-10-02T02:41:35Z,2
E1_increase,hHCvwwIrX8w,UgwRlfkbizqYMCy1Aft4AaABAg,2025-10-02T20:06:02Z,0
E1_increase,hHCvwwIrX8w,UgyRcYRhCTl0ZClQzLp4AaABAg,2025-10-01T21:10:03Z,3
E1_increase,hHCvwwIrX8w,UgxmIKoaSjn3wHBC6Od4AaABAg,2025-10-02T02:39:44Z,1
E1_increase,hHCvwwIrX8w,UgygngarmGE7CpJbJ2J4AaABAg,2025-10-02T00:14:00Z,0
E1_increase,hHCvwwIrX8w,Ugy1hFmL_4LIC3W2wJR4AaABAg,2025-10-01T22:18:19Z,0
E1_increase,hHCvwwIrX8w,Ugzy3PxqKLGhfdutzON4AaABAg,2025-10-01T21:20:54Z,7
E1_increase,hHCvwwIrX8w,UgzIoT8UvaCdYf_yOJB4AaABAg,2025-10-02T21:32:42Z,0
E1_increase,n3_IwF60NK4,UgxN7b8nYnVLaB-aOBx4AaABAg,2025-10-01T22:58:19Z,104
E1_increase,n3_IwF60NK4,UgxoYmx3aSD4tz2PEzJ4AaABAg,2025-10-02T13:09:33Z,36
E1_increase,n3_IwF60NK4,UgzqG8Vz-XJpg8KfWRJ4AaABAg,2025-10-02T19:38:11Z,14
E1_increase,n3_IwF60NK4,UgzMBpIFqcunzYm0jHd4AaABAg,2025-10-02T01:09:27Z,26
E1_increase,n3_IwF60NK4,UgxID84-lk9zIAtOYup4AaABAg,2025-10-02T23:33:32Z,12
E1_increase,n3_IwF60NK4,UgwdRuTVN2kBMXyggwp4AaABAg,2025-10-02T05:24:32Z,10
E1_increase,n3_IwF60NK4,UgxqTsSf8oOpabUU0hx4AaABAg,2025-10-02T13:16:12Z,6
E1_increase,n3_IwF60NK4,Ugzxb488s5jtriCGZe14AaABAg,2025-10-02T06:28:07Z,7
E1_increase,n3_IwF60NK4,UgwfTAhAZm5eVGkL3ZB4AaABAg,2025-10-01T23:20:46Z,8
E1_increase,n3_IwF60NK4,UgzdE1RT6h61_CaH_Sl4AaABAg,2025-10-02T02:27:36Z,5
E1_increase,n3_IwF60NK4,Ugzk7i3Mtrop0XFd2ZF4AaABAg,2025-10-02T02:29:47Z,2
E1_increase,n3_IwF60NK4,UgyW6SgdcLIcw2h1pe54AaABAg,2025-10-04T22:32:47Z,1
E1_increase,n3_IwF60NK4,UgzlacFVAnBBmaUx0eF4AaABAg,2025-10-01T22:59:44Z,7
E1_increase,n3_IwF60NK4,Ugz11CQ_1HCRICS_HQJ4AaABAg,2025-10-08T21:48:35Z,2
E1_increase,n3_IwF60NK4,UgxUjVnejaJTi4jFsqx4AaABAg,2025-10-02T01:16:18Z,8
E1_increase,n3_IwF60NK4,UgzaWTDhyEi6pMZ7s-14AaABAg,2025-10-07T16:56:23Z,0
E1_increase,n3_IwF60NK4,Ugwf0rSvYtjmT38HIxp4AaABAg,2025-10-03T09:11:38Z,0
E1_increase,n3_IwF60NK4,Ugz97TU9kf7uXGeXZk14AaABAg,2025-10-03T16:44:18Z,1
E1_increase,n3_IwF60NK4,Ugww27vKhRdjrghlR9p4AaABAg,2025-10-02T20:30:48Z,1
E1_increase,n3_IwF60NK4,UgyTCPpvKrgNR2tt54d4AaABAg,2025-10-04T15:51:12Z,0
E1_increase,n3_IwF60NK4,UgxKWGvADyWhjJ8s1hB4AaABAg,2025-10-01T23:02:52Z,18
E1_increase,n3_IwF60NK4,Ugz52njE2ftU5hFwMFp4AaABAg,2025-10-03T20:11:06Z,0
E1_increase,n3_IwF60NK4,UgxGrQDi09pLcQMQv8x4AaABAg,2025-10-04T19:36:03Z,0
E1_increase,n3_IwF60NK4,UgxGkqgyeDG0CVsOazJ4AaABAg,2025-10-09T23:38:35Z,0
E1_increase,n3_IwF60NK4,UgzXPFQaYr1INoEdEKF4AaABAg,2025-10-09T05:12:59Z,0
E1_increase,n3_IwF60NK4,UgyrbMJlyn9E_xUCF-94AaABAg,2025-10-02T21:21:40Z,1
E1_increase,n3_IwF60NK4,UgxdB4RrTvUByc2na8d4AaABAg,2025-10-03T18:24:05Z,0
E1_increase,n3_IwF60NK4,UgycNQF3o3vVdiCJsG14AaABAg,2025-10-04T16:19:22Z,1
E1_increase,n3_IwF60NK4,UgzaGRTFzKcxJhLlJ094AaABAg,2025-10-05T19:23:55Z,0
E1_increase,n3_IwF60NK4,Ugxz2LdVGIebDKgVxbd4AaABAg,2025-10-01T22:53:39Z,13
E1_increase,n3_IwF60NK4,Ugypfp8FfRn0Ba79k194AaABAg,2025-10-01T23:11:11Z,1
E1_increase,n3_IwF60NK4,UgzBVmZOm5e3TOYM52h4AaABAg,2025-10-05T12:58:56Z,0
E1_increase,n3_IwF60NK4,UgwxCqNWeA0QJWhlBgB4AaABAg,2025-10-02T22:14:04Z,1
E1_increase,n3_IwF60NK4,UgwvxDPoIOVQpv7zmql4AaABAg,2025-10-02T10:19:47Z,0
E1_increase,n3_IwF60NK4,Ugx49zXWAuCjP9fxr654AaABAg,2025-10-03T15:17:25Z,0
E1_increase,n3_IwF60NK4,UgzLJiUzSl6AjT2JX1d4AaABAg,2025-10-01T23:20:38Z,0
E1_increase,n3_IwF60NK4,UgwQp-zNyFiPHUKfhnt4AaABAg,2025-10-04T00:43:01Z,0
E1_increase,n3_IwF60NK4,UgzQJ0fle5rhvfTKI2V4AaABAg,2025-10-04T19:50:35Z,0
E1_increase,n3_IwF60NK4,UgzcgFqJ_JWHEkYqXJd4AaABAg,2026-03-25T23:41:44Z,0
E1_increase,n3_IwF60NK4,UgzJTNMcxIjEVkdwdHt4AaABAg,2025-10-02T12:09:12Z,0
E1_increase,n3_IwF60NK4,Ugw9EpmOiPjSH9GTMC54AaABAg,2025-10-10T00:12:54Z,0
E1_increase,n3_IwF60NK4,UgzjMI3Uf4pcUWTZOSt4AaABAg,2025-10-01T23:49:57Z,0
E1_increase,n3_IwF60NK4,UgymOlnmCshCsa-kHeV4AaABAg,2025-10-02T11:47:00Z,1
E1_increase,n3_IwF60NK4,Ugyo8Y-Fi4C-iLTMzXV4AaABAg,2025-10-02T13:31:00Z,0
E1_increase,n3_IwF60NK4,Ugz0mrJRRtt9S_73-Xx4AaABAg,2025-10-06T20:55:12Z,0
E1_increase,n3_IwF60NK4,UgwzFxEyXCeSkJSTd_V4AaABAg,2025-10-02T17:52:36Z,0
E1_increase,n3_IwF60NK4,UgxwLqZNvWQHFyouEm14AaABAg,2025-10-09T23:39:46Z,0
E1_increase,n3_IwF60NK4,UgywT86STe87tZ5h0qd4AaABAg,2025-10-08T01:38:26Z,0
E1_increase,n3_IwF60NK4,UgzpLIdZwIm9v6Kadup4AaABAg,2025-10-02T10:12:29Z,0
E1_increase,n3_IwF60NK4,UgxJ0ytilaNOTyBNITR4AaABAg,2025-10-02T22:03:00Z,0
E1_increase,n3_IwF60NK4,Ugzeg0QniG0XlUdmnKh4AaABAg,2025-10-02T11:17:42Z,0
E1_increase,n3_IwF60NK4,Ugw3aO4ZfdKPJYGShIR4AaABAg,2025-10-01T22:49:20Z,1
E1_increase,n3_IwF60NK4,UgzAw2NLOXEI1B_513N4AaABAg,2025-10-01T22:46:19Z,0
E1_increase,n3_IwF60NK4,Ugz6hdQy8LOHFAfz7vh4AaABAg,2025-10-03T23:21:43Z,0
E1_increase,n3_IwF60NK4,UgyNIm_8oep363qwGD94AaABAg,2025-10-02T18:48:07Z,0
E1_increase,n3_IwF60NK4,Ugzqwv3Va1hD5tPi7zN4AaABAg,2025-10-03T04:06:25Z,0
E1_increase,n3_IwF60NK4,UgyDDRJ5QgDoqPDb0Pp4AaABAg,2025-10-02T13:45:19Z,0
E1_increase,n3_IwF60NK4,UgzXyuXQuFpE2Icb9NJ4AaABAg,2025-10-02T07:47:47Z,0
E1_increase,n3_IwF60NK4,UgzIjRSfv7zZB0H8grZ4AaABAg,2025-10-02T01:58:10Z,0
E1_increase,n3_IwF60NK4,UgwmrYAKxAt-4Z720iN4AaABAg,2025-10-01T22:55:21Z,19
E1_increase,n3_IwF60NK4,UgzYmPtkJmQdC3psDyV4AaABAg,2025-10-06T22:38:37Z,0
E1_increase,n3_IwF60NK4,UgxrqSCs9SsVrli5pKN4AaABAg,2025-10-02T20:07:49Z,0
E1_increase,n3_IwF60NK4,Ugy29iQ23mQaDgEdHxJ4AaABAg,2025-10-02T00:35:59Z,0
E1_increase,n3_IwF60NK4,Ugz8gXK6-OD6286JqF54AaABAg,2025-10-01T23:25:43Z,7
E1_increase,n3_IwF60NK4,UgwnecqyjH0UiaZyWfV4AaABAg,2025-10-04T20:57:05Z,0
E1_increase,n3_IwF60NK4,UgyGpYhswxbFaHGn3014AaABAg,2025-10-03T04:03:21Z,0
E1_increase,n3_IwF60NK4,UgxWCPWUZeNG6hGczA14AaABAg,2025-10-02T04:06:56Z,0
E1_increase,n3_IwF60NK4,UgzdPjwRHzfLSlkmFYJ4AaABAg,2025-10-02T16:55:15Z,0
E1_increase,n3_IwF60NK4,UgzRi3yDsWpMlgvXRwR4AaABAg,2025-10-02T01:07:30Z,6
E1_increase,n3_IwF60NK4,Ugwp_PZ-aKkKeAD71554AaABAg,2025-10-02T05:47:58Z,0
E1_increase,n3_IwF60NK4,UgxMzhbvQphQeJQiinV4AaABAg,2025-10-06T22:51:57Z,0
E1_increase,n3_IwF60NK4,UgynJsP9CLieg8vRhn94AaABAg,2025-10-03T19:54:12Z,0
E1_increase,n3_IwF60NK4,UgyvIcacj1KRvIvgeqF4AaABAg,2025-10-02T11:03:29Z,0
E1_increase,n3_IwF60NK4,UgzguyLLsF89ss3HLrZ4AaABAg,2025-10-02T12:15:09Z,1
E1_increase,n3_IwF60NK4,UgxxlUTC_eiojUmK-4p4AaABAg,2025-10-07T20:01:17Z,0
E1_increase,n3_IwF60NK4,UgxpaXLobCZCKkCrfMF4AaABAg,2025-10-05T19:22:44Z,0
E1_increase,n3_IwF60NK4,UgyQLhBxcGSksaIxMYp4AaABAg,2025-10-02T18:41:39Z,0
E1_increase,n3_IwF60NK4,Ugw7PsLtxTf73JiE5i94AaABAg,2025-10-03T15:43:36Z,0
E1_increase,n3_IwF60NK4,UgxM4_5eNTDkVc9lArV4AaABAg,2025-10-02T00:35:40Z,0
E1_increase,n3_IwF60NK4,UgzzJtT-75lA_QHWQJ94AaABAg,2025-10-04T12:11:27Z,0
E1_increase,n3_IwF60NK4,UgzoVn2tcNz4Ga3ZQCp4AaABAg,2025-10-05T09:34:37Z,0
E1_increase,n3_IwF60NK4,UgwA2qy1eI64uuMCoe94AaABAg,2025-10-06T20:30:00Z,0
E1_increase,n3_IwF60NK4,UgwQWKwXKv9LLt7KYbd4AaABAg,2025-11-20T07:36:31Z,0
E1_increase,n3_IwF60NK4,UgxVMoMudo5U8Xn2uXx4AaABAg,2025-10-05T13:03:47Z,0
E1_increase,n3_IwF60NK4,Ugzl0U1PkNDPgHraK454AaABAg,2025-10-04T09:36:49Z,0
E1_increase,n3_IwF60NK4,UgyKysH55vJqly5oamp4AaABAg,2025-10-02T00:46:44Z,0
E1_increase,n3_IwF60NK4,UgzeqGXnkQIKFoMYd-B4AaABAg,2025-10-05T14:03:57Z,0
E1_increase,n3_IwF60NK4,UgyhJL31gR08Kjh75fN4AaABAg,2025-10-04T12:30:06Z,0
E1_increase,n3_IwF60NK4,UgyUmjnC3jGDjQRL9dl4AaABAg,2025-10-06T15:06:13Z,1
E1_increase,n3_IwF60NK4,UgyAzPqVIz64VZG3OGd4AaABAg,2025-10-02T15:13:00Z,0
E1_increase,n3_IwF60NK4,UgyQgUNlY6f8sPUi-2h4AaABAg,2025-10-07T11:26:15Z,0
E1_increase,n3_IwF60NK4,Ugw_n20H18lZpR3FO_B4AaABAg,2025-10-02T14:47:04Z,0
E1_increase,scLUkIOaxGU,Ugx7PMfc1168a7L0oJd4AaABAg,2025-10-02T15:43:04Z,0
E2_cut,42xQj5Xmkzc,Ugyc93BUrGIdi891gp54AaABAg,2026-04-20T22:17:01Z,90
E2_cut,42xQj5Xmkzc,UgxxP3btqHaoVVI0hP94AaABAg,2026-04-21T16:33:36Z,144
E2_cut,42xQj5Xmkzc,UgwRkIvMvjlwpdVwEkt4AaABAg,2026-04-21T16:43:58Z,361
E2_cut,42xQj5Xmkzc,UgxnUIQnEe1LbrixAGJ4AaABAg,2026-04-21T16:16:39Z,94
E2_cut,42xQj5Xmkzc,UgxSfalpgHLsxzXXwvF4AaABAg,2026-04-21T16:12:41Z,125
E2_cut,42xQj5Xmkzc,Ugz3y389aR2TAliACDN4AaABAg,2026-04-21T16:08:41Z,151
E2_cut,42xQj5Xmkzc,UgxcSa86_tyw8Cwyng94AaABAg,2026-04-21T20:00:14Z,17
E2_cut,42xQj5Xmkzc,UgyJ4pNv4Hw87mYNncZ4AaABAg,2026-04-21T16:20:34Z,134
E2_cut,42xQj5Xmkzc,UgyhITnY8Ix6Fe-Txl54AaABAg,2026-04-21T17:25:33Z,55
E2_cut,42xQj5Xmkzc,UgxIet4JFUj0Zjz3JG54AaABAg,2026-04-21T17:27:44Z,166
E2_cut,42xQj5Xmkzc,Ugxie-foVGxOdb6BkbV4AaABAg,2026-04-21T16:44:25Z,19
E2_cut,42xQj5Xmkzc,UgySCplwmdrM3ZX6Agt4AaABAg,2026-04-22T01:52:04Z,10
E2_cut,42xQj5Xmkzc,UgxDBxNYtxiRTLusvNx4AaABAg,2026-04-21T17:03:01Z,17
E2_cut,42xQj5Xmkzc,Ugz362gSCAOu3BDkm1p4AaABAg,2026-04-22T00:01:48Z,12
E2_cut,42xQj5Xmkzc,Ugz2P9bt6WqjJyHfrZp4AaABAg,2026-04-21T18:26:43Z,5
E2_cut,42xQj5Xmkzc,UgxI1pKBslVDLI2VABV4AaABAg,2026-04-21T19:28:22Z,2
E2_cut,42xQj5Xmkzc,UgwUH0KrNwd8xMXlC-h4AaABAg,2026-04-21T16:04:46Z,34
E2_cut,42xQj5Xmkzc,UgyiHYvqSRHQ495Mxb94AaABAg,2026-04-21T22:34:16Z,1
E2_cut,42xQj5Xmkzc,Ugy0vEbmDYkWVhP_GXR4AaABAg,2026-04-21T17:46:17Z,17
E2_cut,42xQj5Xmkzc,Ugweh9OZRowVVyuYA_J4AaABAg,2026-04-21T22:24:11Z,6
E2_cut,42xQj5Xmkzc,UgwjbZR25ko-N5rupWB4AaABAg,2026-04-21T21:45:47Z,3
E2_cut,42xQj5Xmkzc,UgwC-nLCnd343tiS4O94AaABAg,2026-04-21T16:33:10Z,46
E2_cut,42xQj5Xmkzc,UgzB2YYUG9Co5sPjs_94AaABAg,2026-04-21T19:31:21Z,0
E2_cut,42xQj5Xmkzc,UgwBVBaEyWNcoNHs2LB4AaABAg,2026-04-21T16:38:18Z,17
E2_cut,42xQj5Xmkzc,UgxsBvv7qS0wRvTEAJV4AaABAg,2026-04-21T21:53:05Z,1
E2_cut,42xQj5Xmkzc,UgyYHX1IKcscAIfnxfl4AaABAg,2026-04-21T19:08:59Z,3
E2_cut,42xQj5Xmkzc,Ugy2lVOFw2ZJFd8nCLB4AaABAg,2026-04-21T22:45:52Z,2
E2_cut,42xQj5Xmkzc,UgwFhYEJzKGaISzwi3Z4AaABAg,2026-04-21T17:53:00Z,0
E2_cut,42xQj5Xmkzc,Ugzn8r6x-DSH_G5myP14AaABAg,2026-04-21T18:22:01Z,1
E2_cut,42xQj5Xmkzc,UgxsJleaBfqrJa--3-l4AaABAg,2026-04-22T17:03:45Z,0
E2_cut,42xQj5Xmkzc,UgzdiIZPeM8JZI-h3dV4AaABAg,2026-04-21T18:01:22Z,0
E2_cut,42xQj5Xmkzc,UgwGTEkTs5Jee06iLKV4AaABAg,2026-04-21T16:24:31Z,7
E2_cut,42xQj5Xmkzc,Ugz0L_L8ydA1P5220494AaABAg,2026-04-21T17:52:56Z,0
E2_cut,42xQj5Xmkzc,Ugzb6Ww74SVKKdeorA14AaABAg,2026-04-21T23:15:51Z,1
E2_cut,42xQj5Xmkzc,UgwSqxevdymNrKdw4ox4AaABAg,2026-04-21T16:59:31Z,0
E2_cut,42xQj5Xmkzc,Ugx86QfI2Of2NWCdlUB4AaABAg,2026-04-21T18:21:39Z,0
E2_cut,42xQj5Xmkzc,UgwzCHmf4OVnN5z_c4d4AaABAg,2026-04-21T22:49:13Z,3
E2_cut,42xQj5Xmkzc,Ugw9_UTzGh8uRymUPjt4AaABAg,2026-04-21T23:15:35Z,3
E2_cut,42xQj5Xmkzc,UgxeuilEZ38pe9_jJxd4AaABAg,2026-04-21T17:11:25Z,0
E2_cut,42xQj5Xmkzc,UgyR3FkScxT7NOelnOR4AaABAg,2026-04-21T18:11:07Z,2
E2_cut,42xQj5Xmkzc,UgxdaxAkf8MuMlhAzMh4AaABAg,2026-04-21T17:04:05Z,0
E2_cut,42xQj5Xmkzc,Ugw5jlJBwgfq-Ri3ucl4AaABAg,2026-04-21T16:39:22Z,42
E2_cut,42xQj5Xmkzc,Ugw3unfN5zQEwFQtajh4AaABAg,2026-04-21T17:54:42Z,0
E2_cut,42xQj5Xmkzc,UgyHIZiK90pBdZ296MN4AaABAg,2026-04-21T17:02:26Z,15
E2_cut,42xQj5Xmkzc,UgyZK9ivxSBVbaBgz354AaABAg,2026-04-21T16:50:10Z,1
E2_cut,42xQj5Xmkzc,UgyKD83UKbQPVmj20ep4AaABAg,2026-04-21T17:31:46Z,0
E2_cut,42xQj5Xmkzc,UgxItIrI0ihRJGbF9Il4AaABAg,2026-04-22T00:03:28Z,1
E2_cut,42xQj5Xmkzc,UgwruR5DudSd8LR2Zvh4AaABAg,2026-04-22T00:24:14Z,0
E2_cut,42xQj5Xmkzc,Ugwgjho62gT6PcnPgpp4AaABAg,2026-04-21T19:03:53Z,6
E2_cut,42xQj5Xmkzc,Ugwp3wpCU3hax_pIx4h4AaABAg,2026-04-21T16:55:31Z,0
E2_cut,42xQj5Xmkzc,UgxIiW699sX2rJymPUx4AaABAg,2026-04-21T20:00:56Z,1
E2_cut,42xQj5Xmkzc,UgxPG5cbv9zfzQjbnit4AaABAg,2026-04-21T18:47:26Z,0
E2_cut,42xQj5Xmkzc,Ugxz_YBnWLIkfuYs_c54AaABAg,2026-04-21T17:25:43Z,1
E2_cut,42xQj5Xmkzc,Ugw_tmuKBFMQNsNL1HB4AaABAg,2026-04-21T18:08:27Z,4
E2_cut,42xQj5Xmkzc,Ugy5o7g3XsoFC_Ywz8p4AaABAg,2026-04-21T18:16:35Z,21
E2_cut,42xQj5Xmkzc,UgznxR3GzB-9MHKEl1J4AaABAg,2026-04-21T22:10:34Z,0
E2_cut,42xQj5Xmkzc,UgxaGjgUO8Cu8lCbdFl4AaABAg,2026-04-21T17:47:14Z,4
E2_cut,42xQj5Xmkzc,Ugyc5Wccf2fhqGcx17t4AaABAg,2026-04-21T20:56:31Z,0
E2_cut,42xQj5Xmkzc,Ugyu2u9s5Af1TPVh5GJ4AaABAg,2026-04-21T17:15:59Z,1
E2_cut,42xQj5Xmkzc,Ugwovp0flgUYiZ6CQwR4AaABAg,2026-04-21T17:44:55Z,0
E2_cut,42xQj5Xmkzc,UgycAYrCSoIfLWY3K214AaABAg,2026-04-21T17:05:39Z,1
E2_cut,42xQj5Xmkzc,Ugx-Ut2jKtARMQDQAz54AaABAg,2026-04-21T16:58:47Z,0
E2_cut,42xQj5Xmkzc,Ugxqi69bMjD-pZudSuV4AaABAg,2026-04-22T13:43:48Z,1
E2_cut,42xQj5Xmkzc,Ugxi-CI7RHe1Cu8L4Yx4AaABAg,2026-04-21T17:55:04Z,0
E2_cut,42xQj5Xmkzc,UgyN87KnKH43E155ybl4AaABAg,2026-04-22T01:02:46Z,1
E2_cut,42xQj5Xmkzc,UgxANEGR3tT790BJOpx4AaABAg,2026-04-21T21:14:14Z,1
E2_cut,42xQj5Xmkzc,UgynmjACeBuGepcjlEV4AaABAg,2026-04-21T16:32:05Z,29
E2_cut,42xQj5Xmkzc,UgzjVuMsgTBu8ddJR8B4AaABAg,2026-04-21T17:39:44Z,0
E2_cut,42xQj5Xmkzc,UgyKnOTePLj6X_QVjJp4AaABAg,2026-04-21T22:08:02Z,1
E2_cut,42xQj5Xmkzc,Ugy1VA_yxguWeGp1tWl4AaABAg,2026-04-21T17:50:01Z,0
E2_cut,42xQj5Xmkzc,Ugz49uK3HG5QtU69wGh4AaABAg,2026-04-21T18:16:32Z,0
E2_cut,42xQj5Xmkzc,UgwR6z7JfhBn4s35vCZ4AaABAg,2026-04-21T17:09:24Z,0
E2_cut,42xQj5Xmkzc,UgzMzWbbL1hTM5rGSVl4AaABAg,2026-04-21T22:18:58Z,1
E2_cut,42xQj5Xmkzc,UgwgQCdCH7jw1cwrr5J4AaABAg,2026-04-23T14:48:55Z,1
E2_cut,42xQj5Xmkzc,UgyOw3Cr8Y9_-ND79CZ4AaABAg,2026-04-21T18:14:56Z,0
E2_cut,42xQj5Xmkzc,UgzN1Le3qaeMlGwOsOt4AaABAg,2026-04-21T22:56:42Z,0
E2_cut,42xQj5Xmkzc,UgzmeQIvJBfi_DgxhkR4AaABAg,2026-04-22T16:13:51Z,1
E2_cut,42xQj5Xmkzc,Ugz9_5ax60huynQnlPJ4AaABAg,2026-04-21T22:46:32Z,1
E2_cut,42xQj5Xmkzc,UgzC2V_0LqGnFKqvUkl4AaABAg,2026-04-21T16:42:49Z,1
E2_cut,42xQj5Xmkzc,Ugwq_05gBezrj0REYhp4AaABAg,2026-04-21T17:31:32Z,4
E2_cut,42xQj5Xmkzc,UgzSjXn-4WY2-zQ21t94AaABAg,2026-04-21T16:43:39Z,0
E2_cut,42xQj5Xmkzc,Ugx39PeFmaiYsuNNeMl4AaABAg,2026-04-21T16:10:07Z,26
E2_cut,42xQj5Xmkzc,Ugx1h8nB-kZdDoR_tbN4AaABAg,2026-04-21T18:49:25Z,1
E2_cut,42xQj5Xmkzc,UgwlmGcuer7DojU3fRZ4AaABAg,2026-04-21T17:09:38Z,1
E2_cut,42xQj5Xmkzc,Ugx2SXQGVBW2ygUHplN4AaABAg,2026-04-21T19:30:21Z,0
E2_cut,42xQj5Xmkzc,UgwyjkRhhJdvbzJ5W1h4AaABAg,2026-04-21T20:57:10Z,0
E2_cut,42xQj5Xmkzc,Ugx47MX3ux1_EgatURR4AaABAg,2026-04-22T05:08:12Z,1
E2_cut,42xQj5Xmkzc,UgyFFJoHV4rnmjgW_Rl4AaABAg,2026-04-21T21:52:05Z,2
E2_cut,42xQj5Xmkzc,Ugws25CccKAEsnC2rfp4AaABAg,2026-04-21T16:52:03Z,0
E2_cut,42xQj5Xmkzc,UgwpviJFQqPjAT5_Ltt4AaABAg,2026-04-21T16:04:42Z,1
E2_cut,42xQj5Xmkzc,UgwFBThtaDarLAqkeRR4AaABAg,2026-04-21T16:36:29Z,0
E2_cut,42xQj5Xmkzc,UgzFgJEZn_b8LYkj-KZ4AaABAg,2026-04-21T17:45:03Z,17
E2_cut,42xQj5Xmkzc,UgxcISRiPov_F132kQ94AaABAg,2026-04-21T20:59:35Z,0
E2_cut,42xQj5Xmkzc,UgyJAwgUs3bD2yRrJ2V4AaABAg,2026-04-21T22:45:50Z,1
E2_cut,42xQj5Xmkzc,UgxazvWWtaZR6m-0GUJ4AaABAg,2026-04-22T17:06:04Z,0
E2_cut,42xQj5Xmkzc,UgwofHcWj3jmQaUD8Zd4AaABAg,2026-04-21T18:34:24Z,0
E2_cut,42xQj5Xmkzc,UgwLRnronnpZAxphNdJ4AaABAg,2026-04-21T19:14:08Z,0
E2_cut,42xQj5Xmkzc,UgxMFuRIleyfgX1PVHN4AaABAg,2026-04-21T16:15:47Z,70
E2_cut,42xQj5Xmkzc,UgwimJ5bo8BCCcQ2QkF4AaABAg,2026-04-21T23:39:27Z,0
E2_cut,42xQj5Xmkzc,UgxqrhSLDEPNBgwMn-14AaABAg,2026-04-21T16:49:53Z,1
E2_cut,42xQj5Xmkzc,UgxT0kXPkRGt-5rag1J4AaABAg,2026-04-21T16:43:26Z,7
E2_cut,42xQj5Xmkzc,UgywcFknHP-3wQ-Gsk54AaABAg,2026-04-21T16:36:34Z,8
E2_cut,42xQj5Xmkzc,UgziOGiCHXud2O95cDl4AaABAg,2026-04-21T17:43:21Z,0
E2_cut,42xQj5Xmkzc,Ugx_288OERyvX9geJ-V4AaABAg,2026-04-22T08:06:38Z,0
E2_cut,42xQj5Xmkzc,UgyVvSMtch4foYXsUPh4AaABAg,2026-04-21T17:20:55Z,5
E2_cut,42xQj5Xmkzc,UgxLFogtNXhw5xMkTRl4AaABAg,2026-04-22T15:05:04Z,0
E2_cut,42xQj5Xmkzc,UgwCm63ObiPc4EojSQl4AaABAg,2026-04-21T16:22:20Z,1
E2_cut,42xQj5Xmkzc,UgyDecNhye6dxKFM7sd4AaABAg,2026-04-24T02:46:10Z,0
E2_cut,42xQj5Xmkzc,UgwlJULb3yLI8MmDbtl4AaABAg,2026-04-21T17:06:43Z,0
E2_cut,42xQj5Xmkzc,UgyH8-x-65GyKJlUCLh4AaABAg,2026-04-21T17:27:04Z,0
E2_cut,42xQj5Xmkzc,UgzMGKmMKfZyPVaGv594AaABAg,2026-04-21T16:45:14Z,5
E2_cut,42xQj5Xmkzc,UgzNtZb0sayoIiHvzzF4AaABAg,2026-04-21T16:45:39Z,0
E2_cut,42xQj5Xmkzc,UgyP-Bj-DHYnfvSCc254AaABAg,2026-04-21T21:35:36Z,0
E2_cut,42xQj5Xmkzc,UgyiEyoayjZum4ZIgcx4AaABAg,2026-04-21T16:52:07Z,0
E2_cut,42xQj5Xmkzc,Ugwoi3h_G7Bh5cCFp1J4AaABAg,2026-04-23T12:03:48Z,1
E2_cut,42xQj5Xmkzc,UgyJdlb6bUdZSicdVkN4AaABAg,2026-04-21T19:54:08Z,0
E2_cut,42xQj5Xmkzc,Ugwo_TBt6HycODB5RNh4AaABAg,2026-04-22T03:06:19Z,0
E2_cut,42xQj5Xmkzc,Ugz6GnKA6kdpwMU1HDx4AaABAg,2026-04-21T19:56:54Z,0
E2_cut,42xQj5Xmkzc,UgzF_VEaxkTXrFzVfbp4AaABAg,2026-04-21T18:57:23Z,0
E2_cut,42xQj5Xmkzc,UgxU-SoyeygZCsMZ9l94AaABAg,2026-04-21T17:16:47Z,0
E2_cut,42xQj5Xmkzc,Ugy7EW7e4nWV3oafT254AaABAg,2026-04-21T16:08:56Z,4
E2_cut,42xQj5Xmkzc,Ugz5jYjyM0Z850QeI9l4AaABAg,2026-04-21T16:57:39Z,0
E2_cut,42xQj5Xmkzc,UgzgOyuJNqLlK9uR8494AaABAg,2026-04-21T18:42:40Z,8
E2_cut,42xQj5Xmkzc,UgzfN56aaxCVKdr2yoV4AaABAg,2026-04-22T16:06:19Z,0
E2_cut,42xQj5Xmkzc,UgxlQuWg-HjXZyR4MwJ4AaABAg,2026-04-21T18:29:02Z,0
E2_cut,42xQj5Xmkzc,UgxdjXmzN0lCMTCYN-B4AaABAg,2026-04-21T18:32:37Z,0
E2_cut,42xQj5Xmkzc,UgygysX99ZeEBs62NDl4AaABAg,2026-04-21T18:57:59Z,0
E2_cut,42xQj5Xmkzc,UgxM7Xuhrj5i1L-EFj54AaABAg,2026-04-21T17:33:05Z,0
E2_cut,42xQj5Xmkzc,UgwT5rhdQqNtyGux6MZ4AaABAg,2026-04-23T10:57:10Z,2
E2_cut,42xQj5Xmkzc,UgzkqWeHL0xQmD_tPyZ4AaABAg,2026-04-21T17:05:55Z,0
E2_cut,42xQj5Xmkzc,Ugw2D0__zc95tQQWXcB4AaABAg,2026-04-21T17:49:55Z,0
E2_cut,42xQj5Xmkzc,UgzmjVitWdJDCKbkhMp4AaABAg,2026-04-21T16:02:26Z,2
E2_cut,42xQj5Xmkzc,UgyIsEVYqsxa7OLPhgl4AaABAg,2026-04-21T17:00:25Z,26
E2_cut,42xQj5Xmkzc,UgwYZ-QmFax-imqMUkt4AaABAg,2026-04-21T23:14:32Z,0
E2_cut,42xQj5Xmkzc,Ugwe0QoQP70IMnjXwDl4AaABAg,2026-04-21T18:05:55Z,0
E2_cut,42xQj5Xmkzc,UgwQdgOnbE_RjHnZuQx4AaABAg,2026-04-21T19:18:00Z,0
E2_cut,42xQj5Xmkzc,UgzP24O85r-0TkcVILB4AaABAg,2026-04-21T21:31:19Z,0
E2_cut,42xQj5Xmkzc,Ugz4WAoDZUgYAUJcZvh4AaABAg,2026-04-21T23:51:53Z,1
E2_cut,42xQj5Xmkzc,Ugyf6X9MMtcgV4ACF5p4AaABAg,2026-04-21T23:58:15Z,0
E2_cut,42xQj5Xmkzc,UgxhPoMZlz4YXqqeCiZ4AaABAg,2026-04-21T17:07:06Z,5
E2_cut,42xQj5Xmkzc,UgzHt2cphjDIDlLZC0p4AaABAg,2026-04-21T21:24:28Z,0
E2_cut,42xQj5Xmkzc,UgyEJWLwCCbVWkLz9Lt4AaABAg,2026-04-21T16:59:51Z,17
E2_cut,42xQj5Xmkzc,UgzNQmJixuMJRePYRM14AaABAg,2026-04-21T16:43:53Z,0
E2_cut,42xQj5Xmkzc,Ugzy6WFfdvkFu7mkjFt4AaABAg,2026-04-21T21:31:09Z,0
E2_cut,42xQj5Xmkzc,Ugzb6vTcclCp78juQcF4AaABAg,2026-04-23T02:07:35Z,0
E2_cut,42xQj5Xmkzc,Ugy_a8T3DgfGEr1uXth4AaABAg,2026-04-22T03:46:20Z,0
E2_cut,42xQj5Xmkzc,Ugy9Ztfxa-tnt7zMhZ54AaABAg,2026-04-23T20:32:17Z,1
E2_cut,42xQj5Xmkzc,UgxFcwonyj6QtTIQpHt4AaABAg,2026-04-21T18:23:44Z,0
E2_cut,42xQj5Xmkzc,UgyW0oOEkdAlRy2d2mF4AaABAg,2026-04-21T18:41:23Z,0
E2_cut,42xQj5Xmkzc,UgztRZ1R3jjyaz_Dlmx4AaABAg,2026-04-22T20:02:31Z,0
E2_cut,42xQj5Xmkzc,Ugxr4B9PcG5BPs6TCyN4AaABAg,2026-04-21T17:38:01Z,0
E2_cut,42xQj5Xmkzc,Ugyf3GlD_c59l4-Mj-t4AaABAg,2026-04-22T03:30:44Z,1
E2_cut,42xQj5Xmkzc,UgxmWSNty3TG8JydM254AaABAg,2026-04-21T19:16:56Z,0
E2_cut,42xQj5Xmkzc,UgzRbRnYtBWrQYPJB4B4AaABAg,2026-04-21T22:11:51Z,0
E2_cut,42xQj5Xmkzc,Ugz_W_Q_vHWyYnG1DGV4AaABAg,2026-04-21T16:22:09Z,1
E2_cut,42xQj5Xmkzc,UgwinfnPQBqKZT-jMjZ4AaABAg,2026-04-21T20:40:03Z,0
E2_cut,42xQj5Xmkzc,UgzbeJFFhlcidk9y12V4AaABAg,2026-04-21T20:25:25Z,0
E2_cut,42xQj5Xmkzc,UgzQIW2fOTzPj4BlDlx4AaABAg,2026-04-21T17:20:57Z,0
E2_cut,42xQj5Xmkzc,UgzbdBUx4L0p0ZIPc3d4AaABAg,2026-04-21T23:03:57Z,0
E2_cut,42xQj5Xmkzc,Ugw67g4Tq80eU0UTMNJ4AaABAg,2026-04-21T17:27:32Z,0
E2_cut,42xQj5Xmkzc,UgxiufLGfNJyZ7yw-M54AaABAg,2026-04-21T18:24:34Z,0
E2_cut,42xQj5Xmkzc,UgyK5FFZ10gDuolrhNN4AaABAg,2026-04-21T18:41:41Z,1
E2_cut,42xQj5Xmkzc,Ugx5zk77ubs2-Caaqsp4AaABAg,2026-04-21T16:33:11Z,0
E2_cut,42xQj5Xmkzc,UgzvNUJKxuAaBqbB53Z4AaABAg,2026-04-21T18:15:34Z,0
E2_cut,42xQj5Xmkzc,UgyvS3QsYA4gjCP2j9h4AaABAg,2026-04-22T05:29:10Z,0
E2_cut,42xQj5Xmkzc,UgywAmdFZYg7JgJviON4AaABAg,2026-04-22T05:12:55Z,0
E2_cut,42xQj5Xmkzc,Ugw--7nxBaQX0CrTkM54AaABAg,2026-04-21T18:39:59Z,0
E2_cut,42xQj5Xmkzc,UgzthBBlrT-6EOkRURp4AaABAg,2026-04-21T17:18:15Z,0
E2_cut,42xQj5Xmkzc,UgyT7KsYoJq8xdKoNkF4AaABAg,2026-04-21T21:03:56Z,1
E2_cut,42xQj5Xmkzc,UgwVIkcyssoequFxnbJ4AaABAg,2026-04-21T20:58:40Z,0
E2_cut,42xQj5Xmkzc,Ugx7dVvh2QBPPGE2x1B4AaABAg,2026-04-21T18:56:22Z,1
E2_cut,42xQj5Xmkzc,UgxwPFQXfujARJ4CylF4AaABAg,2026-04-21T19:17:29Z,0
E2_cut,42xQj5Xmkzc,UgzZetZRvnolPxj2WZl4AaABAg,2026-04-21T16:20:44Z,45
E2_cut,42xQj5Xmkzc,UgwJzkc1rjkJBUvcBnN4AaABAg,2026-04-21T20:21:21Z,0
E2_cut,42xQj5Xmkzc,UgySrgCSTMkJe4ssq094AaABAg,2026-04-22T11:00:49Z,0
E2_cut,42xQj5Xmkzc,Ugwq4SzUpCgunUAfZ3Z4AaABAg,2026-04-21T21:22:49Z,0
E2_cut,42xQj5Xmkzc,UgzIfjZHGQBfOuIFBuB4AaABAg,2026-04-21T17:00:43Z,0
E2_cut,42xQj5Xmkzc,UgwFwyTPBYBbAW39N1d4AaABAg,2026-04-21T17:23:17Z,0
E2_cut,42xQj5Xmkzc,Ugzh3jHCD_oAOLh8Tph4AaABAg,2026-04-21T19:45:38Z,0
E2_cut,42xQj5Xmkzc,Ugz5zGFthl47WsnxLKB4AaABAg,2026-04-22T06:47:42Z,0
E2_cut,42xQj5Xmkzc,Ugx5Zhr88Kj5PMmkYyF4AaABAg,2026-04-21T16:50:53Z,0
E2_cut,42xQj5Xmkzc,UgzkG-mKnU4HdmZuap94AaABAg,2026-04-21T21:19:21Z,0
E2_cut,42xQj5Xmkzc,Ugzg7Z54zEb7DPeor554AaABAg,2026-04-21T20:14:18Z,0
E2_cut,42xQj5Xmkzc,Ugy9Q9SRTC4vKhb7rFd4AaABAg,2026-04-21T16:31:23Z,0
E2_cut,42xQj5Xmkzc,Ugwq7QG7VHfRqUqCRht4AaABAg,2026-04-21T18:25:10Z,0
E2_cut,42xQj5Xmkzc,UgxlzBq26SsBqybI6Ep4AaABAg,2026-04-21T22:08:52Z,0
E2_cut,42xQj5Xmkzc,UgyJhMj0-r2RvnouNc54AaABAg,2026-04-21T22:30:10Z,0
E2_cut,42xQj5Xmkzc,Ugz-4Ri75p-Tit8afP14AaABAg,2026-04-21T22:51:21Z,0
E2_cut,42xQj5Xmkzc,Ugw8mdeOjKVUdlVCjER4AaABAg,2026-04-22T10:05:21Z,0
E2_cut,42xQj5Xmkzc,Ugy4tg5jBpy2TYVRwlB4AaABAg,2026-04-21T16:24:13Z,11
E2_cut,42xQj5Xmkzc,UgwdxevXHeYF4-Mk3qR4AaABAg,2026-04-21T16:19:39Z,0
E2_cut,42xQj5Xmkzc,UgyTxD5OU7BdPqfUQc94AaABAg,2026-04-21T20:30:25Z,0
E2_cut,42xQj5Xmkzc,UgxEmAm2hcLcqviR4OB4AaABAg,2026-04-24T12:51:09Z,0
E2_cut,42xQj5Xmkzc,UgxJTJEZR0gB1OjI5094AaABAg,2026-04-21T17:09:57Z,0
E2_cut,42xQj5Xmkzc,UgzC-7EOlziyGmnuNux4AaABAg,2026-04-22T02:56:42Z,1
E2_cut,42xQj5Xmkzc,UgybWdG9f_2bu4kCeb14AaABAg,2026-04-22T04:47:49Z,0
E2_cut,42xQj5Xmkzc,UgxSA5OOGEIvA8xlZCZ4AaABAg,2026-04-21T20:30:15Z,1
E2_cut,42xQj5Xmkzc,UgyY7vUVaW-B2dnELe14AaABAg,2026-04-21T19:09:26Z,0
E2_cut,42xQj5Xmkzc,UgzBAoZZ3lgA66K_cmx4AaABAg,2026-04-21T17:55:04Z,0
E2_cut,42xQj5Xmkzc,UgycW1sOKQe57tnSHhR4AaABAg,2026-04-22T13:05:17Z,0
E2_cut,42xQj5Xmkzc,UgxD_aElw5QE9z9ae7h4AaABAg,2026-04-22T00:30:27Z,0
E2_cut,42xQj5Xmkzc,Ugwlei8jtOGKQutekO14AaABAg,2026-04-21T17:23:10Z,0
E2_cut,42xQj5Xmkzc,UgxCrSrU6FtN9V05mSd4AaABAg,2026-04-21T18:35:58Z,0
E2_cut,42xQj5Xmkzc,UgyvagAgdDYLp4pi9DB4AaABAg,2026-04-21T20:43:16Z,0
E2_cut,42xQj5Xmkzc,UgxmsyR0X2rFuWcUWAF4AaABAg,2026-04-21T20:46:49Z,0
E2_cut,42xQj5Xmkzc,UgyvlwF7GuxkT_rqRDp4AaABAg,2026-04-21T19:48:48Z,0
E2_cut,42xQj5Xmkzc,UgybarVM0Qgio6lc69R4AaABAg,2026-04-22T18:02:33Z,0
E2_cut,42xQj5Xmkzc,UgxTD48lgEbIrQQwQ694AaABAg,2026-04-23T02:03:05Z,0
E2_cut,42xQj5Xmkzc,UgwO715DJMAvhHZr1hd4AaABAg,2026-04-21T19:03:50Z,0
E2_cut,42xQj5Xmkzc,Ugw625x2NZGp42adnpN4AaABAg,2026-04-21T17:17:34Z,0
E2_cut,42xQj5Xmkzc,UgxGTTjOYfaBZxfgvoZ4AaABAg,2026-04-22T00:54:26Z,0
E2_cut,42xQj5Xmkzc,Ugy8lDi1pNuBIV2YsdZ4AaABAg,2026-04-22T11:45:16Z,3
E2_cut,42xQj5Xmkzc,Ugw18XSfUXGOFdpObPh4AaABAg,2026-07-04T04:40:38Z,0
E2_cut,42xQj5Xmkzc,UgxkIz4UoLDi87ks5bx4AaABAg,2026-04-21T23:37:10Z,0
E2_cut,42xQj5Xmkzc,UgzPJm2RB8dsXmFcNSF4AaABAg,2026-04-21T19:30:53Z,0
E2_cut,42xQj5Xmkzc,Ugy1wuY6BgpBLkZGlL54AaABAg,2026-04-22T10:24:01Z,0
E2_cut,42xQj5Xmkzc,UgyaUn-DPeAEzF57l_x4AaABAg,2026-04-21T16:25:11Z,25
E2_cut,42xQj5Xmkzc,UgyQ2fdMxvKZChtWtEB4AaABAg,2026-04-21T18:42:38Z,0
E2_cut,42xQj5Xmkzc,Ugyy4WQ0JP36JQNT4eF4AaABAg,2026-04-21T16:29:24Z,2
E2_cut,42xQj5Xmkzc,UgzXW3VHOxarJb6uD0l4AaABAg,2026-04-21T18:02:33Z,0
E2_cut,42xQj5Xmkzc,UgzgcMJuarVOjhF4oVd4AaABAg,2026-04-21T17:17:40Z,0
E2_cut,42xQj5Xmkzc,Ugx2o76XTtY3XLxrI-l4AaABAg,2026-04-21T20:28:00Z,0
E2_cut,42xQj5Xmkzc,Ugxf17nQdL-6YGmYDgh4AaABAg,2026-04-21T19:26:03Z,0
E2_cut,42xQj5Xmkzc,UgwHoIEO35APK6s2_ox4AaABAg,2026-04-21T16:52:41Z,0
E2_cut,42xQj5Xmkzc,UgwBRKOaokIZ4nnDnP14AaABAg,2026-04-21T16:38:06Z,0
E2_cut,42xQj5Xmkzc,Ugzn0mB8EcC7BZ_vrBJ4AaABAg,2026-04-21T16:38:16Z,4
E2_cut,42xQj5Xmkzc,Ugx-t6RL4HAkNQrX5Z94AaABAg,2026-04-21T18:12:55Z,0
E2_cut,42xQj5Xmkzc,UgyJrC0l5PZhQA7GZMB4AaABAg,2026-04-21T16:37:07Z,5
E2_cut,42xQj5Xmkzc,UgzouP80w8OSqFlq8WZ4AaABAg,2026-04-21T18:56:58Z,0
E2_cut,42xQj5Xmkzc,UgyvIsOVqjSrMp_J7_N4AaABAg,2026-04-21T19:26:16Z,0
E2_cut,42xQj5Xmkzc,UgwghWPcKr3_l8FI-gN4AaABAg,2026-04-21T16:59:15Z,0
E2_cut,42xQj5Xmkzc,UgzypOfM6y1jJLNA-mZ4AaABAg,2026-04-21T20:52:09Z,0
E2_cut,42xQj5Xmkzc,Ugz19jQbwb5ujsD_N714AaABAg,2026-04-21T20:38:12Z,1
E2_cut,42xQj5Xmkzc,UgwdNzjyIwljjU4mRYN4AaABAg,2026-04-21T18:28:23Z,0
E2_cut,42xQj5Xmkzc,UgxugDdt5LCtO1fd2MJ4AaABAg,2026-04-21T17:32:40Z,0
E2_cut,42xQj5Xmkzc,UgzJLse4kikGcGMgqJ54AaABAg,2026-04-21T22:16:53Z,0
E2_cut,42xQj5Xmkzc,UgwNeC_-5Gl5xI6X8WB4AaABAg,2026-04-21T17:14:25Z,0
E2_cut,42xQj5Xmkzc,UgxaKDBe3gxF3TRgo-14AaABAg,2026-04-21T18:03:29Z,2
E2_cut,42xQj5Xmkzc,UgyFSU7Vtk_Ete2vKHB4AaABAg,2026-04-21T20:36:30Z,0
E2_cut,42xQj5Xmkzc,UgxcCgTEHVteU-HH0SJ4AaABAg,2026-04-21T18:01:26Z,0
E2_cut,42xQj5Xmkzc,UgwsuJQYPsbRO3xjDwN4AaABAg,2026-04-21T17:54:47Z,0
E2_cut,42xQj5Xmkzc,UgwQBkl826u7GGd5vj14AaABAg,2026-04-22T16:05:20Z,0
E2_cut,42xQj5Xmkzc,UgxKvqACKNN4vCPMruV4AaABAg,2026-04-21T20:18:42Z,0
E2_cut,42xQj5Xmkzc,Ugy84J4O_B5HZlTO2bl4AaABAg,2026-04-22T21:29:28Z,0
E2_cut,42xQj5Xmkzc,Ugwpkp5RubdqRejSpi54AaABAg,2026-04-22T07:38:36Z,0
E2_cut,42xQj5Xmkzc,Ugx9mMkZWCf4c7JOpkR4AaABAg,2026-04-21T18:23:36Z,0
E2_cut,42xQj5Xmkzc,Ugyhoogr6rYTgWYJ-Uh4AaABAg,2026-04-21T17:23:20Z,2
E2_cut,42xQj5Xmkzc,UgzuKyXvU8ROLQ0eQRx4AaABAg,2026-04-22T23:16:13Z,0
E2_cut,42xQj5Xmkzc,UgwMtRZJCMlD6kJDXsh4AaABAg,2026-04-22T14:10:40Z,0
E2_cut,42xQj5Xmkzc,UgzXHvNM-6gpRn1cpod4AaABAg,2026-04-21T17:28:17Z,0
E2_cut,42xQj5Xmkzc,UgwQDoWoKGSoOsAcq394AaABAg,2026-04-21T18:43:01Z,0
E2_cut,42xQj5Xmkzc,UgwXekvzNG0cAjQchjZ4AaABAg,2026-04-21T18:35:04Z,0
E2_cut,42xQj5Xmkzc,UgyQsLHOeiZGoxjYb3h4AaABAg,2026-04-21T20:31:59Z,0
E2_cut,42xQj5Xmkzc,UgzKV0Meb6QTOwHleZh4AaABAg,2026-04-21T22:50:20Z,0
E2_cut,42xQj5Xmkzc,UgzvK3QU5zoFYK5GODR4AaABAg,2026-04-22T20:24:53Z,0
E2_cut,42xQj5Xmkzc,UgzfZk3Ag3MtsmmOQOd4AaABAg,2026-04-22T12:30:35Z,0
E2_cut,42xQj5Xmkzc,Ugz8yXh3ih3n5kYvrO94AaABAg,2026-04-21T17:56:54Z,0
E2_cut,42xQj5Xmkzc,UgyeIDWpo6cwH-8vp-54AaABAg,2026-04-21T18:01:44Z,0
E2_cut,42xQj5Xmkzc,UgzxCtG8VsbilnAHXvF4AaABAg,2026-04-22T16:11:44Z,0
E2_cut,42xQj5Xmkzc,UgxTBIaA_8Ui_pFMis14AaABAg,2026-04-21T23:10:01Z,0
E2_cut,42xQj5Xmkzc,UgwGHY6WG6cCVtjBQRJ4AaABAg,2026-04-21T17:40:51Z,1
E2_cut,42xQj5Xmkzc,UgxuKcwF4eV_OSV_Rp14AaABAg,2026-04-23T11:22:49Z,0
E2_cut,42xQj5Xmkzc,UgzaQTOq3IA1-tQGMfx4AaABAg,2026-04-26T04:44:49Z,0
E2_cut,42xQj5Xmkzc,Ugx3VUAv0pFaCn_eE3t4AaABAg,2026-04-21T20:02:10Z,0
E2_cut,42xQj5Xmkzc,Ugxx4tgYfV3ED4BczT54AaABAg,2026-04-24T13:54:26Z,0
E2_cut,42xQj5Xmkzc,Ugzlq80SKcLDDDMXMqB4AaABAg,2026-04-21T16:01:50Z,5
E2_cut,42xQj5Xmkzc,Ugw_57VXUy0wLzlSvAZ4AaABAg,2026-04-21T20:10:32Z,0
E2_cut,42xQj5Xmkzc,UgxIbzL7aVMOsrMcuvd4AaABAg,2026-04-23T02:31:47Z,0
E2_cut,42xQj5Xmkzc,UgxDBEhelfl_D9RupSt4AaABAg,2026-04-21T19:54:38Z,0
E2_cut,42xQj5Xmkzc,UgzSWk6tnttCo6aSWaN4AaABAg,2026-04-22T20:35:35Z,0
E2_cut,42xQj5Xmkzc,UgxBiBU3rJC8TErpN4N4AaABAg,2026-04-21T20:11:21Z,0
E2_cut,42xQj5Xmkzc,UgzmlINDKJavuotBPTN4AaABAg,2026-04-21T16:43:18Z,4
E2_cut,42xQj5Xmkzc,UgyKmqDhhYGfL9nnxIh4AaABAg,2026-04-21T23:23:10Z,1
E2_cut,42xQj5Xmkzc,Ugx8o8uk4fd6ZN5t_CZ4AaABAg,2026-04-21T20:01:42Z,0
E2_cut,42xQj5Xmkzc,UgwdtNfctCDgNqdRyhV4AaABAg,2026-04-23T02:19:22Z,0
E2_cut,42xQj5Xmkzc,UgwrDuw58iajXRDues94AaABAg,2026-04-21T17:31:45Z,0
E2_cut,42xQj5Xmkzc,Ugx62AEXl2kXSMHDMCx4AaABAg,2026-04-21T20:06:28Z,0
E2_cut,42xQj5Xmkzc,Ugyh46VpyMA519X4TZB4AaABAg,2026-04-21T18:53:25Z,0
E2_cut,42xQj5Xmkzc,UgzVLN3Bu4S04Me6TJp4AaABAg,2026-04-21T17:15:03Z,3
E2_cut,42xQj5Xmkzc,UgzP403BjbzTe_YDR454AaABAg,2026-04-21T17:16:10Z,0
E2_cut,42xQj5Xmkzc,UgxLFFM6Z28H6hrEKcB4AaABAg,2026-04-21T19:57:55Z,0
E2_cut,42xQj5Xmkzc,UgzGS_wEaa987C9i2p94AaABAg,2026-04-21T20:08:38Z,0
E2_cut,42xQj5Xmkzc,UgzecE5fLkg6hpdqAAh4AaABAg,2026-04-24T12:35:24Z,0
E2_cut,42xQj5Xmkzc,UgxZLDkoSmxcfD5aI2d4AaABAg,2026-04-21T19:05:14Z,0
E2_cut,42xQj5Xmkzc,UgxwBauLDjV7JlOBs3l4AaABAg,2026-04-21T16:58:27Z,0
E2_cut,42xQj5Xmkzc,UgzsRv5YU9ev-EKo6kp4AaABAg,2026-04-21T21:20:08Z,0
E2_cut,42xQj5Xmkzc,UgwF_3ActXpoWsrBkNJ4AaABAg,2026-04-21T20:31:33Z,0
E2_cut,42xQj5Xmkzc,UgxdHw0S5LBI0o3F_3t4AaABAg,2026-04-23T00:25:17Z,0
E2_cut,42xQj5Xmkzc,UgzyZZcRluAFB6aD5XF4AaABAg,2026-04-21T17:47:15Z,0
E2_cut,42xQj5Xmkzc,UgxoSR34rkpfsNuiusN4AaABAg,2026-04-21T17:08:31Z,0
E2_cut,42xQj5Xmkzc,UgwhH6EaAi9y65WC2Kt4AaABAg,2026-04-21T20:32:15Z,0
E2_cut,42xQj5Xmkzc,Ugy9Fuh-h79D2NyTWaJ4AaABAg,2026-04-22T00:32:17Z,0
E2_cut,42xQj5Xmkzc,UgxLY6RUaOgQ7BS07Bd4AaABAg,2026-04-21T18:30:08Z,0
E2_cut,42xQj5Xmkzc,UgwlWEv1I7JctlbFs7J4AaABAg,2026-04-21T18:39:18Z,0
E2_cut,42xQj5Xmkzc,UgxL8ePIfY9B2QUuyFx4AaABAg,2026-04-21T17:19:05Z,0
E2_cut,42xQj5Xmkzc,Ugx8NQdLH2AkJfWakJd4AaABAg,2026-04-21T22:47:50Z,1
E2_cut,42xQj5Xmkzc,UgyIaxbHspDgel8eL5h4AaABAg,2026-04-21T22:02:49Z,0
E2_cut,42xQj5Xmkzc,Ugzj9BGEHKZLO_EW0aJ4AaABAg,2026-04-22T13:21:15Z,0
E2_cut,42xQj5Xmkzc,UgzFgMV5EezQKgmOzPZ4AaABAg,2026-04-21T19:44:34Z,0
E2_cut,42xQj5Xmkzc,UgxKPtwsxYt4XNIoJ8F4AaABAg,2026-04-21T20:40:27Z,0
E2_cut,42xQj5Xmkzc,Ugyyd4PNpdBx7tzvCqN4AaABAg,2026-04-22T18:39:05Z,0
E2_cut,42xQj5Xmkzc,UgzzmY4as6qbpk2Lv0R4AaABAg,2026-04-22T18:00:56Z,0
E2_cut,42xQj5Xmkzc,Ugya_qOYbSBjC85f7894AaABAg,2026-04-21T18:43:22Z,0
E2_cut,42xQj5Xmkzc,UgwQr74PXnywCIUPiCx4AaABAg,2026-04-21T19:28:55Z,0
E2_cut,42xQj5Xmkzc,UgyZWceeVtzBop-3pXx4AaABAg,2026-04-21T16:50:26Z,2
E2_cut,42xQj5Xmkzc,UgzD3N1hmyLL7J1VFTl4AaABAg,2026-04-22T15:04:35Z,0
E2_cut,42xQj5Xmkzc,Ugwgd64V4VOH67xsT-V4AaABAg,2026-04-21T18:41:50Z,0
E2_cut,42xQj5Xmkzc,Ugym6LLmZO3qC6HUHZx4AaABAg,2026-04-21T21:59:10Z,0
E2_cut,42xQj5Xmkzc,UgxFSTioGBUbuJhiXpZ4AaABAg,2026-04-21T19:26:01Z,2
E2_cut,42xQj5Xmkzc,Ugxu9zEOBF3jdHo3WK94AaABAg,2026-04-23T15:03:28Z,0
E2_cut,42xQj5Xmkzc,UgyWvi_XpKPy09Glwxd4AaABAg,2026-04-21T20:01:51Z,0
E2_cut,42xQj5Xmkzc,UgwHK28H5ddpRLdbaZJ4AaABAg,2026-04-21T16:50:46Z,0
E2_cut,42xQj5Xmkzc,Ugxe0xmZEObAUq2_FvB4AaABAg,2026-04-22T20:55:05Z,0
E2_cut,42xQj5Xmkzc,UgxePiCJSvsq_RG8YwZ4AaABAg,2026-04-21T22:43:52Z,0
E2_cut,42xQj5Xmkzc,Ugzgc4ZDRWkgrK8urJV4AaABAg,2026-04-21T17:09:33Z,0
E2_cut,42xQj5Xmkzc,Ugy37yh8HWMsxr7SRi14AaABAg,2026-04-21T22:28:35Z,1
E2_cut,42xQj5Xmkzc,UgzFKXrXSudqKFLbZuZ4AaABAg,2026-04-22T20:21:33Z,1
E2_cut,42xQj5Xmkzc,UgxC41V4ISduLY65RUd4AaABAg,2026-04-21T20:43:52Z,0
E2_cut,42xQj5Xmkzc,Ugy5FVIoOQiCFGkJ6KR4AaABAg,2026-04-21T23:33:26Z,0
E2_cut,42xQj5Xmkzc,Ugzuq13EOZVGYJfZzRV4AaABAg,2026-04-21T17:07:09Z,0
E2_cut,42xQj5Xmkzc,UgzXv5o5YWEfgRw86jd4AaABAg,2026-04-21T18:10:31Z,0
E2_cut,42xQj5Xmkzc,UgwcojrBxjNmPBI5n094AaABAg,2026-04-22T01:36:56Z,0
E2_cut,42xQj5Xmkzc,UgwJR3_W2RoCAIkIZCJ4AaABAg,2026-04-21T17:38:45Z,0
E2_cut,42xQj5Xmkzc,UgzQryy4QdGZ63_97Zl4AaABAg,2026-04-25T13:13:32Z,0
E2_cut,42xQj5Xmkzc,UgyjyEhTugBsFr6XZP14AaABAg,2026-04-21T16:51:18Z,0
E2_cut,42xQj5Xmkzc,UgxXU6sE3N317Ww6rfN4AaABAg,2026-04-21T16:30:24Z,0
E2_cut,42xQj5Xmkzc,UgzL1TjSB4LLsXfuddt4AaABAg,2026-04-21T21:07:58Z,0
E2_cut,42xQj5Xmkzc,Ugys1KUo03-DJvq5sEZ4AaABAg,2026-04-21T16:51:08Z,0
E2_cut,42xQj5Xmkzc,Ugwk4lRT8kkyy-zZ8VV4AaABAg,2026-04-22T12:10:35Z,1
E2_cut,42xQj5Xmkzc,UgyopCiorh62fv_QtYJ4AaABAg,2026-04-22T10:09:15Z,0
E2_cut,42xQj5Xmkzc,UgzXcVql_Gt5h9S9GfJ4AaABAg,2026-04-21T16:27:19Z,0
E2_cut,42xQj5Xmkzc,Ugzumrs83L8e30Kz30Z4AaABAg,2026-04-21T16:58:50Z,0
E2_cut,42xQj5Xmkzc,Ugxzhs1jcIpZJWhGk4V4AaABAg,2026-04-21T21:44:18Z,0
E2_cut,42xQj5Xmkzc,UgyrSEaJbJKK1JR49xp4AaABAg,2026-04-21T19:53:15Z,0
E2_cut,42xQj5Xmkzc,UgyO0AB9hv3kX9uiqgt4AaABAg,2026-04-22T00:14:52Z,0
E2_cut,42xQj5Xmkzc,Ugzwmvum5BGqaFD1aQZ4AaABAg,2026-04-22T19:22:45Z,0
E2_cut,42xQj5Xmkzc,UgzFNsSo92WiF7V3SMJ4AaABAg,2026-04-21T23:41:42Z,0
E2_cut,42xQj5Xmkzc,UgxnMr_Rqz5fk24VhdN4AaABAg,2026-04-21T23:46:46Z,0
E2_cut,42xQj5Xmkzc,Ugz_tdngtUPffyiMGpx4AaABAg,2026-04-21T17:38:13Z,1
E2_cut,42xQj5Xmkzc,UgwHU31YJoDeVnURrc14AaABAg,2026-04-21T19:06:15Z,0
E2_cut,42xQj5Xmkzc,UgxofsXWUG4LQOi2imZ4AaABAg,2026-04-21T18:37:41Z,0
E2_cut,42xQj5Xmkzc,Ugw19j0enGMTdNj3wBx4AaABAg,2026-04-21T16:05:49Z,3
E2_cut,42xQj5Xmkzc,UgwFrVEvZzwrXPHLVcp4AaABAg,2026-04-21T17:35:04Z,0
E2_cut,42xQj5Xmkzc,UgzysEORiwbOdSa7_Gh4AaABAg,2026-04-21T17:45:25Z,0
E2_cut,42xQj5Xmkzc,UgwZMnPzQOSZye8g2KB4AaABAg,2026-04-21T18:20:56Z,0
E2_cut,42xQj5Xmkzc,UgwVQK8rRBKmMgXjb5d4AaABAg,2026-04-22T20:14:57Z,0
E2_cut,42xQj5Xmkzc,UgzNeWdd4iUrbslWyVF4AaABAg,2026-04-23T12:55:35Z,0
E2_cut,42xQj5Xmkzc,UgzURgI6iWUoKxcBHZt4AaABAg,2026-04-21T20:51:05Z,0
E2_cut,42xQj5Xmkzc,UgwR6F0a7eIyRHM4M2d4AaABAg,2026-04-22T00:01:31Z,0
E2_cut,42xQj5Xmkzc,UgzPsnF4F1kw1JC8DN14AaABAg,2026-04-21T17:12:08Z,0
E2_cut,42xQj5Xmkzc,UgwKx6uuVCMQUEY7QZJ4AaABAg,2026-04-22T18:01:45Z,0
E2_cut,42xQj5Xmkzc,UgyeeBa9VZ-nn5BnCih4AaABAg,2026-04-21T20:47:03Z,0
E2_cut,42xQj5Xmkzc,UgwCuJbtP_F6LPNR-JF4AaABAg,2026-04-21T18:58:36Z,0
E2_cut,42xQj5Xmkzc,UgzIfbrvK9zJdRAaMHB4AaABAg,2026-04-21T17:12:06Z,0
E2_cut,42xQj5Xmkzc,UgwAhYtKhyMNB3wM-Tx4AaABAg,2026-04-22T20:19:13Z,1
E2_cut,42xQj5Xmkzc,UgwZ0tuR_h9fpJMB2md4AaABAg,2026-04-26T18:07:16Z,1
E2_cut,42xQj5Xmkzc,UgzakROFXg7ns5OpaIB4AaABAg,2026-04-23T09:19:25Z,0
E2_cut,42xQj5Xmkzc,UgwxM_0e-_bCg_VNdkR4AaABAg,2026-04-21T18:32:01Z,0
E2_cut,42xQj5Xmkzc,UgxvJQKBVh48TYqXFal4AaABAg,2026-05-27T22:52:51Z,0
E2_cut,42xQj5Xmkzc,UgzmegHi2lGjvPM2k2V4AaABAg,2026-04-21T21:40:16Z,0
E2_cut,42xQj5Xmkzc,UgwhdMqG2wgMJKLH4qx4AaABAg,2026-04-22T01:18:49Z,1
E2_cut,42xQj5Xmkzc,UgyPas8PNJH4WJ3kwJJ4AaABAg,2026-04-21T17:09:03Z,0
E2_cut,42xQj5Xmkzc,UgxpJ29ZULuVf6TXttR4AaABAg,2026-04-21T20:20:21Z,0
E2_cut,42xQj5Xmkzc,Ugy3xXZRM65dmlFPQEN4AaABAg,2026-04-21T20:11:57Z,0
E2_cut,42xQj5Xmkzc,Ugyuhqth1J7EW1XjA0Z4AaABAg,2026-04-22T22:33:33Z,0
E2_cut,42xQj5Xmkzc,UgwrrEOKY1nsP_AaKPp4AaABAg,2026-04-22T19:38:18Z,0
E2_cut,42xQj5Xmkzc,UgxHxpofvfliCcPsp1x4AaABAg,2026-04-21T16:53:21Z,0
E2_cut,42xQj5Xmkzc,UgySE1N-oq_ZS2LJ0Jl4AaABAg,2026-04-22T22:06:08Z,0
E2_cut,42xQj5Xmkzc,UgwkZdA9TU8bGexioSl4AaABAg,2026-04-22T06:16:24Z,0
E2_cut,42xQj5Xmkzc,UgxhexPnRxknMlQYb3l4AaABAg,2026-04-24T00:10:46Z,0
E2_cut,42xQj5Xmkzc,UgyNBSYuYGHMOeeg5Sh4AaABAg,2026-04-21T19:09:48Z,0
E2_cut,42xQj5Xmkzc,UgwD1lTRvdAWe3_Mc514AaABAg,2026-04-21T19:21:22Z,0
E2_cut,42xQj5Xmkzc,UgyEHTL5-U3rcX_o6pt4AaABAg,2026-04-21T22:03:41Z,0
E2_cut,42xQj5Xmkzc,UgyeC3JYEDKMMxFwc0J4AaABAg,2026-04-22T18:36:53Z,0
E2_cut,42xQj5Xmkzc,Ugwqn82Im4p-GtxO5Eh4AaABAg,2026-04-21T16:15:29Z,4
E2_cut,42xQj5Xmkzc,UgzQuudm0HB8KBS-zsh4AaABAg,2026-04-23T11:03:32Z,0
E2_cut,42xQj5Xmkzc,Ugyr1w3iC4xmfBMpks54AaABAg,2026-04-21T16:31:15Z,0
E2_cut,42xQj5Xmkzc,UgwMdmJzJrSNDCQjQHN4AaABAg,2026-04-21T17:14:54Z,0
E2_cut,42xQj5Xmkzc,UgwJdLU0ZDiI17ZxXFh4AaABAg,2026-04-22T21:39:05Z,0
E2_cut,42xQj5Xmkzc,Ugwotsv-9LSlOlkSsux4AaABAg,2026-04-21T16:51:39Z,0
E2_cut,42xQj5Xmkzc,Ugz5ycOlDE-CHgkeCvl4AaABAg,2026-04-21T18:06:59Z,0
E2_cut,42xQj5Xmkzc,Ugy9jjcKl7w5ga7DtPl4AaABAg,2026-04-23T09:45:40Z,0
E2_cut,42xQj5Xmkzc,UgwULxNBW521XNCr5fZ4AaABAg,2026-04-21T16:07:58Z,1
E2_cut,42xQj5Xmkzc,Ugzz35hdxN0XjmF-QQx4AaABAg,2026-04-21T19:57:53Z,0
E2_cut,42xQj5Xmkzc,UgwtGkbzLVkb2p_r-Nh4AaABAg,2026-04-21T17:46:49Z,2
E2_cut,42xQj5Xmkzc,UgxTOGgpewMIqbOkIfh4AaABAg,2026-04-21T20:42:58Z,0
E2_cut,42xQj5Xmkzc,UgzU5BAokqlWNZMlygJ4AaABAg,2026-04-22T00:25:26Z,0
E2_cut,42xQj5Xmkzc,Ugwnp-Nwd1TYIi2lJmh4AaABAg,2026-04-22T13:19:53Z,0
E2_cut,42xQj5Xmkzc,UgzzCgDgxw6JeuCvxq94AaABAg,2026-04-21T22:13:47Z,0
E2_cut,42xQj5Xmkzc,UgxSS-3Zh4yvr4lpHPZ4AaABAg,2026-04-21T18:01:00Z,0
E2_cut,42xQj5Xmkzc,UgyTvN2Wq5exzpY5o5B4AaABAg,2026-04-21T17:02:12Z,0
E2_cut,42xQj5Xmkzc,Ugxcy7c3KDW7RVJ66m14AaABAg,2026-04-22T20:46:46Z,0
E2_cut,42xQj5Xmkzc,UgwPYhlfqb5BmmSTRn94AaABAg,2026-04-24T00:09:16Z,0
E2_cut,42xQj5Xmkzc,UgzRr4-eHnWP8wXUoZp4AaABAg,2026-04-21T21:31:38Z,0
E2_cut,42xQj5Xmkzc,UgzEDPyal9vDvYNbE794AaABAg,2026-04-21T19:09:06Z,1
E2_cut,42xQj5Xmkzc,UgxM-z37gkZyWW4ps7l4AaABAg,2026-04-21T17:02:12Z,0
E2_cut,42xQj5Xmkzc,UgyJPvn_RD57Y_V98K14AaABAg,2026-04-22T19:32:03Z,0
E2_cut,42xQj5Xmkzc,Ugw53a9T20Ke4aJjgwN4AaABAg,2026-04-26T21:01:33Z,0
E2_cut,42xQj5Xmkzc,UgzxuZveypza2JJEkLt4AaABAg,2026-04-21T16:21:40Z,2
E2_cut,42xQj5Xmkzc,UgyA7BOjMEiIKZWFj854AaABAg,2026-04-21T16:52:08Z,0
E2_cut,y6zPxq4Tzes,Ugx56T-1ZJAwFBni9BN4AaABAg,2026-04-21T19:05:12Z,679
E2_cut,y6zPxq4Tzes,Ugwb6e24CZaaWa17E1Z4AaABAg,2026-04-23T16:13:32Z,12
E2_cut,y6zPxq4Tzes,UgzTiOrFKRHm2hiSGX54AaABAg,2026-04-21T21:51:49Z,268
E2_cut,y6zPxq4Tzes,UgzDz0BWfDdieh7G48x4AaABAg,2026-04-21T19:03:51Z,54
E2_cut,y6zPxq4Tzes,UgzUNhjWu_RpMQOxarJ4AaABAg,2026-04-21T19:01:22Z,92
E2_cut,y6zPxq4Tzes,UgyN_50_JYF6HHgGtIl4AaABAg,2026-04-21T20:09:44Z,169
E2_cut,y6zPxq4Tzes,UgzokNol5xval0n12xV4AaABAg,2026-04-21T19:26:44Z,106
E2_cut,y6zPxq4Tzes,UgwySp-pIZev98tjEzZ4AaABAg,2026-04-21T20:24:01Z,13
E2_cut,y6zPxq4Tzes,Ugzn5FXgp-z4GLPlaNJ4AaABAg,2026-04-21T19:45:07Z,4
E2_cut,y6zPxq4Tzes,Ugx8ueCP2cq_Mx04F3Z4AaABAg,2026-04-22T19:34:11Z,2
E2_cut,y6zPxq4Tzes,UgzDjQGnqNf2mxfYCMl4AaABAg,2026-04-21T20:06:03Z,0
E2_cut,y6zPxq4Tzes,UgxtzucDKMSP9j6JNT14AaABAg,2026-04-23T16:29:13Z,0
E2_cut,y6zPxq4Tzes,Ugz7h87tbegnrXAc4L54AaABAg,2026-04-21T21:02:39Z,2
E2_cut,y6zPxq4Tzes,UgzEk1P8v4WTtcV_OZR4AaABAg,2026-04-22T05:54:10Z,21
E2_cut,y6zPxq4Tzes,UgzxFPfPTR0nwUOAUO14AaABAg,2026-04-23T01:39:48Z,1
E2_cut,y6zPxq4Tzes,UgzT1g_6R0Luj-qFcEl4AaABAg,2026-04-22T12:29:49Z,1
E2_cut,y6zPxq4Tzes,UgyUTzjF_G-f18pkOxp4AaABAg,2026-04-21T19:20:44Z,0
E2_cut,y6zPxq4Tzes,Ugx41kYAuOuvU1eNs754AaABAg,2026-04-21T21:42:48Z,25
E2_cut,y6zPxq4Tzes,UgzrEyBk_ABHZBgcIRx4AaABAg,2026-04-21T19:41:12Z,0
E2_cut,y6zPxq4Tzes,UgxY7iDs8ZNxsJYoUDh4AaABAg,2026-05-05T16:57:29Z,0
E2_cut,y6zPxq4Tzes,Ugx7XYFGML3YWjiwfX14AaABAg,2026-04-21T20:37:21Z,0
E2_cut,y6zPxq4Tzes,UgztXHOW2ZRM-q7jgfd4AaABAg,2026-04-22T02:00:20Z,5
E2_cut,y6zPxq4Tzes,UgxmUwaQhGXdkkuMcnN4AaABAg,2026-04-22T20:37:09Z,0
E2_cut,y6zPxq4Tzes,UgyaW0dSq40mpKfPMYZ4AaABAg,2026-04-21T23:46:19Z,1
E2_cut,y6zPxq4Tzes,UgwkoRxoZUKiivPjvBF4AaABAg,2026-04-26T07:22:36Z,0
E2_cut,y6zPxq4Tzes,Ugyw4ttzhIPUvluh1jR4AaABAg,2026-05-10T20:58:34Z,0
E2_cut,y6zPxq4Tzes,Ugy9CS8kcOqL1n_2MbZ4AaABAg,2026-04-21T19:57:59Z,5
E2_cut,y6zPxq4Tzes,UgxxF1mJ0pbooFfiGCd4AaABAg,2026-04-22T12:57:49Z,0
E2_cut,y6zPxq4Tzes,UgyLU68YvumgT0g4ZaJ4AaABAg,2026-04-22T01:42:47Z,0
E2_cut,y6zPxq4Tzes,Ugx4776S7wp2Gk879NB4AaABAg,2026-04-21T21:32:51Z,1
E2_cut,y6zPxq4Tzes,UgymMWIH3AYR6xL8lxd4AaABAg,2026-04-21T19:12:07Z,0
E2_cut,y6zPxq4Tzes,UgyqqbteCvYN6FSdEFl4AaABAg,2026-04-21T20:36:45Z,0
E2_cut,y6zPxq4Tzes,Ugz3I9P30LOY7HC-Xu54AaABAg,2026-04-22T05:52:38Z,0
E2_cut,y6zPxq4Tzes,UgzokhjdNjKnmDAU0bF4AaABAg,2026-04-21T19:08:40Z,1
E2_cut,y6zPxq4Tzes,UgxDuMz7xvJE2jq0okN4AaABAg,2026-04-22T00:45:48Z,22
E2_cut,y6zPxq4Tzes,UgzpHcbWL2RveMQ4jyl4AaABAg,2026-04-22T03:22:18Z,0
E2_cut,y6zPxq4Tzes,UgyqVKr5soW0oTg7rVx4AaABAg,2026-04-21T23:39:08Z,1
E2_cut,y6zPxq4Tzes,UgwwS2Ga8omMoPMSvwB4AaABAg,2026-04-23T05:04:39Z,0
E2_cut,y6zPxq4Tzes,UgxBdToelSjQO5KR15J4AaABAg,2026-04-21T21:04:09Z,0
E2_cut,y6zPxq4Tzes,UgyV9FTA_wnBON1rVMR4AaABAg,2026-04-21T19:14:17Z,1
E2_cut,y6zPxq4Tzes,UgzLOWV4gNHq0KTnrAV4AaABAg,2026-04-21T19:23:17Z,0
E2_cut,y6zPxq4Tzes,Ugw6DlMe4ORMNeIEdwx4AaABAg,2026-04-22T05:43:01Z,0
E2_cut,y6zPxq4Tzes,Ugxx4Cu5QXBFwPXFeat4AaABAg,2026-04-22T07:11:40Z,0
E2_cut,y6zPxq4Tzes,UgwKicknzRd17HJtsb54AaABAg,2026-04-21T21:36:37Z,0
E2_cut,y6zPxq4Tzes,UgxTN1h-LtQb8jC1Ccl4AaABAg,2026-04-26T22:29:20Z,1
E2_cut,y6zPxq4Tzes,UgyQ9xgCC4wEgcPuvU54AaABAg,2026-04-21T21:09:56Z,3
E2_cut,y6zPxq4Tzes,UgwXaMx15qPuOv16Rxd4AaABAg,2026-04-21T21:32:37Z,2
E2_cut,y6zPxq4Tzes,UgxhLmxan4gdYM_CZOB4AaABAg,2026-04-23T20:45:48Z,0
E2_cut,y6zPxq4Tzes,UgxGF0r1RtNCmHEx3lx4AaABAg,2026-04-30T06:03:51Z,0
E2_cut,y6zPxq4Tzes,UgyfOYHEZmXd3l8eOtF4AaABAg,2026-04-21T20:47:48Z,0
E2_cut,y6zPxq4Tzes,Ugwjs71LaIgt6GILWEp4AaABAg,2026-04-21T19:10:56Z,80
E2_cut,y6zPxq4Tzes,Ugw5AYqy_SjFSgLfVHR4AaABAg,2026-04-21T21:57:42Z,0
E2_cut,y6zPxq4Tzes,UgxCCwfpR0NoAZQs8Rl4AaABAg,2026-04-24T04:41:17Z,0
E2_cut,y6zPxq4Tzes,UgwkuO6HmyWjsKTJhyF4AaABAg,2026-04-21T19:17:50Z,0
E2_cut,y6zPxq4Tzes,UgxZriT7foGlqPTTFXZ4AaABAg,2026-04-23T01:09:03Z,0
E2_cut,y6zPxq4Tzes,UgyVW1xL06hyO_LKmVF4AaABAg,2026-04-21T21:01:02Z,0
E2_cut,y6zPxq4Tzes,UgzQm8ObV3qPL0wPp4R4AaABAg,2026-04-22T00:40:19Z,0
E2_cut,y6zPxq4Tzes,UgwHJjiBLMUPTpsBAXF4AaABAg,2026-04-21T19:40:52Z,0
E2_cut,y6zPxq4Tzes,UgwnY0A-67uhAbJasrh4AaABAg,2026-04-21T23:48:54Z,0
E2_cut,y6zPxq4Tzes,UgwXO422cRDMTEOnqDh4AaABAg,2026-04-21T19:20:18Z,0
E2_cut,y6zPxq4Tzes,Ugx76iy9UG5I4VYtNcR4AaABAg,2026-04-21T23:31:39Z,0
E2_cut,y6zPxq4Tzes,UgximhQBS9xyvKQDdux4AaABAg,2026-04-29T07:58:22Z,0
E2_cut,y6zPxq4Tzes,UgwMcM73Df2a1a6wreZ4AaABAg,2026-04-21T20:14:03Z,0
E2_cut,y6zPxq4Tzes,UgzMuR3eMh2pVtbopR94AaABAg,2026-04-21T21:25:34Z,0
E2_cut,y6zPxq4Tzes,Ugze7isAF7tBPS8W7HR4AaABAg,2026-04-22T00:55:25Z,0
E2_cut,y6zPxq4Tzes,Ugyl75bV_Qs5MMaQkix4AaABAg,2026-04-23T17:14:15Z,0
E2_cut,y6zPxq4Tzes,Ugz4GmilS8nxLfjALMx4AaABAg,2026-04-21T20:34:46Z,0
E2_cut,y6zPxq4Tzes,Ugwzv911mAngd-T-AXl4AaABAg,2026-04-22T00:00:09Z,0
E2_cut,y6zPxq4Tzes,UgzX4Kfu7jaolmqoj7h4AaABAg,2026-04-21T22:24:49Z,0
E2_cut,y6zPxq4Tzes,UgwpMzxgh7_PkBJBMCB4AaABAg,2026-04-21T21:08:49Z,0
E2_cut,y6zPxq4Tzes,UgxiVdm6EkEmiGPCGih4AaABAg,2026-04-21T20:44:37Z,0
E2_cut,y6zPxq4Tzes,Ugw_xHYzP63JF9A6g4F4AaABAg,2026-04-21T22:06:17Z,26
E2_cut,y6zPxq4Tzes,UgxCpz59pFv8v3Mw-kx4AaABAg,2026-04-21T19:03:52Z,0
E2_cut,y6zPxq4Tzes,UgxP8vVAnAKsDR50xh14AaABAg,2026-04-23T03:55:22Z,0
E2_cut,y6zPxq4Tzes,UgygyTmTyPS8fHq562Z4AaABAg,2026-04-22T08:32:36Z,11
E2_cut,y6zPxq4Tzes,UgweB0odwuGfLow1Bi54AaABAg,2026-04-22T08:09:11Z,0
E2_cut,y6zPxq4Tzes,UgyJWKZvWnBwCYQGIUx4AaABAg,2026-04-22T17:05:40Z,2
E2_cut,y6zPxq4Tzes,UgwFvf7ot8MEEfhW-3B4AaABAg,2026-04-22T14:30:47Z,0
E2_cut,y6zPxq4Tzes,UgwMEASse16dnDvGAXp4AaABAg,2026-04-22T00:48:53Z,0
E2_cut,y6zPxq4Tzes,Ugyguos2uFELHK8sUgN4AaABAg,2026-04-27T01:41:06Z,0
E2_cut,y6zPxq4Tzes,Ugwt_LOXT_7NpRVXCTJ4AaABAg,2026-04-21T20:07:53Z,0
E2_cut,y6zPxq4Tzes,UgzPycG3tPLuLb2ySsp4AaABAg,2026-04-22T15:54:07Z,0
E2_cut,y6zPxq4Tzes,UgwOUSg4MF6vsDaZ9xd4AaABAg,2026-04-21T19:13:27Z,0
E2_cut,y6zPxq4Tzes,UgyV_tQK-EFj2T_Jw_p4AaABAg,2026-04-22T04:24:18Z,0
E2_cut,y6zPxq4Tzes,Ugwhe_O-S2N8s_xFYWJ4AaABAg,2026-04-24T10:06:32Z,0
E2_cut,y6zPxq4Tzes,Ugwo68el3FvaihrfT4F4AaABAg,2026-04-24T10:37:07Z,0
E2_cut,y6zPxq4Tzes,UgyPgNpvxdG2bvwtivt4AaABAg,2026-04-25T11:42:36Z,0
E2_cut,y6zPxq4Tzes,UgzwIRhVcRGT8yzaDS14AaABAg,2026-04-21T19:07:59Z,0
E2_cut,y6zPxq4Tzes,Ugyk6cHiq2e7M5ey-vB4AaABAg,2026-05-08T01:39:42Z,0
E2_cut,y6zPxq4Tzes,UgzQF9f6mADtL9tMesR4AaABAg,2026-04-21T20:30:00Z,2
E2_cut,y6zPxq4Tzes,UgwKcMJ3b3KREP5lgk14AaABAg,2026-04-21T22:17:36Z,34
E2_cut,y6zPxq4Tzes,UgwteABpeLeXO_X4Teh4AaABAg,2026-04-21T20:16:01Z,1
E2_cut,y6zPxq4Tzes,UgwbiRQbpQ1pQrbsChN4AaABAg,2026-04-21T23:31:06Z,0
E2_cut,y6zPxq4Tzes,UgySsbCrGx7g7UxAPqN4AaABAg,2026-04-22T22:15:05Z,0
E2_cut,y6zPxq4Tzes,UgzmTcoAl8TbbTkvxuh4AaABAg,2026-04-21T19:02:58Z,2
E2_cut,y6zPxq4Tzes,UgzZ3Sw1Sf2m2XNGqv94AaABAg,2026-04-24T09:27:59Z,1
E2_cut,y6zPxq4Tzes,Ugw5DTPcAx_hcuZna8d4AaABAg,2026-04-21T22:57:21Z,0
E2_cut,y6zPxq4Tzes,Ugy8U6XiKSQGISX9P9V4AaABAg,2026-04-22T21:48:10Z,1
E2_cut,y6zPxq4Tzes,UgwsqCODp1doBvC9LzB4AaABAg,2026-04-21T20:11:32Z,0
E2_cut,y6zPxq4Tzes,Ugze0XXLnGwkPMk2ZEp4AaABAg,2026-04-21T19:50:19Z,8
E2_cut,y6zPxq4Tzes,Ugze8a2Ux9dW4Vt1Ifh4AaABAg,2026-04-21T19:02:55Z,6
E2_cut,y6zPxq4Tzes,UgzIoLc6VCJi83B5DvR4AaABAg,2026-04-21T19:04:27Z,29
E2_cut,y6zPxq4Tzes,Ugy7epAkdiBJdWuNjT94AaABAg,2026-04-21T19:03:56Z,25
E2_cut,y6zPxq4Tzes,UgzSv4GYO3iQpLddoZp4AaABAg,2026-04-21T21:22:10Z,0
E2_cut,y6zPxq4Tzes,UgzPdp_zP8mqQF9sw394AaABAg,2026-04-22T16:05:02Z,0
E2_cut,y6zPxq4Tzes,Ugz_1-Qs3YpsLR89lCl4AaABAg,2026-04-21T21:35:01Z,4
E2_cut,y6zPxq4Tzes,UgwRZoIJsdhk1FpDXy14AaABAg,2026-04-21T19:02:46Z,0
E2_cut,y6zPxq4Tzes,UgyWs7WyBO0fJl83E954AaABAg,2026-04-23T11:16:50Z,0
E2_cut,y6zPxq4Tzes,UgyTkH0pCqL90J3tpQN4AaABAg,2026-04-21T20:38:40Z,1
E2_cut,y6zPxq4Tzes,Ugzc1B13h_1kzij9QPJ4AaABAg,2026-04-22T09:15:51Z,0
E2_cut,y6zPxq4Tzes,UgxAUCy4txhD-in55eZ4AaABAg,2026-04-22T02:46:44Z,0
E2_cut,y6zPxq4Tzes,Ugy9cm9S51wL7sSMg3J4AaABAg,2026-04-21T20:19:47Z,0
E2_cut,y6zPxq4Tzes,Ugyr9yB4NWUk_139ExJ4AaABAg,2026-04-23T05:41:49Z,0
E2_cut,y6zPxq4Tzes,Ugw6qSz-7jxi6QlfPQZ4AaABAg,2026-04-21T19:35:17Z,5
E2_cut,y6zPxq4Tzes,UgxfIyxAzxnG6ZfdiuZ4AaABAg,2026-04-22T13:11:17Z,0
E2_cut,y6zPxq4Tzes,Ugw6iwepYqBhDIzPYQl4AaABAg,2026-04-22T05:58:30Z,0
E2_cut,y6zPxq4Tzes,UgyokpUdkUL5fpL1PY14AaABAg,2026-04-21T22:43:08Z,0
E2_cut,y6zPxq4Tzes,UgwIOpjyFeG9wiO1FpB4AaABAg,2026-04-21T22:24:50Z,12
E2_cut,y6zPxq4Tzes,UgyWMh68IAEqWwHLa_x4AaABAg,2026-04-21T21:50:11Z,0
E2_cut,y6zPxq4Tzes,Ugy-VSn6bJqsRXQHkk54AaABAg,2026-04-21T22:05:48Z,22
E2_cut,y6zPxq4Tzes,UgwWCYPLfYWfb357L9l4AaABAg,2026-04-21T20:36:10Z,0
E2_cut,y6zPxq4Tzes,UgwSOmSoe4QXHy5ha7d4AaABAg,2026-04-21T23:41:27Z,0
E2_cut,y6zPxq4Tzes,Ugx_c_qmksWCnYPtDwR4AaABAg,2026-04-21T21:39:10Z,0
E2_cut,y6zPxq4Tzes,UgzCdPE9FasvieEp0oJ4AaABAg,2026-04-22T16:42:31Z,0
E2_cut,y6zPxq4Tzes,UgyBPTXy7Zc7z7VhUPh4AaABAg,2026-04-22T03:30:56Z,0
E2_cut,y6zPxq4Tzes,UgyPO_XoMyPfDeRJIpN4AaABAg,2026-04-21T19:52:46Z,0
E2_cut,y6zPxq4Tzes,Ugxo66XgfJaZ8blLHLN4AaABAg,2026-04-21T19:19:20Z,1
E2_cut,y6zPxq4Tzes,Ugy77jiwwYoOWMYfZOx4AaABAg,2026-04-21T21:34:03Z,0
E2_cut,y6zPxq4Tzes,UgyUQ0KS_ANrH61OG4R4AaABAg,2026-04-22T00:08:53Z,0
E2_cut,y6zPxq4Tzes,UgxVrWZHpWYJi8PEkv54AaABAg,2026-04-23T17:08:31Z,0
E2_cut,y6zPxq4Tzes,Ugw_26CxcxCismrG8Lp4AaABAg,2026-04-22T00:16:28Z,0
E2_cut,y6zPxq4Tzes,UgxyU8uGN81iy-07xwl4AaABAg,2026-04-21T22:05:41Z,23
E2_cut,y6zPxq4Tzes,UgxMCm9rZBiCgxiAr7J4AaABAg,2026-04-24T04:39:48Z,4
E2_cut,y6zPxq4Tzes,UgyZDSJnxsrpuFaSfqh4AaABAg,2026-04-22T00:41:50Z,0
E2_cut,y6zPxq4Tzes,UgwXvVJKWVNRv44T1kx4AaABAg,2026-04-22T05:26:11Z,0
E2_cut,y6zPxq4Tzes,UgxjPD_olPbMu8fgdnJ4AaABAg,2026-04-21T22:12:46Z,0
E2_cut,y6zPxq4Tzes,UgxDEW07bNdWNlJPm6R4AaABAg,2026-04-26T18:13:34Z,0
E2_cut,y6zPxq4Tzes,Ugyz6yTG9489d3OnRfx4AaABAg,2026-04-21T19:02:10Z,0
E2_cut,y6zPxq4Tzes,UgxCeuOtJtA6c5N3Mqh4AaABAg,2026-04-21T19:33:15Z,0
E2_cut,y6zPxq4Tzes,Ugx3Vuejj9XT2py47FF4AaABAg,2026-04-21T20:26:56Z,0
E2_cut,y6zPxq4Tzes,Ugy9hyJxwAqpJZz78414AaABAg,2026-04-22T01:23:22Z,1
E2_cut,y6zPxq4Tzes,UgzEeaM6H9s0e4PjhAp4AaABAg,2026-04-22T01:41:54Z,0
E2_cut,y6zPxq4Tzes,UgwpIEmMCMLfOuO9QkR4AaABAg,2026-04-22T16:21:14Z,0
E2_cut,y6zPxq4Tzes,UgxgwfogrQKoXJTSJCR4AaABAg,2026-04-21T21:41:37Z,1
E2_cut,y6zPxq4Tzes,Ugy4BmgpQ4ywh9s2_4h4AaABAg,2026-04-21T23:03:44Z,0
E2_cut,y6zPxq4Tzes,UgyJQPV9RRd2mjrKwGN4AaABAg,2026-04-21T22:06:41Z,13
E2_cut,y6zPxq4Tzes,Ugyl_DZBMQmuQF4yx2x4AaABAg,2026-04-21T21:07:09Z,0
E2_cut,y6zPxq4Tzes,UgzVhmap5CTaPfCk_qx4AaABAg,2026-04-21T23:22:56Z,1
E2_cut,y6zPxq4Tzes,Ugx5K_0w3JnwNneht_Z4AaABAg,2026-04-21T19:13:33Z,0
E2_cut,y6zPxq4Tzes,Ugwiy7V3O7RtvlFWOVN4AaABAg,2026-04-22T11:59:36Z,0
E2_cut,y6zPxq4Tzes,UgwJdzSSj1AVsqkZh4l4AaABAg,2026-04-23T21:46:10Z,0
E2_cut,y6zPxq4Tzes,Ugzwd74EwbDVzoiRHF94AaABAg,2026-04-22T15:33:58Z,0
E2_cut,y6zPxq4Tzes,UgyhAhIRfpEdHlZcRmZ4AaABAg,2026-04-22T01:35:48Z,0
E2_cut,y6zPxq4Tzes,Ugx0qgDShJgCbAWzbVZ4AaABAg,2026-04-22T02:11:08Z,0
E2_cut,y6zPxq4Tzes,Ugyi2NLOM4y9r4lsN1t4AaABAg,2026-04-22T12:58:56Z,0
E2_cut,y6zPxq4Tzes,UgyghTYI9GOUMN2ATpN4AaABAg,2026-04-21T20:21:30Z,2
E2_cut,y6zPxq4Tzes,UgxJVFshmUTbgHL8zLp4AaABAg,2026-04-21T21:52:30Z,0
E2_cut,y6zPxq4Tzes,UgwcRHjsgFrAmcXdRDh4AaABAg,2026-04-23T14:18:36Z,0
E2_cut,y6zPxq4Tzes,UgzWpD-ShMnrFQ00tId4AaABAg,2026-04-22T19:21:54Z,0
E2_cut,y6zPxq4Tzes,UgyM5P02SQzYBroWroB4AaABAg,2026-04-22T12:54:19Z,0
E2_cut,y6zPxq4Tzes,Ugy33Ms9Tt002cwr7sF4AaABAg,2026-04-21T20:49:15Z,0
E2_cut,y6zPxq4Tzes,Ugys3xsX3S_-p0mnkW54AaABAg,2026-04-22T00:54:41Z,5
E2_cut,y6zPxq4Tzes,UgzNV4eMJz_-RcYsbMV4AaABAg,2026-05-10T04:28:23Z,0
E2_cut,y6zPxq4Tzes,UgxVDPlREDLWqsbw3EN4AaABAg,2026-04-21T21:01:36Z,0
E2_cut,y6zPxq4Tzes,Ugz_OR3GRCanukH23iN4AaABAg,2026-04-22T17:22:13Z,0
E2_cut,y6zPxq4Tzes,UgweuV-SQNlO0VVGLv14AaABAg,2026-04-22T11:10:11Z,0
E2_cut,y6zPxq4Tzes,UgyPAGZHjXG69xvHfvh4AaABAg,2026-04-22T01:47:43Z,0
E2_cut,y6zPxq4Tzes,Ugy_08Qfh38I5OCctkp4AaABAg,2026-04-22T01:27:17Z,1
E2_cut,y6zPxq4Tzes,Ugx1zBTLPvJhLagUtTF4AaABAg,2026-04-21T22:12:14Z,4
E2_cut,y6zPxq4Tzes,UgyNxTUWo2K9BKCqrA54AaABAg,2026-04-21T22:52:59Z,0
E2_cut,y6zPxq4Tzes,Ugx74169J6wNzK2oyM94AaABAg,2026-04-21T19:40:08Z,2
E2_cut,y6zPxq4Tzes,UgzTq0Uxih8N1mRpJSZ4AaABAg,2026-04-22T08:44:39Z,0
E2_cut,y6zPxq4Tzes,UgxQyM24CMMt4hq2zEt4AaABAg,2026-04-22T02:45:48Z,7
E2_cut,y6zPxq4Tzes,Ugxsf1D-M7kUtNN5-NR4AaABAg,2026-04-22T00:32:07Z,1
E2_cut,y6zPxq4Tzes,Ugy7Kbap2dDw2bFlfux4AaABAg,2026-04-29T19:34:37Z,0
E2_cut,y6zPxq4Tzes,Ugya2GRr6MGuSaQeo_B4AaABAg,2026-04-21T22:19:44Z,1
E2_cut,y6zPxq4Tzes,UgzfyedFvy6NcYWCPEZ4AaABAg,2026-04-21T22:08:22Z,5
E2_cut,y6zPxq4Tzes,UgzVslBFPEtkzZ55yy54AaABAg,2026-04-21T22:42:07Z,2
E2_cut,y6zPxq4Tzes,UgxW0Xpgfe7280ZiiZh4AaABAg,2026-04-22T01:13:15Z,2
E2_cut,y6zPxq4Tzes,Ugyxl5WLPBurDJ-Cwf94AaABAg,2026-04-21T22:10:27Z,4
E2_cut,y6zPxq4Tzes,UgxsVZtFoEdpQq9jLcJ4AaABAg,2026-04-21T23:04:02Z,1
E2_cut,y6zPxq4Tzes,UgyJAq5-wvMTWQ0qV6B4AaABAg,2026-04-21T22:05:58Z,7
E2_cut,y6zPxq4Tzes,Ugz-8C_jsntZtp_sjR54AaABAg,2026-04-22T00:55:33Z,0
E2_cut,y6zPxq4Tzes,UgzS0YOqphg7XaODlUF4AaABAg,2026-04-22T03:57:55Z,1
E2_cut,y6zPxq4Tzes,UgxmMNOR3MqDXKVsvPB4AaABAg,2026-04-21T22:24:26Z,2
E2_cut,y6zPxq4Tzes,UgzQhK03n0hYMvhOafF4AaABAg,2026-04-23T10:47:04Z,1
E2_cut,y6zPxq4Tzes,Ugy6hRe_3uzlTekFvUh4AaABAg,2026-04-23T03:33:49Z,1
E2_cut,y6zPxq4Tzes,UgyTHGJJTLx_tNkAvGx4AaABAg,2026-04-21T22:41:41Z,3
E2_cut,y6zPxq4Tzes,UgymdSBICLmSzFvdfmd4AaABAg,2026-04-24T16:43:24Z,0
E2_cut,y6zPxq4Tzes,UgwWita4CYOrSjj7ySZ4AaABAg,2026-04-22T07:21:26Z,1
E2_cut,y6zPxq4Tzes,Ugzhon4xZGnXhyW0NgB4AaABAg,2026-04-21T22:46:54Z,1
E2_cut,y6zPxq4Tzes,Ugw4-L7nnS1jTJFN3ot4AaABAg,2026-04-22T01:05:57Z,1
E2_cut,y6zPxq4Tzes,Ugx8yAgVnL3zEB40-UN4AaABAg,2026-04-22T00:14:16Z,2
E2_cut,y6zPxq4Tzes,UgwO_I01tFbhHsvxaMJ4AaABAg,2026-04-22T01:02:55Z,1
E2_cut,y6zPxq4Tzes,UgweFCK0uZ91G3Smsg14AaABAg,2026-04-22T11:55:59Z,1
E2_cut,y6zPxq4Tzes,UgwFCEPHp0qlmEZPMeJ4AaABAg,2026-04-21T22:59:52Z,2
E2_cut,y6zPxq4Tzes,UgzIFV0hr647Ov92SXV4AaABAg,2026-04-22T01:12:29Z,1
E2_cut,y6zPxq4Tzes,Ugy4-Ci723WzVXZl88p4AaABAg,2026-07-19T18:06:46Z,0
E2_cut,y6zPxq4Tzes,UgyqRl_YKM3-laVDIsh4AaABAg,2026-04-22T02:20:53Z,1
E2_cut,y6zPxq4Tzes,UgxgL6gZXt8iUih5o014AaABAg,2026-04-22T02:20:57Z,1
E2_cut,y6zPxq4Tzes,UgxSy6wxnqrd0Jdx4zV4AaABAg,2026-04-21T23:08:32Z,2
E2_cut,y6zPxq4Tzes,UgyfvJILkkfijHiiGmF4AaABAg,2026-04-22T11:58:12Z,2
E2_cut,y6zPxq4Tzes,UgxTt7jAMOL7KrybPrF4AaABAg,2026-04-26T11:30:53Z,0
E2_cut,y6zPxq4Tzes,Ugx_xcWVXIEG52ndJCd4AaABAg,2026-04-22T01:03:41Z,2
E2_cut,y6zPxq4Tzes,UgwvgCkz52ReX4Rm8ON4AaABAg,2026-04-22T00:54:21Z,0
E2_cut,y6zPxq4Tzes,UgxWBbNeXcJ-YrsqHYJ4AaABAg,2026-04-21T21:05:16Z,0
E2_cut,y6zPxq4Tzes,UgykLAxSasrfS8z82ul4AaABAg,2026-04-21T19:20:31Z,0
E2_cut,y6zPxq4Tzes,UgxCq8wqY4k5eDW5HP94AaABAg,2026-04-22T16:25:02Z,0
E2_cut,y6zPxq4Tzes,UgwWiQ3OavlNg4E_aGd4AaABAg,2026-04-21T19:47:42Z,0
E2_cut,y6zPxq4Tzes,Ugz2uzd57hm3sfo5ahR4AaABAg,2026-04-22T01:28:24Z,1
E2_cut,y6zPxq4Tzes,UgzMECxYfZ7ROA-wXTZ4AaABAg,2026-04-21T23:11:12Z,0
E2_cut,y6zPxq4Tzes,UgzFqpMmi8zSIN0uM2t4AaABAg,2026-04-22T16:32:04Z,0
E2_cut,y6zPxq4Tzes,UgzlSWckxohl66WyX5R4AaABAg,2026-04-22T16:50:08Z,0
E2_cut,y6zPxq4Tzes,Ugz-fv9cMDBxbzrnHXx4AaABAg,2026-04-22T08:36:32Z,0
E2_cut,y6zPxq4Tzes,UgwxKkExwHmJIrodUBt4AaABAg,2026-04-21T19:58:55Z,0
E2_cut,y6zPxq4Tzes,UgwNHjJnMTUEH4eI8554AaABAg,2026-04-21T19:06:43Z,0
E2_cut,y6zPxq4Tzes,UgzEe0ftGaO46SuefKN4AaABAg,2026-04-22T00:48:39Z,0
E2_cut,y6zPxq4Tzes,UgyRqyc8JsKCJpGMXUV4AaABAg,2026-04-21T22:17:33Z,0
E2_cut,y6zPxq4Tzes,UgwgGiiVgTi4k0P0lVR4AaABAg,2026-04-22T11:18:15Z,1
E2_cut,y6zPxq4Tzes,UgxZA5hwP-Ns0p56wZN4AaABAg,2026-05-26T19:38:32Z,0
E2_cut,y6zPxq4Tzes,UgxfhEj1eZwNqoC6Rfx4AaABAg,2026-04-21T23:06:36Z,0
E2_cut,y6zPxq4Tzes,Ugya6Fzo9pxUHirctit4AaABAg,2026-04-21T23:15:17Z,0
E2_cut,y6zPxq4Tzes,Ugy7VdOfPrtyhVWT9m54AaABAg,2026-04-22T00:10:25Z,0
E2_cut,y6zPxq4Tzes,UgzvP2h_IgGHYKMgUq54AaABAg,2026-04-22T00:16:17Z,0
E2_cut,y6zPxq4Tzes,Ugzbx5Ln3UDb4ZNwAAN4AaABAg,2026-04-22T00:20:32Z,0
E2_cut,y6zPxq4Tzes,UgzkF805u0zs_TtvPrZ4AaABAg,2026-04-22T00:23:19Z,0
E2_cut,y6zPxq4Tzes,UgyXrDtwllgyKQmq1-t4AaABAg,2026-04-22T00:32:12Z,0
E2_cut,y6zPxq4Tzes,Ugzs_10cftm5eZCVne54AaABAg,2026-04-22T00:41:41Z,0
E2_cut,y6zPxq4Tzes,Ugw1ZQsnA1B8FRxIjFN4AaABAg,2026-04-22T01:13:09Z,0
E2_cut,y6zPxq4Tzes,UgybNuVsZdCoq9pTnot4AaABAg,2026-04-22T02:46:11Z,0
E2_cut,y6zPxq4Tzes,Ugwe3DEQwzyb9-aZE0R4AaABAg,2026-04-22T03:10:31Z,0
E2_cut,y6zPxq4Tzes,Ugy8_US20IHznND-6G54AaABAg,2026-04-22T04:26:47Z,0
E2_cut,y6zPxq4Tzes,UgxtNNPntYbMS-9wCPl4AaABAg,2026-04-22T04:41:29Z,0
E2_cut,y6zPxq4Tzes,UgxlF1rB6wX-s2RiYxt4AaABAg,2026-04-22T05:52:26Z,0
E2_cut,y6zPxq4Tzes,UgyrHat4BlGqEqVZTZV4AaABAg,2026-04-22T09:06:02Z,0
E2_cut,y6zPxq4Tzes,UgwKeygjwQ3FvSnmYKh4AaABAg,2026-04-22T09:05:26Z,0
E2_cut,y6zPxq4Tzes,UgwCVfx8UzqjKfbHHMF4AaABAg,2026-04-22T10:38:25Z,0
E2_cut,y6zPxq4Tzes,UgzL_EhWlwODiu3cscZ4AaABAg,2026-04-22T11:16:29Z,0
E2_cut,y6zPxq4Tzes,UgyTQNzy579J231958F4AaABAg,2026-04-22T11:16:25Z,0
E2_cut,y6zPxq4Tzes,Ugzy9Gf0UCK1J8k4-aR4AaABAg,2026-04-22T11:16:20Z,0
E2_cut,y6zPxq4Tzes,Ugzzdpp2zTW3zf67OwB4AaABAg,2026-04-22T11:16:11Z,0
E2_cut,y6zPxq4Tzes,UgwF2AjIpV2ZRlQTVrN4AaABAg,2026-04-22T14:03:59Z,0
E2_cut,y6zPxq4Tzes,UgzWYxQHQY4Yo0rdjPx4AaABAg,2026-04-22T16:23:03Z,0
E2_cut,y6zPxq4Tzes,UgzL4OflaFLbAks9T-R4AaABAg,2026-04-22T16:49:29Z,0
E2_cut,y6zPxq4Tzes,UgzMlKb_F0cjYPZGrgp4AaABAg,2026-04-22T18:35:05Z,0
E2_cut,y6zPxq4Tzes,UgxamojYgZXc48Zf3KN4AaABAg,2026-04-22T18:49:50Z,0
E2_cut,y6zPxq4Tzes,UgzUpu5wfmCT96NfDdt4AaABAg,2026-04-23T01:43:31Z,0
E2_cut,y6zPxq4Tzes,Ugx8offQlO6JrpY_qnx4AaABAg,2026-04-23T19:46:27Z,0
E2_cut,y6zPxq4Tzes,Ugwh-EUfh04M9-RLkN94AaABAg,2026-04-22T12:22:01Z,1
E2_cut,y6zPxq4Tzes,UgyJduTF2ybRg-NAXkR4AaABAg,2026-04-22T00:32:16Z,0
E2_cut,y6zPxq4Tzes,UgzEMmc8VRHN70pVdit4AaABAg,2026-04-21T22:46:59Z,0
E2_cut,y6zPxq4Tzes,UgyCy-KA2Wqpuy1uKfZ4AaABAg,2026-04-21T23:14:13Z,0
E2_cut,y6zPxq4Tzes,UgyREYJ014zUpiMp_Jl4AaABAg,2026-04-21T23:14:07Z,0
E2_cut,y6zPxq4Tzes,Ugz2SMsZLePquPGkWpd4AaABAg,2026-04-21T23:29:59Z,0
E2_cut,y6zPxq4Tzes,UgzxM8Ff8HyAFfOea9x4AaABAg,2026-04-21T23:36:56Z,0
E2_cut,y6zPxq4Tzes,UgyOcBZ9VJ6j1MDHYtl4AaABAg,2026-04-21T23:57:35Z,0
E2_cut,y6zPxq4Tzes,UgwuA0ceUY7MOuIPFI94AaABAg,2026-04-22T01:17:23Z,0
E2_cut,y6zPxq4Tzes,UgyJAgNYSsBkZGw00st4AaABAg,2026-04-22T02:45:04Z,0
E2_cut,y6zPxq4Tzes,UgzVP8MF2GJnHeSaUE54AaABAg,2026-04-22T03:02:51Z,0
E2_cut,y6zPxq4Tzes,UgxoJyMiLCmwGO40Mpd4AaABAg,2026-04-22T05:03:05Z,0
E2_cut,y6zPxq4Tzes,Ugwwu3YJgt8tjFsakGJ4AaABAg,2026-04-22T08:13:49Z,0
E2_cut,y6zPxq4Tzes,UgyhJ1JpjbAihoGUzV54AaABAg,2026-04-22T09:16:43Z,0
E2_cut,y6zPxq4Tzes,Ugyu55obHi0pRcX9z954AaABAg,2026-04-22T11:16:15Z,0
E2_cut,y6zPxq4Tzes,UgwJGH1JqxF9NPBCGXp4AaABAg,2026-04-22T13:05:31Z,0
E2_cut,y6zPxq4Tzes,UgxuPrMv6gLr-y0bMyl4AaABAg,2026-04-22T16:07:14Z,0
E2_cut,y6zPxq4Tzes,UgyAfAk41cgerLyk8ad4AaABAg,2026-04-23T20:20:26Z,0
E2_cut,y6zPxq4Tzes,UgzXzEF7-IpyirEoGfV4AaABAg,2026-04-22T12:18:28Z,0
E2_cut,y6zPxq4Tzes,UgzRThmPOGa7yuIQ3654AaABAg,2026-04-22T11:45:09Z,0
E2_cut,y6zPxq4Tzes,UgwodX0h86rd5tPnzMp4AaABAg,2026-04-21T23:15:29Z,1
E2_cut,y6zPxq4Tzes,UgzxjxzPDLPuiQ_kVbV4AaABAg,2026-04-22T00:45:40Z,0
E2_cut,y6zPxq4Tzes,UgzH56weoLge9fhSoCd4AaABAg,2026-04-22T02:30:25Z,0
E2_cut,y6zPxq4Tzes,Ugxrr6A1O-yNI7I88Ht4AaABAg,2026-04-22T05:03:44Z,0
E2_cut,y6zPxq4Tzes,UgwR2259w4vw3m-JU394AaABAg,2026-04-22T08:28:16Z,0
E2_cut,y6zPxq4Tzes,Ugxd_7gInKFiNelu5VF4AaABAg,2026-04-22T12:18:48Z,0
E2_cut,y6zPxq4Tzes,UgwecmluUdTlUpOwBmp4AaABAg,2026-04-22T15:54:25Z,0
E2_cut,y6zPxq4Tzes,UgzNf7YcVCWd633dCaJ4AaABAg,2026-04-22T02:13:25Z,0
E2_cut,y6zPxq4Tzes,UgwUaxPAYB70chuibc54AaABAg,2026-04-22T22:18:43Z,0
E2_cut,y6zPxq4Tzes,UgycKHlRNocyDVifQGJ4AaABAg,2026-04-22T12:54:15Z,0
E2_cut,y6zPxq4Tzes,UgwEKdcNnr-qcgzGZkR4AaABAg,2026-05-01T19:35:58Z,0
E2_cut,y6zPxq4Tzes,Ugys1X_YspPyRubg_8Z4AaABAg,2026-04-21T19:02:04Z,0
E2_cut,y6zPxq4Tzes,Ugyv-LMNfKR5QLcTdG14AaABAg,2026-04-21T22:56:22Z,1
E2_cut,y6zPxq4Tzes,Ugwj6hBivBA6EC56OmN4AaABAg,2026-04-22T00:43:45Z,1
E2_cut,y6zPxq4Tzes,Ugz2aPLtGqs-QLOrJ4t4AaABAg,2026-06-13T07:44:14Z,0
E2_cut,y6zPxq4Tzes,UgzbQ62cm7mnzdm9s9Z4AaABAg,2026-04-22T10:22:21Z,0
E2_cut,y6zPxq4Tzes,Ugz1wkrB06dEMsEQNYF4AaABAg,2026-04-22T01:42:21Z,0
E2_cut,y6zPxq4Tzes,Ugzw-Vl-ndshdGTv9qd4AaABAg,2026-04-22T01:44:44Z,0
E2_cut,y6zPxq4Tzes,Ugzf2mGGtwbJv4wrCAp4AaABAg,2026-04-22T04:32:37Z,0
E2_cut,y6zPxq4Tzes,UgzMY7IlSYwbxb3HzAF4AaABAg,2026-04-22T04:46:51Z,0
E2_cut,y6zPxq4Tzes,UgwmiPSjTTcOl6qGsmp4AaABAg,2026-04-22T04:59:04Z,0
E2_cut,y6zPxq4Tzes,UgwSD1fTo6ufQ6PPLJ94AaABAg,2026-04-22T08:43:12Z,0
E2_cut,y6zPxq4Tzes,UgyvUSqgCrby7HwUbD94AaABAg,2026-04-22T11:49:58Z,0
E2_cut,y6zPxq4Tzes,UgzsRtmqvkcqmsPq0Cp4AaABAg,2026-04-22T00:43:57Z,0
E2_cut,y6zPxq4Tzes,UgyeX2i-6Z3Aih9kxA54AaABAg,2026-04-22T04:58:44Z,0
E2_cut,y6zPxq4Tzes,UgzpjtiMFrDoQ7E0yG94AaABAg,2026-04-22T05:33:43Z,0
E2_cut,y6zPxq4Tzes,Ugzf35n6toUqTLXDdeZ4AaABAg,2026-04-21T23:47:58Z,0
E2_cut,y6zPxq4Tzes,UgwjDYSr2IOm1y_zRqF4AaABAg,2026-04-21T19:44:43Z,0
E2_cut,y6zPxq4Tzes,UgyFY6OQHzI_X5QM_vZ4AaABAg,2026-07-17T21:13:36Z,0
E2_cut,y6zPxq4Tzes,UgzcyC-_PlA_mSp5-sx4AaABAg,2026-04-23T10:45:57Z,0
E2_cut,y6zPxq4Tzes,UgystEKq_ca0nq_ElFB4AaABAg,2026-04-21T19:10:41Z,0
E2_cut,y6zPxq4Tzes,UgwF1QLA6udvHOyo8654AaABAg,2026-04-21T23:01:18Z,1
E2_cut,y6zPxq4Tzes,Ugzre9Os-T8zUgcNmMV4AaABAg,2026-04-22T00:15:13Z,0
E2_cut,y6zPxq4Tzes,UgwcxsBH2GSXaAQu2b94AaABAg,2026-04-22T00:45:36Z,0
E2_cut,y6zPxq4Tzes,Ugy0QRsuB7zt8D8527h4AaABAg,2026-04-22T09:37:23Z,0
E2_cut,y6zPxq4Tzes,Ugz3yeWwwFOI1iTQw0J4AaABAg,2026-04-22T17:02:01Z,0
E2_cut,y6zPxq4Tzes,Ugwd_afeLvR1vFlBp_14AaABAg,2026-04-21T19:54:24Z,0
E2_cut,y6zPxq4Tzes,UgxnpMDM_5oN83u5cPJ4AaABAg,2026-04-22T17:57:30Z,0
E2_cut,y6zPxq4Tzes,Ugyg__CtFTyGBqRI71x4AaABAg,2026-04-21T23:43:22Z,0
E2_cut,y6zPxq4Tzes,Ugz7IkHLandz0Ns0UPV4AaABAg,2026-04-23T22:14:11Z,0
E2_cut,y6zPxq4Tzes,UgwgPVqYt2vlWKfhJvN4AaABAg,2026-04-22T11:31:24Z,0
E2_cut,y6zPxq4Tzes,Ugx3SADF5kTELhXzPY54AaABAg,2026-04-21T23:43:47Z,1
E2_cut,y6zPxq4Tzes,UgzXkEarwgvMuIFDgS14AaABAg,2026-04-24T22:44:01Z,0
E2_cut,y6zPxq4Tzes,UgwkZiED3dZkTs4aJcp4AaABAg,2026-04-22T02:20:28Z,0
E2_cut,y6zPxq4Tzes,Ugzcgw6cxcUx4SpJpkV4AaABAg,2026-04-22T02:36:06Z,0
E2_cut,y6zPxq4Tzes,UgxmpysC03qu09S1KR94AaABAg,2026-04-22T03:16:26Z,0
E2_cut,y6zPxq4Tzes,UgwC66ykU63I2V0Pt0p4AaABAg,2026-04-22T03:21:44Z,0
E2_cut,y6zPxq4Tzes,UgwVrjmnBtFa_e3bPb94AaABAg,2026-04-22T04:13:45Z,0
E2_cut,y6zPxq4Tzes,UgwCSMnY2hok2jLQCTp4AaABAg,2026-04-22T07:42:11Z,0
E2_cut,y6zPxq4Tzes,Ugyx12z0f6U3Co85Xwx4AaABAg,2026-04-22T10:33:46Z,0
E2_cut,y6zPxq4Tzes,UgyV5vnpNtc1twbLA5x4AaABAg,2026-04-23T16:12:04Z,0
E2_cut,y6zPxq4Tzes,UgxflVRN-dQaTg_XSnl4AaABAg,2026-04-25T05:18:40Z,0
E2_cut,y6zPxq4Tzes,Ugz-3uESYCY_yJ3Go1l4AaABAg,2026-04-22T02:20:31Z,0
E2_cut,y6zPxq4Tzes,Ugx5wf1AoFSzoojyp8N4AaABAg,2026-04-22T02:20:47Z,0
E2_cut,y6zPxq4Tzes,Ugx3zoXu-6pmoz18Z-94AaABAg,2026-04-22T05:02:36Z,0
E2_cut,y6zPxq4Tzes,UgyqZVvRz7g-w2CtRv14AaABAg,2026-04-22T13:31:15Z,0
E2_cut,y6zPxq4Tzes,Ugx3ksfdRsrcT-uS3Vh4AaABAg,2026-04-21T23:50:34Z,1
E2_cut,y6zPxq4Tzes,UgyxZcY-czkUFcz1_B54AaABAg,2026-04-23T03:38:29Z,0
E2_cut,y6zPxq4Tzes,UgxBT1CfDl59ZAepHI54AaABAg,2026-04-21T21:38:29Z,0
E2_cut,y6zPxq4Tzes,UgwiNa_t5sDfz83cby94AaABAg,2026-04-22T00:18:08Z,0
E2_cut,y6zPxq4Tzes,UgxTas8G5GcOMxWRwJR4AaABAg,2026-04-22T00:09:59Z,0
E2_cut,y6zPxq4Tzes,UgwqwwDPxkvUgug-Z6t4AaABAg,2026-04-22T03:53:00Z,0
E2_cut,y6zPxq4Tzes,UgzXKTiEebYB7sBcTLZ4AaABAg,2026-04-22T15:19:08Z,0
E2_cut,y6zPxq4Tzes,Ugysydqgr9on1LRvJTZ4AaABAg,2026-04-22T19:46:58Z,0
E2_cut,y6zPxq4Tzes,UgxstJCt0lGGhz7-9Uh4AaABAg,2026-04-23T05:41:25Z,0
E2_cut,y6zPxq4Tzes,Ugw2pN80UeoBQVwiDB54AaABAg,2026-04-22T00:00:21Z,1
E2_cut,y6zPxq4Tzes,UgzefBnYZw81DE7rPex4AaABAg,2026-04-22T07:36:46Z,0
E2_cut,y6zPxq4Tzes,UgxG-218bLGR3Yx3N0B4AaABAg,2026-04-28T04:17:54Z,0
E2_cut,y6zPxq4Tzes,UgwnCbwb1NEKYDzeVXZ4AaABAg,2026-04-22T06:07:48Z,2
E2_cut,y6zPxq4Tzes,UgxcwILzouRwj2ieMwZ4AaABAg,2026-04-21T19:47:21Z,0
E2_cut,y6zPxq4Tzes,UgyykoAbWZuWeTx0Fj94AaABAg,2026-05-19T09:09:45Z,0
E2_cut,y6zPxq4Tzes,UgwOfmqi1nHwbkx5dVV4AaABAg,2026-05-11T22:13:28Z,0
E2_cut,y6zPxq4Tzes,UgxEczkynE0TkOTsR0d4AaABAg,2026-04-21T19:09:22Z,0
E2_cut,y6zPxq4Tzes,UgzMsX5KqYosDVjrlgN4AaABAg,2026-04-23T10:36:52Z,0
E2_cut,y6zPxq4Tzes,UgwwqqZ9m_RaKFeSnq14AaABAg,2026-04-22T02:26:48Z,1
E2_cut,y6zPxq4Tzes,UgyYqs9FjxN4aCoXASZ4AaABAg,2026-04-22T08:50:45Z,0
E2_cut,y6zPxq4Tzes,Ugxek6QeVnmOosHSkdN4AaABAg,2026-04-22T07:19:26Z,0
E2_cut,y6zPxq4Tzes,UgxRDuGI3j32GD3vfGR4AaABAg,2026-04-22T11:37:49Z,1
E2_cut,y6zPxq4Tzes,UgziM7pU9ZGqjKP1AdZ4AaABAg,2026-04-22T11:21:30Z,1
E2_cut,y6zPxq4Tzes,UgwwOaYoUbd5Nr9A_5Z4AaABAg,2026-04-22T01:23:04Z,0
E2_cut,y6zPxq4Tzes,UgziSua8taPBnUrOXeF4AaABAg,2026-04-22T05:56:57Z,0
E2_cut,y6zPxq4Tzes,UgzvFUdB-pXacaDNIU54AaABAg,2026-04-22T06:56:45Z,0
E2_cut,y6zPxq4Tzes,UgzVgjLEzlyyraPjy1Z4AaABAg,2026-04-22T09:09:02Z,0
E2_cut,y6zPxq4Tzes,UgzJdkKCfFuc_AE9-fx4AaABAg,2026-04-22T10:16:52Z,0
E2_cut,y6zPxq4Tzes,UgxUrWoGBEVM0HZxh794AaABAg,2026-04-21T23:04:19Z,0
E2_cut,y6zPxq4Tzes,UgyBU8jPUAKJcqWbA394AaABAg,2026-04-22T11:03:04Z,0
E2_cut,y6zPxq4Tzes,UgyeKyKjVohujaMVWJx4AaABAg,2026-04-21T22:08:33Z,15
E2_cut,y6zPxq4Tzes,UgwXGOFcqnx9mTgJaX14AaABAg,2026-04-22T09:47:26Z,0
E2_cut,y6zPxq4Tzes,UgyFhLkQE4kd79gz9Rt4AaABAg,2026-04-22T01:56:01Z,0
E2_cut,y6zPxq4Tzes,Ugwsn5t39quRMzKlQ8d4AaABAg,2026-04-22T02:14:11Z,0
E2_cut,y6zPxq4Tzes,UgzeIQbO5k-eyhOuFrJ4AaABAg,2026-04-22T04:07:44Z,0
E2_cut,y6zPxq4Tzes,UgwgLJxgo2Ume4ib_094AaABAg,2026-04-22T01:36:24Z,1
E2_cut,y6zPxq4Tzes,Ugwpe9zRDkSgFUwdmYZ4AaABAg,2026-04-25T14:44:14Z,0
E2_cut,y6zPxq4Tzes,UgwdbH6HDL-N_3BtNzJ4AaABAg,2026-04-22T00:50:43Z,0
E2_cut,y6zPxq4Tzes,Ugyv8x4mGijz1WLqIxB4AaABAg,2026-04-28T02:45:57Z,0
E2_cut,y6zPxq4Tzes,UgzuG9LO712zUOqCs_14AaABAg,2026-04-22T00:22:59Z,0
E2_cut,y6zPxq4Tzes,Ugx-hSg5s1GAbqZ6pOJ4AaABAg,2026-04-22T03:53:24Z,0
E2_cut,y6zPxq4Tzes,UgyNjaqoyhL77UcvTpR4AaABAg,2026-04-22T03:53:11Z,0
E2_cut,y6zPxq4Tzes,UgyNthFTYVkxXJiaZl94AaABAg,2026-04-22T03:54:04Z,0
E2_cut,y6zPxq4Tzes,UgxxGdO7G9EDrqyIbR54AaABAg,2026-04-22T03:53:44Z,0
E2_cut,y6zPxq4Tzes,Ugw7R7Oq4_cbz-w49GN4AaABAg,2026-04-22T01:14:24Z,0
E2_cut,y6zPxq4Tzes,UgzOX5im6qrbiNI4yXt4AaABAg,2026-04-22T03:02:52Z,0
E2_cut,y6zPxq4Tzes,UgyV4MI6L0oRsWVGCit4AaABAg,2026-04-22T03:53:33Z,0
E2_cut,y6zPxq4Tzes,Ugz6JIdYLlgFXkRggjt4AaABAg,2026-04-22T03:53:29Z,0
E2_cut,y6zPxq4Tzes,UgyvF_UttegTVUKQ9sh4AaABAg,2026-04-22T03:53:20Z,0
E2_cut,y6zPxq4Tzes,UgxPr9neKDEClk1kwUN4AaABAg,2026-04-22T03:53:15Z,0
E2_cut,y6zPxq4Tzes,UgwHeLtRKnsLnaXa6EJ4AaABAg,2026-04-22T03:54:26Z,0
E2_cut,y6zPxq4Tzes,Ugy20VGHoS4ZCTdqpA94AaABAg,2026-04-22T03:54:22Z,0
E2_cut,y6zPxq4Tzes,Ugx_b4-NBBTn4Jq3RhZ4AaABAg,2026-04-22T03:54:19Z,0
E2_cut,y6zPxq4Tzes,UgyDleCiAG3_66mMx3l4AaABAg,2026-04-22T03:54:15Z,0
E2_cut,y6zPxq4Tzes,UgzrNRcFTwPL7aSmLTh4AaABAg,2026-04-22T03:54:11Z,0
E2_cut,y6zPxq4Tzes,UgwDM3xdhO7dgHxAsuR4AaABAg,2026-04-22T03:54:07Z,0
E2_cut,y6zPxq4Tzes,UgwC8oPtXcrtITosxf94AaABAg,2026-04-22T03:54:00Z,0
E2_cut,y6zPxq4Tzes,UgzSXpi8Hj1-kDovexN4AaABAg,2026-04-22T03:53:57Z,0
E2_cut,y6zPxq4Tzes,UgyAJataDwwGQKaGpxR4AaABAg,2026-04-22T03:53:51Z,0
E2_cut,y6zPxq4Tzes,Ugy-jy0EdX0fUgBy9Ix4AaABAg,2026-04-22T03:53:41Z,0
E2_cut,y6zPxq4Tzes,UgxDEQqbJJ4-y13Lbrx4AaABAg,2026-04-22T03:53:37Z,0
E2_cut,y6zPxq4Tzes,UgyUK9PB_YZYWjGO2sp4AaABAg,2026-04-22T16:59:03Z,0
E2_cut,y6zPxq4Tzes,Ugzk2yEUJfBFlQmVsNp4AaABAg,2026-04-22T11:07:14Z,0
E2_cut,y6zPxq4Tzes,UgzGGpbrSp2KikKtRgV4AaABAg,2026-04-21T23:43:44Z,0
E2_cut,y6zPxq4Tzes,Ugxib01ZBfoec_tJALx4AaABAg,2026-04-22T00:04:47Z,0
E2_cut,y6zPxq4Tzes,UgwTs83x50oq17HDPqx4AaABAg,2026-04-28T10:52:17Z,0
E2_cut,y6zPxq4Tzes,UgwjZyqD7xicl8UyBCN4AaABAg,2026-04-21T23:13:28Z,1
E2_cut,y6zPxq4Tzes,UgzbNx89CurtdBmV3yt4AaABAg,2026-04-21T21:01:15Z,0
E2_cut,y6zPxq4Tzes,UgyvGuksUju7HIC_7OV4AaABAg,2026-04-21T20:20:08Z,0
E2_cut,y6zPxq4Tzes,UgwGbRY_od8Vsqvhzgh4AaABAg,2026-04-22T04:52:26Z,0
E2_cut,y6zPxq4Tzes,UgycnHQJP8JbxTKFle94AaABAg,2026-04-21T22:19:03Z,0
E2_cut,y6zPxq4Tzes,UgyElfN5AlwRsj69_494AaABAg,2026-04-22T05:00:54Z,0
E2_cut,y6zPxq4Tzes,Ugye1C7RnNZOrKEaYTx4AaABAg,2026-04-22T05:10:01Z,0
E2_cut,y6zPxq4Tzes,UgyDe_yadSCRCfpKxHJ4AaABAg,2026-04-21T23:10:52Z,1
E2_cut,y6zPxq4Tzes,Ugy1kw2duqu6XGKJFZF4AaABAg,2026-04-21T23:58:01Z,1
E2_cut,y6zPxq4Tzes,UgzwXNF1qlyyvQOqdjd4AaABAg,2026-04-22T11:37:37Z,1
E2_cut,Cf9x7oZy3UM,Ugw3CMyYt3_YFFmZQ414AaABAg,2026-04-21T22:22:14Z,94
E2_cut,Cf9x7oZy3UM,Ugzxoico07djosGmgjt4AaABAg,2026-04-21T23:36:00Z,104
E2_cut,Cf9x7oZy3UM,UgyvDzJXz5sZgifOfZN4AaABAg,2026-04-21T21:50:32Z,223
E2_cut,Cf9x7oZy3UM,UgzlaHPs3r04niwZ6P94AaABAg,2026-04-21T23:20:25Z,112
E2_cut,Cf9x7oZy3UM,UgyuUBbyM6MC6xcEwnN4AaABAg,2026-04-21T21:27:03Z,28
E2_cut,Cf9x7oZy3UM,Ugyo6Hoxc6wM79LGmDZ4AaABAg,2026-04-21T22:24:42Z,11
E2_cut,Cf9x7oZy3UM,UgyIZs2m4aZl425uI_14AaABAg,2026-04-22T06:12:12Z,9
E2_cut,Cf9x7oZy3UM,UgxrUReo7s-kORuj6zV4AaABAg,2026-04-21T21:45:45Z,18
E2_cut,Cf9x7oZy3UM,Ugx8gJ27UyQE-rOpmBp4AaABAg,2026-04-22T01:28:39Z,0
E2_cut,Cf9x7oZy3UM,UgwgLffIJApdraHQh1B4AaABAg,2026-04-22T12:29:50Z,13
E2_cut,Cf9x7oZy3UM,UgyY0xx2iMy9i57TAHl4AaABAg,2026-04-21T21:10:50Z,141
E2_cut,Cf9x7oZy3UM,UgxN3jCu-p45JF-Dg3V4AaABAg,2026-04-22T02:45:51Z,0
E2_cut,Cf9x7oZy3UM,UgzDbx79odmMs5G48lF4AaABAg,2026-04-22T12:25:10Z,0
E2_cut,Cf9x7oZy3UM,UgzvC-Qgs3q7-Kqi5i54AaABAg,2026-04-22T11:10:13Z,11
E2_cut,Cf9x7oZy3UM,UgzLdL8oL_4aC0m7Ywx4AaABAg,2026-04-21T22:12:58Z,14
E2_cut,Cf9x7oZy3UM,Ugzf3oZ3aO9SmVPHETh4AaABAg,2026-04-21T22:06:28Z,3
E2_cut,Cf9x7oZy3UM,Ugy4LTzqgFpw7lNWjrF4AaABAg,2026-04-22T01:03:24Z,1
E2_cut,Cf9x7oZy3UM,UgyQuFwOSj5f8zlSoBh4AaABAg,2026-04-22T02:19:00Z,3
E2_cut,Cf9x7oZy3UM,Ugx1t7FpOrAlwAPs1kV4AaABAg,2026-04-21T23:13:32Z,1
E2_cut,Cf9x7oZy3UM,UgzCU0xPYcv30LIJwP94AaABAg,2026-04-22T00:04:40Z,0
E2_cut,Cf9x7oZy3UM,UgyaGKvUQkK5RYK6SoN4AaABAg,2026-04-22T14:24:45Z,0
E2_cut,Cf9x7oZy3UM,UgwdrhHQmCYvwMuQZIh4AaABAg,2026-04-22T10:21:55Z,1
E2_cut,Cf9x7oZy3UM,Ugxtr4N4q-ydVzkXVDl4AaABAg,2026-04-22T02:25:42Z,0
E2_cut,Cf9x7oZy3UM,UgzsE3aE5wyfdw8H34d4AaABAg,2026-04-22T08:21:03Z,0
E2_cut,Cf9x7oZy3UM,Ugwp4_m9Ak3APHIaDNN4AaABAg,2026-04-22T15:01:31Z,0
E2_cut,Cf9x7oZy3UM,UgzHx_tklG1z59MRgMZ4AaABAg,2026-04-22T00:32:21Z,1
E2_cut,Cf9x7oZy3UM,Ugx4LJbc2tf8ovkCKAR4AaABAg,2026-04-21T21:22:31Z,32
E2_cut,Cf9x7oZy3UM,UgxhpNwPQlxE19Lytzd4AaABAg,2026-04-22T12:57:25Z,0
E2_cut,Cf9x7oZy3UM,UgyAMnAppbMDEYV7t1l4AaABAg,2026-04-21T23:50:17Z,0
E2_cut,Cf9x7oZy3UM,UgzYvieuJylKFhsqg414AaABAg,2026-04-21T22:10:17Z,4
E2_cut,Cf9x7oZy3UM,UgzVQ6YAnrR4-KglvNl4AaABAg,2026-04-21T22:27:03Z,1
E2_cut,Cf9x7oZy3UM,Ugy7gyxHeGmLF_jMm6V4AaABAg,2026-04-22T05:26:08Z,0
E2_cut,Cf9x7oZy3UM,Ugz5m32o32ufw1LTc2B4AaABAg,2026-04-22T16:29:40Z,0
E2_cut,Cf9x7oZy3UM,Ugw5AtVjPfTjZbL4EPV4AaABAg,2026-04-22T10:38:11Z,1
E2_cut,Cf9x7oZy3UM,UgzTtJnu_wfIaaof8KJ4AaABAg,2026-04-22T09:16:34Z,0
E2_cut,Cf9x7oZy3UM,UgwiP2VUG06YBtOH_P14AaABAg,2026-04-22T03:05:26Z,0
E2_cut,Cf9x7oZy3UM,UgxAUkNSE-oemOo9Ofl4AaABAg,2026-04-21T22:35:41Z,37
E2_cut,Cf9x7oZy3UM,UgwSt40PlbOju0i5QUt4AaABAg,2026-04-21T22:11:44Z,1
E2_cut,Cf9x7oZy3UM,UgzUGe-MIeAuMMHFN0Z4AaABAg,2026-04-21T21:57:59Z,18
E2_cut,Cf9x7oZy3UM,UgxHQjWgCdjiD4E8RUN4AaABAg,2026-04-21T22:53:03Z,0
E2_cut,Cf9x7oZy3UM,Ugx0uCImNulNx7ske_p4AaABAg,2026-04-22T04:16:25Z,1
E2_cut,Cf9x7oZy3UM,UgzE2qMYfrzGFhpXchR4AaABAg,2026-04-21T22:05:48Z,2
E2_cut,Cf9x7oZy3UM,UgwHEjdtz0-z1DPhcOV4AaABAg,2026-04-22T16:10:36Z,0
E2_cut,Cf9x7oZy3UM,UgyrZXSa0d3grCLEqYF4AaABAg,2026-04-21T23:06:32Z,2
E2_cut,Cf9x7oZy3UM,UgxUnqCOFuChPUL131J4AaABAg,2026-04-22T05:59:44Z,0
E2_cut,Cf9x7oZy3UM,Ugz0Uh7yiHDIfecAkOV4AaABAg,2026-04-22T02:59:09Z,1
E2_cut,Cf9x7oZy3UM,UgzEtVEN0PqTEFpNlml4AaABAg,2026-04-22T13:32:32Z,0
E2_cut,Cf9x7oZy3UM,UgzhYEJL4d_fg_ARW_x4AaABAg,2026-04-21T22:48:41Z,2
E2_cut,Cf9x7oZy3UM,Ugzy6En5U25v-YlQMYV4AaABAg,2026-04-21T22:00:46Z,2
E2_cut,Cf9x7oZy3UM,UgzBaZama9iUBOhKsLB4AaABAg,2026-04-27T05:07:07Z,0
E2_cut,Cf9x7oZy3UM,UgyQ71ajeLvzOruVEhR4AaABAg,2026-04-22T22:17:34Z,2
E2_cut,Cf9x7oZy3UM,UgzC2kG7NLHLNkVdlC94AaABAg,2026-04-21T21:31:57Z,42
E2_cut,Cf9x7oZy3UM,UgxNOgYv0jPRv9YcL4x4AaABAg,2026-04-22T04:34:27Z,0
E2_cut,Cf9x7oZy3UM,Ugx8m-VYlZWvCFZdgEB4AaABAg,2026-04-22T20:47:06Z,0
E2_cut,Cf9x7oZy3UM,Ugwlv7TZ2PgNGPwGUl94AaABAg,2026-04-22T03:28:32Z,7
E2_cut,Cf9x7oZy3UM,Ugz89_sulyUVYvn2tNp4AaABAg,2026-04-21T22:14:49Z,4
E2_cut,Cf9x7oZy3UM,UgzNCzg_A7AkOiyTCb54AaABAg,2026-04-22T12:10:20Z,15
E2_cut,Cf9x7oZy3UM,UgxSpL9Vr0JgWZ_tis94AaABAg,2026-04-21T21:45:13Z,13
E2_cut,Cf9x7oZy3UM,UgxwCdpEfEKZwmjLAdl4AaABAg,2026-04-21T21:51:58Z,4
E2_cut,Cf9x7oZy3UM,Ugxxn8ggAQgaQL-lxox4AaABAg,2026-04-22T23:46:35Z,2
E2_cut,Cf9x7oZy3UM,UgyjLNkcgaKp5ZVi5A54AaABAg,2026-04-22T00:10:00Z,0
E2_cut,Cf9x7oZy3UM,Ugy7HyXwwDCXtSInEut4AaABAg,2026-04-21T21:41:51Z,0
E2_cut,Cf9x7oZy3UM,Ugxx8moyNXVnguhIKz94AaABAg,2026-04-21T21:06:29Z,24
E2_cut,Cf9x7oZy3UM,UgyGEA8ec_O-BvnkWCx4AaABAg,2026-04-22T00:14:33Z,4
E2_cut,Cf9x7oZy3UM,Ugxh1Dp2iaU9tMXwdbt4AaABAg,2026-04-21T22:34:30Z,0
E2_cut,Cf9x7oZy3UM,UgyyMo_aKFmLIvgEP0F4AaABAg,2026-04-23T03:13:57Z,1
E2_cut,Cf9x7oZy3UM,Ugwlqy0-H1Hdw0W2K9h4AaABAg,2026-04-23T15:22:46Z,0
E2_cut,Cf9x7oZy3UM,Ugw8xMsJDMofFUr355Z4AaABAg,2026-04-22T13:54:15Z,0
E2_cut,Cf9x7oZy3UM,UgwgumF9WSAqn5OaVfJ4AaABAg,2026-04-22T03:54:05Z,1
E2_cut,Cf9x7oZy3UM,Ugy6sQOY8y1b5hWC1cB4AaABAg,2026-04-22T14:41:35Z,0
E2_cut,Cf9x7oZy3UM,UgzZAwAI6l2SSRDtZuZ4AaABAg,2026-04-21T23:04:38Z,0
E2_cut,Cf9x7oZy3UM,UgzyfMGcg35KlHGUXSR4AaABAg,2026-04-22T09:58:23Z,0
E2_cut,Cf9x7oZy3UM,Ugx5tVF05lQJWSXiu354AaABAg,2026-04-22T19:30:58Z,0
E2_cut,Cf9x7oZy3UM,UgxGcZb4kD4tc0AChLF4AaABAg,2026-04-21T23:33:02Z,3
E2_cut,Cf9x7oZy3UM,UgwwJ3TtAwcVzPggVAR4AaABAg,2026-04-22T03:12:10Z,0
E2_cut,Cf9x7oZy3UM,UgzMFhbCSIjeLS6KIX94AaABAg,2026-04-21T21:25:31Z,29
E2_cut,Cf9x7oZy3UM,UgzgxqKsXCtE4Q55Wp54AaABAg,2026-04-22T02:13:16Z,0
E2_cut,Cf9x7oZy3UM,UgzAtFFVM5k-t0BGlJV4AaABAg,2026-04-22T04:49:22Z,0
E2_cut,Cf9x7oZy3UM,Ugzq1fFJbiWVXz3J8kx4AaABAg,2026-04-22T00:22:10Z,1
E2_cut,Cf9x7oZy3UM,UgwgwmpNJbh5yIwriZt4AaABAg,2026-04-21T21:12:08Z,3
E2_cut,Cf9x7oZy3UM,UgyathLizTGrvT45BFp4AaABAg,2026-04-22T13:27:51Z,0
E2_cut,Cf9x7oZy3UM,UgxXLDAlcvg31QbFG0l4AaABAg,2026-04-23T00:21:01Z,0
E2_cut,Cf9x7oZy3UM,UgyqvB1zVclHsiVTy7V4AaABAg,2026-04-22T03:16:06Z,0
E2_cut,Cf9x7oZy3UM,UgzGWGB9qjORqOH_UXh4AaABAg,2026-04-21T23:10:07Z,0
E2_cut,Cf9x7oZy3UM,Ugzu_IGMJ5AMEX_Qt8R4AaABAg,2026-04-22T12:37:24Z,0
E2_cut,Cf9x7oZy3UM,UgyfAAA0zxpIatDvN494AaABAg,2026-04-21T21:10:55Z,4
E2_cut,Cf9x7oZy3UM,UgwR0Qr1QTS2IiG1UMp4AaABAg,2026-04-22T06:15:53Z,3
E2_cut,Cf9x7oZy3UM,UgxBdE88Djn46XYv2J14AaABAg,2026-04-21T22:36:04Z,1
E2_cut,Cf9x7oZy3UM,UgzdTDSVb_MaALusIAR4AaABAg,2026-04-22T08:12:01Z,0
E2_cut,Cf9x7oZy3UM,Ugx990R55D5UFfi2QsB4AaABAg,2026-04-22T11:42:32Z,0
E2_cut,Cf9x7oZy3UM,Ugw1G57pnr78qNFHKRh4AaABAg,2026-04-21T22:36:04Z,0
E2_cut,Cf9x7oZy3UM,Ugyz4pFAwY9bi5KpBg54AaABAg,2026-04-22T07:44:41Z,8
E2_cut,Cf9x7oZy3UM,Ugz4ko1rAO2ilt3dQ4p4AaABAg,2026-04-21T22:37:36Z,0
E2_cut,Cf9x7oZy3UM,UgwSkKflvAaLiCbxUhZ4AaABAg,2026-04-21T21:06:29Z,4
E2_cut,Cf9x7oZy3UM,Ugyx3wLS0gvWHMqqUnV4AaABAg,2026-04-22T01:24:08Z,0
E2_cut,Cf9x7oZy3UM,UgzP2bHfSTavp8e3GsF4AaABAg,2026-04-22T11:54:13Z,0
E2_cut,Cf9x7oZy3UM,UgynnM-HSdOICMoChVB4AaABAg,2026-04-21T21:47:57Z,0
E2_cut,Cf9x7oZy3UM,UgxSaOlKRmj7dwdZu5t4AaABAg,2026-04-21T21:35:56Z,4
E2_cut,Cf9x7oZy3UM,UgwmKffL5SVuS_sUHXx4AaABAg,2026-04-21T21:30:00Z,4
E2_cut,Cf9x7oZy3UM,UgxknMlqe5Jp6AwWAdF4AaABAg,2026-04-21T21:45:36Z,37
E2_cut,Cf9x7oZy3UM,Ugy1n6gVceXDuZFQYWt4AaABAg,2026-04-22T01:19:35Z,0
E2_cut,Cf9x7oZy3UM,Ugx892kd7Ss8Dv2vou14AaABAg,2026-04-22T08:05:34Z,0
E2_cut,Cf9x7oZy3UM,UgxCuW-PCJvkwwj3ghJ4AaABAg,2026-04-23T10:29:08Z,1
E2_cut,Cf9x7oZy3UM,Ugx2SU-B2H849aFTNtF4AaABAg,2026-04-25T20:19:22Z,0
E2_cut,Cf9x7oZy3UM,UgwwMglwvzpZCDXlzeN4AaABAg,2026-04-22T16:17:40Z,0
E2_cut,Cf9x7oZy3UM,Ugx1PUAo_fjh28QoqLF4AaABAg,2026-04-22T07:42:30Z,1
E2_cut,Cf9x7oZy3UM,UgyWI5QxZY4VQn-H8WB4AaABAg,2026-04-23T10:17:29Z,0
E2_cut,Cf9x7oZy3UM,UgyjEbWdmAZglAX7aKF4AaABAg,2026-04-21T22:36:14Z,1
E2_cut,Cf9x7oZy3UM,Ugxd04bM7zD2FqlzPxp4AaABAg,2026-04-22T09:25:00Z,2
E2_cut,Cf9x7oZy3UM,UgxNGS60Kr86FDPMiYd4AaABAg,2026-04-22T13:28:07Z,0
E2_cut,Cf9x7oZy3UM,UgxiNuDnC_WzaTZClDJ4AaABAg,2026-04-22T09:43:32Z,2
E2_cut,Cf9x7oZy3UM,Ugy9I3g_3zSxWTH7EVB4AaABAg,2026-04-21T22:18:49Z,1
E2_cut,Cf9x7oZy3UM,UgzaCWG8N5ag9ycY1xp4AaABAg,2026-04-22T02:05:30Z,0
E2_cut,Cf9x7oZy3UM,UgxA5M3-6Qrby2jXC5V4AaABAg,2026-04-23T10:23:20Z,0
E2_cut,Cf9x7oZy3UM,UgycqYySWxxXZMq2uwp4AaABAg,2026-04-22T21:15:03Z,0
E2_cut,Cf9x7oZy3UM,UgyJmgY6wC3bbt0_8UB4AaABAg,2026-04-22T23:07:22Z,0
E2_cut,Cf9x7oZy3UM,UgzUR0yMrwARLPE6pT54AaABAg,2026-04-22T10:29:54Z,0
E2_cut,Cf9x7oZy3UM,UgxxTQrtJJIpCitBGIB4AaABAg,2026-04-23T03:36:11Z,1
E2_cut,Cf9x7oZy3UM,UgxwZzcTREM_4ZQ6AJt4AaABAg,2026-04-22T19:12:39Z,0
E2_cut,Cf9x7oZy3UM,UgwunoSohK1ucsLiCcp4AaABAg,2026-04-22T02:58:17Z,1
E2_cut,Cf9x7oZy3UM,UgxJx6ODRLZLYVyFXyF4AaABAg,2026-04-22T07:06:25Z,1
E2_cut,Cf9x7oZy3UM,Ugy6PALotBAkdMGzqCd4AaABAg,2026-04-23T17:37:16Z,0
E2_cut,Cf9x7oZy3UM,UgxqEXCt2MmF8d8UYWt4AaABAg,2026-04-22T12:55:20Z,0
E2_cut,Cf9x7oZy3UM,UgzqbjT5LjDAEqYzS6d4AaABAg,2026-04-22T04:59:11Z,0
E2_cut,Cf9x7oZy3UM,UgyTSDl7icf8aTpmk4d4AaABAg,2026-04-21T21:01:42Z,2
E2_cut,Cf9x7oZy3UM,UgyKsjf3hux7k2CFOcl4AaABAg,2026-04-23T14:31:07Z,1
E2_cut,Cf9x7oZy3UM,UgxSbesvdom9NdcrmhJ4AaABAg,2026-04-21T22:53:57Z,1
E2_cut,Cf9x7oZy3UM,UgyK5rZx0rNGD3edTSx4AaABAg,2026-04-21T23:29:48Z,2
E2_cut,Cf9x7oZy3UM,UgxsGXkCupmKlFxgtpd4AaABAg,2026-04-22T17:15:21Z,1
E2_cut,Cf9x7oZy3UM,UgxSE5sF3p18zgsJUL94AaABAg,2026-04-22T14:46:25Z,1
E2_cut,Cf9x7oZy3UM,UgxJ2V0rwXDkSblT8IJ4AaABAg,2026-04-25T15:24:31Z,0
E2_cut,Cf9x7oZy3UM,Ugw_qieepEBaHy4rodF4AaABAg,2026-04-22T03:05:08Z,0
E2_cut,Cf9x7oZy3UM,UgzJW9jXFpH4lkRnOZl4AaABAg,2026-04-22T12:39:17Z,0
E2_cut,Cf9x7oZy3UM,UgxYYRpa0JluhDG2Ynp4AaABAg,2026-04-22T18:02:41Z,1
E2_cut,Cf9x7oZy3UM,UgwBcULXD5lceoSsWZt4AaABAg,2026-04-22T06:30:00Z,0
E2_cut,Cf9x7oZy3UM,Ugw6nHpyPbahtZLF9Sh4AaABAg,2026-04-23T08:21:00Z,0
E2_cut,Cf9x7oZy3UM,UgxWu3v1MIIAx_5xt594AaABAg,2026-04-22T18:01:24Z,2
E2_cut,Cf9x7oZy3UM,Ugx3X3rwPZg5UgK-Lw14AaABAg,2026-04-22T13:02:16Z,0
E2_cut,Cf9x7oZy3UM,UgzuombJIf56bjt-tMt4AaABAg,2026-04-22T10:01:11Z,0
E2_cut,Cf9x7oZy3UM,UgwwEupvnMA0SJMxn5F4AaABAg,2026-04-22T20:59:53Z,0
E2_cut,Cf9x7oZy3UM,UgzS2N6CmeE1aVyrtHB4AaABAg,2026-04-22T14:56:22Z,1
E2_cut,Cf9x7oZy3UM,UgzHs4KiB0cOoEtvXBd4AaABAg,2026-04-22T12:26:11Z,2
E2_cut,Cf9x7oZy3UM,UgyGqyh-wnJYuqjLSbt4AaABAg,2026-04-22T15:24:58Z,0
E2_cut,Cf9x7oZy3UM,Ugyo1wJc5Uq4H3XBd114AaABAg,2026-04-22T19:25:31Z,0
E2_cut,Cf9x7oZy3UM,UgwnyIu6HVRY_eRoJZp4AaABAg,2026-04-22T15:51:41Z,0
E2_cut,Cf9x7oZy3UM,Ugw9EKm0YL2UpRnNiXx4AaABAg,2026-04-22T13:29:12Z,0
E2_cut,Cf9x7oZy3UM,UgwK9OHFaHiXY_46MaN4AaABAg,2026-04-22T03:51:32Z,0
E2_cut,Cf9x7oZy3UM,UgwpmzwyrbmO2-IsyoF4AaABAg,2026-04-22T16:25:34Z,0
E2_cut,Cf9x7oZy3UM,UgxAlDZ5Hvd8qBZu_fJ4AaABAg,2026-04-21T22:37:52Z,0
E2_cut,Cf9x7oZy3UM,Ugyq1gjYqUae_z0iwUx4AaABAg,2026-04-23T16:15:13Z,0
E2_cut,Cf9x7oZy3UM,Ugzj6LV_Cf3huIODewt4AaABAg,2026-04-22T15:20:32Z,0
E2_cut,Cf9x7oZy3UM,Ugwn_QwC909SDzk2_nd4AaABAg,2026-04-22T16:44:11Z,0
E2_cut,Cf9x7oZy3UM,UgwcVty5JVGMFxtvnv14AaABAg,2026-04-22T14:08:13Z,0
E2_cut,Cf9x7oZy3UM,Ugz1CopQBUYUXu2CnaJ4AaABAg,2026-04-22T01:53:18Z,0
E2_cut,Cf9x7oZy3UM,Ugz-SZC99-ow92I6ojJ4AaABAg,2026-04-22T03:42:33Z,0
E2_cut,Cf9x7oZy3UM,UgweR1fDOL3FyIAOZIB4AaABAg,2026-04-22T12:23:46Z,0
E2_cut,Cf9x7oZy3UM,UgwqeoT-oDhpGZ_5l0h4AaABAg,2026-04-23T04:37:20Z,0
E2_cut,Cf9x7oZy3UM,UgzYKxEj24rbh6OYc414AaABAg,2026-04-22T18:51:04Z,0
E2_cut,Cf9x7oZy3UM,UgwF79YNrU4jEvczzVV4AaABAg,2026-04-22T19:16:05Z,0
E2_cut,Cf9x7oZy3UM,UgyQuyaof0lKsjDBljx4AaABAg,2026-04-22T04:47:20Z,0
E2_cut,Cf9x7oZy3UM,Ugx3NBKBQfWSPvpct5t4AaABAg,2026-04-22T16:15:09Z,0
E2_cut,Cf9x7oZy3UM,Ugx4SQ0lPmKNllB5vsV4AaABAg,2026-04-23T11:09:06Z,0
E2_cut,Cf9x7oZy3UM,UgyJ0izgO6KqjPiBkAh4AaABAg,2026-04-23T22:40:22Z,0
E2_cut,Cf9x7oZy3UM,UgyiZVu9jO-_zcpFvRR4AaABAg,2026-04-24T02:10:00Z,0
E2_cut,Cf9x7oZy3UM,UgzlUppEx6UvevsZA5J4AaABAg,2026-04-22T06:26:29Z,0
E2_cut,Cf9x7oZy3UM,UgzBtVhED_CJfzlkWZ94AaABAg,2026-04-22T12:53:03Z,0
E2_cut,Cf9x7oZy3UM,UgwYhdedD6U_cag5RJx4AaABAg,2026-04-22T01:53:30Z,0
E2_cut,Cf9x7oZy3UM,Ugyw1QLVd8UiP2InwG94AaABAg,2026-04-22T12:31:40Z,0
E2_cut,Cf9x7oZy3UM,Ugy5hf97Ds4Vr4FgGzB4AaABAg,2026-04-22T01:08:27Z,0
E2_cut,Cf9x7oZy3UM,UgztBxVhn677mliNmC54AaABAg,2026-04-22T01:56:18Z,0
E2_cut,Cf9x7oZy3UM,Ugw06qk_txrqrl3sE2t4AaABAg,2026-04-22T03:26:26Z,1
E2_cut,Cf9x7oZy3UM,UgzDUBY4vW9JIn12mBF4AaABAg,2026-04-22T02:21:08Z,0
E2_cut,Cf9x7oZy3UM,Ugzf6ED1FK9s0OzBdqp4AaABAg,2026-04-22T15:24:22Z,0
E2_cut,Cf9x7oZy3UM,UgxhRRiMxrucrNW4HKR4AaABAg,2026-04-22T21:25:19Z,0
E2_cut,Cf9x7oZy3UM,UgzgnoucYVCy-1rt0Ct4AaABAg,2026-04-21T21:39:09Z,17
E2_cut,Cf9x7oZy3UM,UgxYqZg8GrsHYIzWnx54AaABAg,2026-04-21T23:34:21Z,8
E2_cut,Cf9x7oZy3UM,UgxM_aI00Mh993Z6ex94AaABAg,2026-04-21T21:23:45Z,2
E2_cut,Cf9x7oZy3UM,Ugwa8_SGyGd6SfPMJUp4AaABAg,2026-04-22T01:11:07Z,0
E2_cut,Cf9x7oZy3UM,UgwiOT8PrQtvw_56bs54AaABAg,2026-04-21T21:09:52Z,2
E2_cut,Cf9x7oZy3UM,Ugx4zZBwsvGt7m1hkdB4AaABAg,2026-04-22T09:59:01Z,0
E2_cut,Cf9x7oZy3UM,UgzidvGQ-x7vjsb_IsB4AaABAg,2026-04-21T22:50:11Z,0
E2_cut,Cf9x7oZy3UM,UgykxSaQl9PZJoh2aYN4AaABAg,2026-04-22T15:29:01Z,0
E2_cut,Cf9x7oZy3UM,Ugx11SWmq-vw2pd3vG54AaABAg,2026-04-22T03:09:06Z,0
E2_cut,Cf9x7oZy3UM,Ugyc-e12l73Qv2JT3fp4AaABAg,2026-04-22T02:30:29Z,0
E2_cut,Cf9x7oZy3UM,Ugywh9MnN8_dgmxgldF4AaABAg,2026-04-22T20:58:30Z,1
E2_cut,Cf9x7oZy3UM,UgxpMkjmcaJmvmC0F8d4AaABAg,2026-04-22T08:05:42Z,0
E2_cut,Cf9x7oZy3UM,UgzaNNftLgm-1enbqIp4AaABAg,2026-04-22T08:08:54Z,1
E2_cut,Cf9x7oZy3UM,UgwdQ3WxhOfyHtIS9314AaABAg,2026-04-22T05:32:24Z,0
E2_cut,Cf9x7oZy3UM,Ugy9orpwi6GixpDNIGt4AaABAg,2026-04-22T14:42:48Z,0
E2_cut,Cf9x7oZy3UM,Ugziq98t5ICBCFfhdBd4AaABAg,2026-04-22T16:52:59Z,0
E2_cut,Cf9x7oZy3UM,UgyfmBx7UscyLzDHiCZ4AaABAg,2026-04-22T22:00:57Z,0
E2_cut,Cf9x7oZy3UM,Ugz_x3mrRPk8IlZqJLJ4AaABAg,2026-04-21T21:40:28Z,2
E2_cut,Cf9x7oZy3UM,UgxrFkGHmOhBcTN2uml4AaABAg,2026-04-21T23:34:28Z,0
E2_cut,Cf9x7oZy3UM,UgyYO9T0TGe-qsIALB54AaABAg,2026-04-21T22:39:04Z,0
E2_cut,Cf9x7oZy3UM,Ugz6w9hRpRBRiB_eIrN4AaABAg,2026-04-22T19:30:48Z,0
E2_cut,Cf9x7oZy3UM,UgzCIVuc-sNoPWC4rt14AaABAg,2026-04-22T07:56:34Z,0
E2_cut,Cf9x7oZy3UM,UgyY9_Wj07mbBZC2DZV4AaABAg,2026-04-27T07:42:30Z,0
E2_cut,Cf9x7oZy3UM,UgxqOyHuWJhGfekY20l4AaABAg,2026-04-21T22:01:38Z,0
E2_cut,Cf9x7oZy3UM,UgzK9YBXXfwqrzf-dLd4AaABAg,2026-04-21T21:10:51Z,4
E2_cut,Cf9x7oZy3UM,UgwENg-wq0wwgpAdKrd4AaABAg,2026-04-22T22:33:49Z,0
E2_cut,Cf9x7oZy3UM,UgxVKNGwZswSoAgOu9d4AaABAg,2026-04-21T23:58:27Z,1
E2_cut,Cf9x7oZy3UM,Ugyc6duR45veJXYf8JF4AaABAg,2026-04-22T00:48:44Z,1
E2_cut,Cf9x7oZy3UM,Ugx1PS7ko7ImhyB4YO94AaABAg,2026-04-21T21:08:01Z,4
E2_cut,Cf9x7oZy3UM,UgwWia2JR3NiVwqH9md4AaABAg,2026-04-21T21:23:01Z,9
E2_cut,Cf9x7oZy3UM,UgyMmg38ZK07bEbKkox4AaABAg,2026-04-21T21:29:00Z,8
E2_cut,Cf9x7oZy3UM,UgyS2R-MOrkV01NZEn94AaABAg,2026-04-21T21:50:04Z,7
E2_cut,Cf9x7oZy3UM,Ugx3pwSGvZs8zoxB1R14AaABAg,2026-04-21T21:40:28Z,2
E2_cut,Cf9x7oZy3UM,UgwUN65qw8jpQIEGDH54AaABAg,2026-04-21T21:52:52Z,1
E2_cut,Cf9x7oZy3UM,UgwB00mqFceParmfaO94AaABAg,2026-04-21T21:27:29Z,1
E2_cut,Cf9x7oZy3UM,Ugx0EpGLDa-JFsgtjc94AaABAg,2026-04-21T23:01:41Z,2
E2_cut,Cf9x7oZy3UM,UgzxmUuNj7yw_E8iyhh4AaABAg,2026-04-22T00:20:32Z,2
E2_cut,Cf9x7oZy3UM,Ugw65bd3rYRv-QjgZFx4AaABAg,2026-04-21T21:11:54Z,0
E2_cut,Cf9x7oZy3UM,Ugy5mcmqHZMAl1Bf4Bh4AaABAg,2026-04-21T22:52:33Z,1
E2_cut,Cf9x7oZy3UM,Ugy3LqANUFO-HG_cElF4AaABAg,2026-04-21T21:31:56Z,6
E2_cut,Cf9x7oZy3UM,UgxK86V15Mva7-B_EZp4AaABAg,2026-04-22T00:33:24Z,0
E2_cut,Cf9x7oZy3UM,UgyJWtIeFMEsb1tjy0l4AaABAg,2026-04-21T22:54:55Z,3
E2_cut,Cf9x7oZy3UM,UgwFLTNKtrqgAlgQz0V4AaABAg,2026-04-22T14:44:13Z,1
E2_cut,Cf9x7oZy3UM,UgxyElcDQ1MBIgCO-xx4AaABAg,2026-04-23T16:39:38Z,0
E2_cut,Cf9x7oZy3UM,UgxMwPEjAUwNNdV894h4AaABAg,2026-04-21T21:17:48Z,2
E2_cut,Cf9x7oZy3UM,UgxIsLq-QYlWMb5LtZ54AaABAg,2026-04-21T21:29:05Z,5
E2_cut,Cf9x7oZy3UM,Ugygm96nOhdu7vj0r8Z4AaABAg,2026-04-21T22:55:07Z,1
E2_cut,Cf9x7oZy3UM,Ugx6Bm-YcmeOh-kFLHp4AaABAg,2026-04-22T07:39:14Z,0
E2_cut,Cf9x7oZy3UM,UgwHDfq5gwIyXcf5i9B4AaABAg,2026-04-22T03:26:37Z,1
E2_cut,Cf9x7oZy3UM,UgxPCrGtRkiSWvEEP0V4AaABAg,2026-04-21T22:52:09Z,3
E2_cut,Cf9x7oZy3UM,UgzeUqSFU_6tm_RaWkN4AaABAg,2026-04-22T02:59:03Z,0
E2_cut,Cf9x7oZy3UM,UgxXML9QQZTw4qWb8c54AaABAg,2026-04-22T00:04:00Z,0
E2_cut,Cf9x7oZy3UM,UgwbqCMSKXEQCWVKjit4AaABAg,2026-04-21T21:55:58Z,1
E2_cut,Cf9x7oZy3UM,UgwC98lmOTWIg9m63FN4AaABAg,2026-04-21T23:15:21Z,0
E2_cut,Cf9x7oZy3UM,UgxO5wwyWN0Br-qRHv94AaABAg,2026-04-22T07:15:06Z,0
E2_cut,Cf9x7oZy3UM,Ugxss7IcLWivMnak_HF4AaABAg,2026-04-21T21:14:04Z,0
E2_cut,Cf9x7oZy3UM,UgyOinohacm22_U9rMZ4AaABAg,2026-04-21T21:44:09Z,1
E2_cut,Cf9x7oZy3UM,UgwzWkfkeqyJi04kvlJ4AaABAg,2026-04-21T21:11:53Z,1
E2_cut,Cf9x7oZy3UM,Ugy8ZvGbbgihN-6TsiN4AaABAg,2026-04-21T21:43:02Z,1
E2_cut,Cf9x7oZy3UM,UgwTqTBb-A4pzyFId8l4AaABAg,2026-04-23T10:44:36Z,1
E2_cut,Cf9x7oZy3UM,UgxL3yJsZNAwA0TLfP94AaABAg,2026-04-21T23:41:49Z,0
E2_cut,Cf9x7oZy3UM,Ugxf5_v3D0tEGMcM_GR4AaABAg,2026-04-22T05:34:57Z,0
E2_cut,Cf9x7oZy3UM,Ugyvua3NfONJI8uFAFR4AaABAg,2026-04-23T11:46:37Z,0
E2_cut,Cf9x7oZy3UM,UgzgDVkvViAgSFZ3G6t4AaABAg,2026-04-22T11:51:54Z,0
E2_cut,Cf9x7oZy3UM,Ugy0ZGPVbxKl0o-IZp14AaABAg,2026-04-22T02:16:44Z,0
E2_cut,Cf9x7oZy3UM,UgyAsVNCgxQSMf5AGr94AaABAg,2026-04-22T15:14:35Z,0
E2_cut,Cf9x7oZy3UM,UgwyVnObIMH6pE8Ov3h4AaABAg,2026-04-21T21:56:43Z,0
E2_cut,Cf9x7oZy3UM,UgwGgJmJS6dML-Hteed4AaABAg,2026-04-23T04:22:53Z,1
E2_cut,Cf9x7oZy3UM,Ugy2LU28dQibB6VVHW94AaABAg,2026-04-22T12:17:41Z,0
E2_cut,Cf9x7oZy3UM,UgwVtUg4bQVAPuA3H794AaABAg,2026-04-22T02:11:56Z,0
E2_cut,Cf9x7oZy3UM,UgzI96mhh3trD8TEMit4AaABAg,2026-04-21T21:51:03Z,6
E2_cut,Cf9x7oZy3UM,UgyTJyGpX4jGR86kpsN4AaABAg,2026-04-22T12:22:09Z,0
E2_cut,Cf9x7oZy3UM,UgxzYJ9PhCARugqny0N4AaABAg,2026-04-22T02:26:07Z,2
E2_cut,Cf9x7oZy3UM,UgzttrrDRBfX6yZ7pfp4AaABAg,2026-04-21T23:08:21Z,0
E2_cut,Cf9x7oZy3UM,UgwlscXJwgIgbQRL7Ol4AaABAg,2026-04-21T21:18:26Z,0
E2_cut,Cf9x7oZy3UM,UgyHkuaS0YKw2QZ280J4AaABAg,2026-04-21T22:00:54Z,2
E2_cut,Cf9x7oZy3UM,UgzeI-SLnH4FkRsmzVN4AaABAg,2026-04-22T13:45:21Z,0
E2_cut,Cf9x7oZy3UM,UgxAKIuXZsfCvRsMltV4AaABAg,2026-04-22T19:22:10Z,0
E2_cut,Cf9x7oZy3UM,Ugy7WAygKmrAQ94mYGV4AaABAg,2026-04-22T15:24:19Z,0
E2_cut,Cf9x7oZy3UM,Ugw86pRMUA_plr5OkKV4AaABAg,2026-04-21T21:15:19Z,3
E2_cut,Cf9x7oZy3UM,UgzBnlIypQeXaA3lv4R4AaABAg,2026-04-21T23:34:02Z,3
E2_cut,Cf9x7oZy3UM,Ugxzd4UIMnvJ0K9UtAZ4AaABAg,2026-04-26T17:34:07Z,0
E2_cut,Cf9x7oZy3UM,UgyWB7D2r843O4hYeC14AaABAg,2026-04-22T10:19:48Z,0
E2_cut,Cf9x7oZy3UM,Ugx4cPVku2kbwm8obWN4AaABAg,2026-04-22T11:54:12Z,0
E2_cut,Cf9x7oZy3UM,Ugxm7xFI4lklNTsuEKZ4AaABAg,2026-04-21T21:49:02Z,0
E2_cut,Cf9x7oZy3UM,UgyofoCkviWf41vqdMZ4AaABAg,2026-04-22T14:44:46Z,0
E2_cut,Cf9x7oZy3UM,UgzTOqt3lYYPffMGsZl4AaABAg,2026-04-22T01:55:35Z,0
E2_cut,Cf9x7oZy3UM,UgwmII_IurGvyor3Lep4AaABAg,2026-04-22T04:10:22Z,0
E2_cut,Cf9x7oZy3UM,Ugx32n99l_tjuxud2ad4AaABAg,2026-04-21T22:19:15Z,0
E2_cut,Cf9x7oZy3UM,UgxKd1h6TgcVM-rDEJx4AaABAg,2026-04-21T21:02:50Z,3
E2_cut,Cf9x7oZy3UM,UgwM_J5WXq45pLfpkE94AaABAg,2026-04-22T04:26:48Z,0
E2_cut,Cf9x7oZy3UM,Ugxxoa1E97XUtOVB3HF4AaABAg,2026-04-21T22:45:27Z,0
E2_cut,Cf9x7oZy3UM,UgysWFQ9yLMOLUMIKz14AaABAg,2026-04-22T06:38:05Z,1
E2_cut,Cf9x7oZy3UM,UgwF59AmSgsokGm17pZ4AaABAg,2026-04-22T09:36:24Z,0
E2_cut,Cf9x7oZy3UM,UgzYiKQHwYL84kJRZhV4AaABAg,2026-04-22T07:19:24Z,0
E2_cut,Cf9x7oZy3UM,UgxCoQLVq_rxYOstGoJ4AaABAg,2026-04-22T17:43:54Z,0
E2_cut,Cf9x7oZy3UM,Ugw2KEjmhZ-jRFLkec14AaABAg,2026-04-21T21:03:54Z,6
E2_cut,Cf9x7oZy3UM,Ugy989GQDd3IdLQtaGt4AaABAg,2026-04-22T16:38:40Z,0
E2_cut,Cf9x7oZy3UM,UgysPd3W4Bzv-f61aKt4AaABAg,2026-04-22T06:35:05Z,0
E2_cut,Cf9x7oZy3UM,Ugyfy-rBUWvisnEbWTR4AaABAg,2026-04-21T22:28:13Z,0
E2_cut,Cf9x7oZy3UM,UgzYCG632E8qW_DyGpV4AaABAg,2026-04-22T02:05:33Z,0
E2_cut,Cf9x7oZy3UM,Ugy-J91mVBtCYX3LmbZ4AaABAg,2026-04-21T23:12:03Z,0
E2_cut,Cf9x7oZy3UM,Ugw_-1kxc69nFzFx-gR4AaABAg,2026-04-21T23:29:47Z,0
E2_cut,Cf9x7oZy3UM,Ugwxtd2pNvvyYkuGG1J4AaABAg,2026-04-21T21:12:00Z,2
E2_cut,Cf9x7oZy3UM,Ugyuwyvvq0jUTkoFURR4AaABAg,2026-04-21T23:16:11Z,0
E2_cut,Cf9x7oZy3UM,UgwPfp847yFV6cyIObB4AaABAg,2026-04-22T00:52:38Z,0
E2_cut,Cf9x7oZy3UM,Ugwa0tSTlPRySazCz714AaABAg,2026-04-22T11:54:34Z,0
E2_cut,Cf9x7oZy3UM,Ugy4z3KmNdxotBlxeS14AaABAg,2026-04-22T04:36:07Z,0
E2_cut,Cf9x7oZy3UM,Ugxg6pr9ZMCchll6AhR4AaABAg,2026-04-22T03:16:56Z,0
E2_cut,Cf9x7oZy3UM,UgzE3y62qv9CHvJ6TeJ4AaABAg,2026-04-22T10:00:09Z,1
E2_cut,Cf9x7oZy3UM,UgxPqPUU-Mk_mh4Oyl14AaABAg,2026-05-12T04:57:50Z,0
E2_cut,Cf9x7oZy3UM,UgyWRu168uOnWOZQ8Kd4AaABAg,2026-04-21T22:46:19Z,0
E2_cut,Cf9x7oZy3UM,UgzxXPneH0Xut9q9xrp4AaABAg,2026-04-23T03:57:49Z,0
E2_cut,Cf9x7oZy3UM,UgyTP0b1Op27iZ-mc2t4AaABAg,2026-04-22T00:13:19Z,0
E2_cut,Cf9x7oZy3UM,Ugx4tW4lE4OPXyM0D2d4AaABAg,2026-04-22T07:13:32Z,0
E2_cut,Cf9x7oZy3UM,UgyEb3MzDpu1CBcS1JV4AaABAg,2026-04-21T21:19:42Z,0
E2_cut,Cf9x7oZy3UM,Ugy2STB1OzK3Y1k8cKd4AaABAg,2026-04-21T23:00:04Z,1
E2_cut,Cf9x7oZy3UM,UgxIgjyt_ykk50Dsy0x4AaABAg,2026-04-22T08:09:11Z,0
E2_cut,Cf9x7oZy3UM,UgyLYqsiVbjJXY4mNIN4AaABAg,2026-04-22T00:00:09Z,0
E2_cut,Cf9x7oZy3UM,Ugw2QlfExde4sIjR_-N4AaABAg,2026-04-21T21:20:25Z,0
E2_cut,Cf9x7oZy3UM,Ugwd38ZlsUWMNy7o50x4AaABAg,2026-04-21T22:44:20Z,0
E2_cut,Cf9x7oZy3UM,Ugy0OHDl2eI0upce6ot4AaABAg,2026-04-21T23:04:30Z,0
E2_cut,Cf9x7oZy3UM,UgzKWQ2cGA0cvSdW3sR4AaABAg,2026-04-22T07:39:00Z,0
E2_cut,Q-cBlHieMr8,UgzVqKlS3aRLPa0n6aF4AaABAg,2026-04-21T20:39:04Z,100
E2_cut,Q-cBlHieMr8,Ugyb5dTm4C9Pvsd4d2l4AaABAg,2026-04-21T20:54:33Z,42
E2_cut,Q-cBlHieMr8,UgzPtqN1FpsWwKI1mId4AaABAg,2026-04-21T21:50:31Z,13
E2_cut,Q-cBlHieMr8,UgzGR_VVc2cCid2gF0V4AaABAg,2026-04-21T20:48:55Z,14
E2_cut,Q-cBlHieMr8,UgwEbWVU5Q9KRmL60RR4AaABAg,2026-04-21T23:32:34Z,13
E2_cut,Q-cBlHieMr8,UgyGIRFxcBHL2cQ5GX54AaABAg,2026-04-22T01:19:07Z,13
E2_cut,Q-cBlHieMr8,UgzsDgKMsm0hd_rbhBF4AaABAg,2026-04-22T05:11:43Z,2
E2_cut,Q-cBlHieMr8,Ugwskh8usl8qd23hW_Z4AaABAg,2026-04-21T20:54:15Z,6
E2_cut,Q-cBlHieMr8,UgxeK2VI61_0ahTmd7d4AaABAg,2026-04-21T22:38:07Z,5
E2_cut,Q-cBlHieMr8,UgzpwV9-uo7ymdvAbkN4AaABAg,2026-04-22T00:41:13Z,5
E2_cut,Q-cBlHieMr8,Ugz1OnS_iOYLtQEjdNR4AaABAg,2026-04-22T13:13:13Z,1
E2_cut,Q-cBlHieMr8,Ugx_2kWYTFUkxl9j9914AaABAg,2026-04-22T15:48:04Z,2
E2_cut,Q-cBlHieMr8,Ugy73p-OhVfCM0vy8-B4AaABAg,2026-04-22T00:08:22Z,2
E2_cut,Q-cBlHieMr8,UgxU5ypukmJjKGw3m9p4AaABAg,2026-04-22T06:20:52Z,1
E2_cut,Q-cBlHieMr8,UgzLjabzd4c8iNdHQC54AaABAg,2026-04-21T23:16:04Z,1
E2_cut,Q-cBlHieMr8,UgzeBTjc1vL3f7LFoAt4AaABAg,2026-04-21T20:44:55Z,12
E2_cut,Q-cBlHieMr8,UgxY3neVOHthLHgYXsh4AaABAg,2026-04-22T18:01:11Z,0
E2_cut,Q-cBlHieMr8,UgwauPft8L39ITRGeOh4AaABAg,2026-04-21T22:18:38Z,0
E2_cut,Q-cBlHieMr8,UgwP6XZ-f4_FBPT-Ab94AaABAg,2026-04-22T02:51:37Z,1
E2_cut,Q-cBlHieMr8,Ugxf_aD5BFoPO5YAY754AaABAg,2026-04-27T05:04:48Z,0
E2_cut,Q-cBlHieMr8,Ugw00NxlHtOQO-qjLip4AaABAg,2026-04-21T21:41:50Z,2
E2_cut,Q-cBlHieMr8,UgwDNOz9QgQJNjE-wsR4AaABAg,2026-04-22T00:32:20Z,1
E2_cut,Q-cBlHieMr8,Ugy38mkmD6xfSV7WcFp4AaABAg,2026-04-22T00:22:06Z,1
E2_cut,Q-cBlHieMr8,UgyA0_Dp9Eh57Ki_UpF4AaABAg,2026-04-21T20:45:28Z,13
E2_cut,Q-cBlHieMr8,UgwrRa2MvBgswctikjV4AaABAg,2026-04-21T21:10:11Z,0
E2_cut,Q-cBlHieMr8,UgyKodoZ3KavQ9EpE7t4AaABAg,2026-04-22T06:18:03Z,0
E2_cut,Q-cBlHieMr8,UgzYmaSw9GjFmKDnHs14AaABAg,2026-04-21T21:05:51Z,1
E2_cut,Q-cBlHieMr8,UgzqwiDhGTM82dTSxqN4AaABAg,2026-04-21T21:55:56Z,20
E2_cut,Q-cBlHieMr8,UgyTZ3E9IBCl7YBPRLB4AaABAg,2026-04-21T21:14:46Z,3
E2_cut,Q-cBlHieMr8,UgwL04FSZ4pUxX20PCJ4AaABAg,2026-04-21T21:43:04Z,0
E2_cut,Q-cBlHieMr8,UgxbSW-CtUBwJofpVNN4AaABAg,2026-04-21T21:36:02Z,0
E2_cut,Q-cBlHieMr8,UgwH0lfJ7mrZUr75QrF4AaABAg,2026-04-22T11:56:39Z,0
E2_cut,Q-cBlHieMr8,UgxQ6i3VtOAy4iCxwjF4AaABAg,2026-04-21T21:27:23Z,2
E2_cut,Q-cBlHieMr8,UgwFgfOI2c1DTUi0fAN4AaABAg,2026-04-22T02:37:21Z,0
E2_cut,Q-cBlHieMr8,UgxLUBCZoD3TRbTxCIV4AaABAg,2026-04-21T23:32:03Z,0
E2_cut,Q-cBlHieMr8,UgyUqtZsRT-VHYEfvdB4AaABAg,2026-04-21T21:38:51Z,1
E2_cut,Q-cBlHieMr8,UgxBcvEu8GbN5M6Dai14AaABAg,2026-04-21T21:01:57Z,3
E2_cut,Q-cBlHieMr8,UgzWU2YFrLn2swK4FbV4AaABAg,2026-04-22T22:39:04Z,0
E2_cut,Q-cBlHieMr8,UgwYcGCqv-upsosH69x4AaABAg,2026-04-21T23:01:38Z,2
E2_cut,Q-cBlHieMr8,UgwcQgAdqsWG9T3BM8N4AaABAg,2026-04-23T17:13:18Z,0
E2_cut,Q-cBlHieMr8,Ugw_nhhUzS0-UWy2cCJ4AaABAg,2026-04-22T07:56:03Z,0
E2_cut,Q-cBlHieMr8,UgzbEYc3XZHyp9B9TGp4AaABAg,2026-04-21T21:49:16Z,0
E2_cut,Q-cBlHieMr8,UgzfIx3PPMFEFKx69gB4AaABAg,2026-04-22T06:44:08Z,0
E2_cut,Q-cBlHieMr8,UgxAvIvjqU0zDGiYnRh4AaABAg,2026-04-21T21:11:46Z,1
E2_cut,Q-cBlHieMr8,UgwyxcwUjnrnCPw70ZF4AaABAg,2026-04-21T23:09:21Z,0
E2_cut,Q-cBlHieMr8,UgwaY4RFFxgwQaIAouR4AaABAg,2026-04-21T21:36:31Z,1
E2_cut,Q-cBlHieMr8,Ugyu3QZUszn_efHahsh4AaABAg,2026-04-21T21:22:35Z,0
E2_cut,Q-cBlHieMr8,Ugycx-yrzt9-Jcckhwp4AaABAg,2026-04-22T14:04:07Z,0
E2_cut,Q-cBlHieMr8,UgwWV04jhpxDBqfdCFB4AaABAg,2026-04-21T21:54:09Z,1
E2_cut,Q-cBlHieMr8,UgzJf0mYJS1B2lwIlb14AaABAg,2026-04-22T04:07:43Z,1
E2_cut,Q-cBlHieMr8,Ugxr1GLf5gALweYGayl4AaABAg,2026-04-21T20:58:07Z,0
E2_cut,Q-cBlHieMr8,Ugy7hP4qCmuEejxJz654AaABAg,2026-04-21T21:36:59Z,5
E2_cut,Q-cBlHieMr8,UgxPIE2in2NrBi3czeJ4AaABAg,2026-04-21T21:08:08Z,0
E2_cut,Q-cBlHieMr8,UgwSrw-6RhkLJBGoGWR4AaABAg,2026-04-22T05:03:42Z,0
E2_cut,Q-cBlHieMr8,Ugwn0QMKDBjmZTLQ2PV4AaABAg,2026-04-21T23:37:44Z,1
E2_cut,Q-cBlHieMr8,Ugy-AuO9ib5DF7eubWp4AaABAg,2026-04-21T22:02:31Z,4
E2_cut,Q-cBlHieMr8,Ugy-4PNvxgyfHYxPyEZ4AaABAg,2026-04-22T02:11:05Z,0
E2_cut,Q-cBlHieMr8,UgzkjVR5yQbEAr4Fd5d4AaABAg,2026-04-21T20:49:18Z,2
E2_cut,Q-cBlHieMr8,UgwD6gPfCzGpca8ekAR4AaABAg,2026-04-21T21:34:20Z,0
E2_cut,Q-cBlHieMr8,UgwiNcvrEXNsKXOggEl4AaABAg,2026-04-22T11:47:32Z,0
E2_cut,Q-cBlHieMr8,UgxSXte6EV4ug4DT7UZ4AaABAg,2026-04-21T23:33:10Z,0
E2_cut,Q-cBlHieMr8,UgwBi4GcolDId9TfMwJ4AaABAg,2026-04-21T22:59:31Z,0
E2_cut,Q-cBlHieMr8,UgydtDeVfbwWyFkoxBB4AaABAg,2026-04-22T18:04:42Z,0
E2_cut,Q-cBlHieMr8,UgxP9WkvYHeI3Rwsbip4AaABAg,2026-04-22T12:22:09Z,0
E2_cut,Q-cBlHieMr8,UgxfqeG7R2C00JjkefF4AaABAg,2026-04-21T21:08:01Z,1
E2_cut,Q-cBlHieMr8,Ugx3i7V5sp_e_Lp1eb94AaABAg,2026-04-22T13:00:54Z,0
E2_cut,Q-cBlHieMr8,UgynlskyeE0PspiqLcd4AaABAg,2026-04-21T21:06:26Z,2
E2_cut,Q-cBlHieMr8,Ugyews5NB1kfFhNSGWJ4AaABAg,2026-04-21T21:58:00Z,0
E2_cut,Q-cBlHieMr8,UgxJWtEeOwswpZqUVCR4AaABAg,2026-04-21T21:55:41Z,1
E2_cut,Q-cBlHieMr8,UgyyrN92OolDsx6baCh4AaABAg,2026-04-21T20:49:06Z,4
E2_cut,Q-cBlHieMr8,Ugx9fY5p3ZDJ0z4ZCW14AaABAg,2026-04-22T14:36:38Z,0
E2_cut,Q-cBlHieMr8,UgxaRoZCo18IFscovsp4AaABAg,2026-04-22T03:25:42Z,0
E2_cut,Q-cBlHieMr8,UgzYaGjx6zAm0QtkV1d4AaABAg,2026-04-22T02:18:58Z,0
E2_cut,Q-cBlHieMr8,Ugw87NFtdeqLwlZZotR4AaABAg,2026-04-21T21:16:47Z,1
E2_cut,Q-cBlHieMr8,UgyPbc9mXr8kgErX47B4AaABAg,2026-04-22T01:03:01Z,0
E2_cut,Q-cBlHieMr8,Ugz_2k8lmN_heClYqph4AaABAg,2026-04-22T03:13:04Z,0
E2_cut,Q-cBlHieMr8,Ugy6mir6qLxdHfvOijV4AaABAg,2026-04-21T21:05:23Z,1
E2_cut,Q-cBlHieMr8,Ugwe2oIDLPX0bcmmMUZ4AaABAg,2026-04-21T23:17:03Z,3
E2_cut,Q-cBlHieMr8,UgyDJnptbsEu0JPl6nd4AaABAg,2026-04-22T03:09:17Z,0
E2_cut,Q-cBlHieMr8,UgzQuQSs926lxDVYZqV4AaABAg,2026-04-21T21:39:06Z,0
E2_cut,Q-cBlHieMr8,Ugybyyt91KmUAZagnst4AaABAg,2026-04-21T20:47:46Z,5
E2_cut,Q-cBlHieMr8,UgxiztB_7-7uMgKy2Dl4AaABAg,2026-04-22T21:15:16Z,0
E2_cut,Q-cBlHieMr8,UgwyNpQGjEo8z_OwM5l4AaABAg,2026-04-22T11:41:11Z,0
E2_cut,Q-cBlHieMr8,UgzkSUgEeo_8H9-ElfB4AaABAg,2026-04-21T22:10:00Z,0
E2_cut,Q-cBlHieMr8,UgwFE30fUhdzRFM1PtN4AaABAg,2026-04-21T22:12:32Z,0
E2_cut,Q-cBlHieMr8,UgxQH8s9i835zJuLKxt4AaABAg,2026-04-21T21:13:59Z,10
E2_cut,Q-cBlHieMr8,Ugy-j-pS9emFu42oF9F4AaABAg,2026-04-21T22:28:19Z,0
E2_cut,Q-cBlHieMr8,Ugz8vn_BseyiTBv4_ex4AaABAg,2026-04-21T23:44:14Z,0
E2_cut,Q-cBlHieMr8,UgxRs2UYC1OkzDNZ7st4AaABAg,2026-04-22T12:46:55Z,0
E2_cut,Q-cBlHieMr8,UgzFV4lipeLjAYGvA8p4AaABAg,2026-04-22T00:26:40Z,0
E2_cut,Q-cBlHieMr8,UgxQjDSDe3Lm835ObZN4AaABAg,2026-04-21T21:14:55Z,2
E2_cut,Q-cBlHieMr8,Ugxyu-61cg4M-3zjiUJ4AaABAg,2026-04-22T00:57:35Z,3
E2_cut,Q-cBlHieMr8,UgwzIJ4zyVNxzVyNU-h4AaABAg,2026-04-21T22:24:08Z,0
E2_cut,Q-cBlHieMr8,UgzM8GtW-eOn53DN6Jt4AaABAg,2026-04-21T23:02:24Z,1
E2_cut,Q-cBlHieMr8,Ugy4TLBbMVDY9CTVvU14AaABAg,2026-04-21T21:21:59Z,1
E2_cut,Q-cBlHieMr8,Ugz-wBYWJmIcl3gpqUl4AaABAg,2026-04-21T20:47:35Z,5
E2_cut,Q-cBlHieMr8,Ugz5xfUFT5NtiWxK_Ex4AaABAg,2026-04-21T22:33:00Z,5
E2_cut,Q-cBlHieMr8,UgxFGRkED4u6zL1BZeZ4AaABAg,2026-04-22T11:36:04Z,0
E2_cut,Q-cBlHieMr8,UgzTsct7MGDBzOnl4FN4AaABAg,2026-04-22T00:36:47Z,3
E2_cut,Q-cBlHieMr8,UgzBXJ-sCNgMJz8Lny94AaABAg,2026-04-22T00:33:58Z,0
E2_cut,Q-cBlHieMr8,Ugyz9-cY50EO0L19Vax4AaABAg,2026-04-21T21:09:24Z,0
E2_cut,Q-cBlHieMr8,Ugz9hj7RhTUae_fWt6h4AaABAg,2026-04-21T21:06:30Z,0
E2_cut,Q-cBlHieMr8,UgwwlqkeSG-6s066-Nh4AaABAg,2026-04-21T22:38:23Z,1
E2_cut,Q-cBlHieMr8,UgyTgsUMP2p62M7jyJR4AaABAg,2026-04-21T22:25:47Z,0
E2_cut,Q-cBlHieMr8,UgxpaCXrqWWCJyKwd454AaABAg,2026-04-21T21:33:23Z,0
E2_cut,Q-cBlHieMr8,Ugy-oyUAD4AsXXxYQPN4AaABAg,2026-04-22T04:46:01Z,0
E2_cut,Q-cBlHieMr8,Ugw3Q_0F0R8O2c-FaUh4AaABAg,2026-04-22T15:25:14Z,0
E2_cut,Q-cBlHieMr8,Ugzn6aDlmCT_QoRtRZZ4AaABAg,2026-04-21T21:12:11Z,2
E2_cut,Q-cBlHieMr8,Ugz3vLOQlA2tF2Bg_0l4AaABAg,2026-04-22T02:59:02Z,0
E2_cut,Q-cBlHieMr8,UgxyIetjp8YuDLlSRGt4AaABAg,2026-04-22T00:16:52Z,2
E2_cut,Q-cBlHieMr8,UgxH1IOUVmweSheS9T14AaABAg,2026-04-21T23:06:50Z,0
E2_cut,Q-cBlHieMr8,Ugy5TVJXPs-wlFaZ5_F4AaABAg,2026-04-22T10:53:42Z,0
E2_cut,Q-cBlHieMr8,UgzRovOM9jfSoAWvrDJ4AaABAg,2026-04-21T22:52:25Z,0
E2_cut,Q-cBlHieMr8,UgztdJm8onLoE-U9Apx4AaABAg,2026-04-22T00:23:19Z,0
E2_cut,Q-cBlHieMr8,UgwYHzZzjzidT0mVjoZ4AaABAg,2026-04-21T22:06:27Z,0
E2_cut,Q-cBlHieMr8,UgwUaAynRdmkYjzR_-N4AaABAg,2026-04-22T12:53:26Z,2
E2_cut,Q-cBlHieMr8,Ugx9p-mdONFpK40mseN4AaABAg,2026-05-06T21:00:55Z,0
E2_cut,Q-cBlHieMr8,UgzN6N77iVIx7tqe95R4AaABAg,2026-04-22T04:39:33Z,1
E2_cut,Q-cBlHieMr8,UgzkLbQF_OqKcglZ86R4AaABAg,2026-04-21T22:10:17Z,0
E2_cut,Q-cBlHieMr8,UgxCkNhLYUL6s5NnZjp4AaABAg,2026-04-22T02:16:31Z,0
E2_cut,Q-cBlHieMr8,UgyAqXYLCYWoLeslPtp4AaABAg,2026-04-22T01:08:28Z,1
E2_cut,Q-cBlHieMr8,Ugx8Ka8jlcPZGXUe6VB4AaABAg,2026-04-21T20:56:56Z,2
E2_cut,Q-cBlHieMr8,Ugwe8f5-6-gF0qqqBgx4AaABAg,2026-04-22T10:46:03Z,0
E2_cut,Q-cBlHieMr8,UgxuEosfAU-jRv9WqX54AaABAg,2026-04-22T08:23:14Z,0
E2_cut,Q-cBlHieMr8,UgzdtUxAbVm6kjwMBhB4AaABAg,2026-04-22T02:38:10Z,0
E2_cut,Q-cBlHieMr8,UgzGLImamzmPDCo3Lxt4AaABAg,2026-04-21T21:03:55Z,2
E2_cut,Q-cBlHieMr8,UgzXoxI4LidXCAhpdcp4AaABAg,2026-04-22T00:28:52Z,0
E2_cut,Q-cBlHieMr8,UgyxIG0WzymYvFMbXpd4AaABAg,2026-04-22T00:17:54Z,3
E2_cut,Q-cBlHieMr8,UgxHJfrvErRdAqvwJU54AaABAg,2026-04-22T01:45:37Z,0
E2_cut,Q-cBlHieMr8,Ugx-biUGzqmsqVP_jrd4AaABAg,2026-04-21T20:54:43Z,0
E2_cut,Q-cBlHieMr8,UgwtQ8A1BF-caJtqtyZ4AaABAg,2026-04-21T20:54:17Z,0
E2_cut,Q-cBlHieMr8,UgznwK_D953l8eOyIZZ4AaABAg,2026-04-21T22:07:46Z,3
E2_cut,Q-cBlHieMr8,Ugx4vBTD2k8KNy0aYYB4AaABAg,2026-04-21T21:33:56Z,0
E2_cut,Q-cBlHieMr8,UgxBwsPAAH5hpxnoSlh4AaABAg,2026-04-22T21:56:40Z,0
E2_cut,Q-cBlHieMr8,UgxEU_0sWoMbdFxQhap4AaABAg,2026-04-21T23:33:44Z,0
E2_cut,Q-cBlHieMr8,UgwCWcpUpj3Nj2SUiYh4AaABAg,2026-04-22T00:25:22Z,0
E2_cut,Q-cBlHieMr8,UgxD2RDJ2-NrTRhOHel4AaABAg,2026-04-21T20:56:33Z,0
E2_cut,Q-cBlHieMr8,Ugy_IX9XaShNtu-hZfF4AaABAg,2026-04-22T09:25:48Z,0
E2_cut,Q-cBlHieMr8,UgzN9-80Br1mCNzz0SR4AaABAg,2026-04-21T21:47:27Z,3
E2_cut,Q-cBlHieMr8,UgxGnGjSy2z5ZYx_lvh4AaABAg,2026-04-21T21:05:57Z,0
E2_cut,Q-cBlHieMr8,UgwrQ4mVLVTygV3_CFJ4AaABAg,2026-04-21T21:38:29Z,0
E2_cut,Q-cBlHieMr8,Ugw4tabpJnmbR6gC5_94AaABAg,2026-04-21T21:30:25Z,0
E2_cut,Q-cBlHieMr8,UgxRO_Z24c9oJWur07l4AaABAg,2026-04-21T20:38:09Z,2
E2_cut,Q-cBlHieMr8,UgwmIJK_56CosGCPfnl4AaABAg,2026-04-22T01:02:15Z,1
E2_cut,Q-cBlHieMr8,UgzI42PFMbGhIGD6bsR4AaABAg,2026-04-22T10:12:35Z,0
E2_cut,Q-cBlHieMr8,Ugz1ltdmt8Hy1m4iVYZ4AaABAg,2026-04-21T21:28:48Z,0
E2_cut,Q-cBlHieMr8,UgxHQqKsAjkaH_TqHsd4AaABAg,2026-04-22T01:11:16Z,2
E2_cut,Q-cBlHieMr8,UgyhgsV3C55qT0wWYOx4AaABAg,2026-04-21T21:39:39Z,2
E2_cut,Q-cBlHieMr8,Ugwey_dX1-3xo4Vzd3d4AaABAg,2026-04-22T01:38:06Z,1
E2_cut,Q-cBlHieMr8,UgzXinaTWRYR7ODXjX54AaABAg,2026-04-21T22:46:18Z,0
E2_cut,Q-cBlHieMr8,UgzkXDPKyBGTxd2WSap4AaABAg,2026-04-22T00:31:27Z,0
E2_cut,Q-cBlHieMr8,UgwzBAlsHvRMq_kdP2x4AaABAg,2026-04-23T17:09:14Z,0
E2_cut,Q-cBlHieMr8,UgxVIjFSKW8-NtzaLhJ4AaABAg,2026-04-21T22:13:04Z,0
E2_cut,Q-cBlHieMr8,UgwQ3FCT72rMgTzGDLV4AaABAg,2026-04-22T01:24:19Z,2
E2_cut,Q-cBlHieMr8,UgxRzWVUy9lV_fLRGUp4AaABAg,2026-04-22T01:04:34Z,0
E2_cut,Q-cBlHieMr8,UgylOwHXVMpublmrR6Z4AaABAg,2026-04-22T01:58:40Z,0
E2_cut,Q-cBlHieMr8,UgzfNhL0qYfeBI4-We14AaABAg,2026-04-21T21:57:56Z,0
E2_cut,Q-cBlHieMr8,UgykorpDL7erx01wgPN4AaABAg,2026-04-21T21:21:16Z,0
E2_cut,Q-cBlHieMr8,UgzAoBrYlLeVl8O8pYx4AaABAg,2026-04-21T20:49:45Z,0
E2_cut,Q-cBlHieMr8,UgwHJco7iVZwz8wIDRR4AaABAg,2026-04-24T01:25:19Z,1
E2_cut,Q-cBlHieMr8,UgzkNS7LP0d0wiYKcdB4AaABAg,2026-04-21T21:57:59Z,3
E2_cut,Y8iKRh5C-nE,UgzN_POwKyQVETn1SDl4AaABAg,2026-04-21T16:40:15Z,80
E2_cut,Y8iKRh5C-nE,UgzUCwcQKaDa2uJnp0d4AaABAg,2026-04-21T16:53:56Z,45
E2_cut,Y8iKRh5C-nE,UgwdtOVCXDQCz3D-tVF4AaABAg,2026-04-21T16:50:02Z,74
E2_cut,Y8iKRh5C-nE,UgxbWcol0t15-AcHJv94AaABAg,2026-04-21T17:28:53Z,38
E2_cut,Y8iKRh5C-nE,UgyLcAWS3Hz7L_lsu6d4AaABAg,2026-04-21T17:05:18Z,21
E2_cut,Y8iKRh5C-nE,Ugxc8Jtn6_HCXlx0PAJ4AaABAg,2026-04-21T19:04:17Z,34
E2_cut,Y8iKRh5C-nE,UgyMfpMFONDZSRJpni14AaABAg,2026-04-21T16:40:54Z,52
E2_cut,Y8iKRh5C-nE,UgxB67RncUlPf-Gk4294AaABAg,2026-04-21T16:41:01Z,18
E2_cut,Y8iKRh5C-nE,UgxuRDiCMjjxN2PQlmN4AaABAg,2026-04-21T17:00:48Z,33
E2_cut,Y8iKRh5C-nE,Ugzcmu06kmyfK3KtPDF4AaABAg,2026-04-21T17:03:19Z,29
E2_cut,Y8iKRh5C-nE,Ugx_su0zxpWIQMjSGG14AaABAg,2026-04-21T16:38:21Z,43
E2_cut,Y8iKRh5C-nE,UgysqJmLXXFqJkZf-Dp4AaABAg,2026-04-21T18:10:45Z,7
E2_cut,Y8iKRh5C-nE,Ugx2_uOKF7zmDT4-QzZ4AaABAg,2026-04-21T20:38:44Z,1
E2_cut,Y8iKRh5C-nE,UgwqKS9f75Mv0rvrXVB4AaABAg,2026-04-21T16:59:10Z,40
E2_cut,Y8iKRh5C-nE,UgwML2V44DArLJehrll4AaABAg,2026-04-22T11:58:23Z,0
E2_cut,Y8iKRh5C-nE,UgySNTM9GihXpaGpeCV4AaABAg,2026-04-21T20:07:14Z,5
E2_cut,Y8iKRh5C-nE,UgxM581KmTxvL-sHUAN4AaABAg,2026-04-21T17:26:55Z,3
E2_cut,Y8iKRh5C-nE,UgwR2F_AduCffDhtIbR4AaABAg,2026-04-22T19:38:33Z,0
E2_cut,Y8iKRh5C-nE,Ugy56molq_qvLJctux94AaABAg,2026-04-21T16:46:05Z,5
E2_cut,Y8iKRh5C-nE,Ugwv3_2k4z30cC2nhZR4AaABAg,2026-04-21T20:32:29Z,13
E2_cut,Y8iKRh5C-nE,UgwjkcbBMxZK6tic7jh4AaABAg,2026-04-21T16:57:24Z,21
E2_cut,Y8iKRh5C-nE,UgxA6VwyeJ_DvoEpVTl4AaABAg,2026-04-21T21:11:05Z,3
E2_cut,Y8iKRh5C-nE,Ugxx8vDDDAAzQkYuLNl4AaABAg,2026-04-23T04:00:00Z,0
E2_cut,Y8iKRh5C-nE,UgwFd69cnrEAtVIkUEJ4AaABAg,2026-04-21T18:35:27Z,2
E2_cut,Y8iKRh5C-nE,Ugy8T3G1_6Iir4WRMSR4AaABAg,2026-04-21T17:24:47Z,0
E2_cut,Y8iKRh5C-nE,UgzMJC0MxoZeADHMV2V4AaABAg,2026-04-21T17:18:20Z,0
E2_cut,Y8iKRh5C-nE,UgzksRTaiURzgm4nfgB4AaABAg,2026-04-21T17:16:56Z,1
E2_cut,Y8iKRh5C-nE,Ugzu6aaRHC79pPuAhCh4AaABAg,2026-04-22T01:34:00Z,0
E2_cut,Y8iKRh5C-nE,UgzGQvezCqkEu5F775p4AaABAg,2026-04-22T09:55:47Z,0
E2_cut,Y8iKRh5C-nE,UgxBxAjtL3ksE1N2LNR4AaABAg,2026-04-22T07:35:51Z,7
E2_cut,Y8iKRh5C-nE,UgzVtq6Wmnbjp2islpF4AaABAg,2026-04-21T16:52:38Z,0
E2_cut,Y8iKRh5C-nE,UgzMGWsPhABFGaJhFLl4AaABAg,2026-04-21T16:57:27Z,0
E2_cut,Y8iKRh5C-nE,UgxehED6vjMxEm38fKF4AaABAg,2026-04-22T03:46:56Z,0
E2_cut,Y8iKRh5C-nE,UgxDwoC72aafwcJ-oOh4AaABAg,2026-04-21T22:16:42Z,16
E2_cut,Y8iKRh5C-nE,UgxNBcgfAAqBVcuhIVN4AaABAg,2026-04-21T22:32:00Z,1
E2_cut,Y8iKRh5C-nE,UgzIfDWEYVbwrbWZvZ14AaABAg,2026-04-23T14:23:45Z,0
E2_cut,Y8iKRh5C-nE,UgxN3URW2h3TW5WF6TN4AaABAg,2026-04-21T22:41:48Z,0
E2_cut,Y8iKRh5C-nE,UgwP5Xn74Gv3Dz9Dr6J4AaABAg,2026-04-22T03:47:23Z,0
E2_cut,Y8iKRh5C-nE,UgxLDlOyE3R1_8QUkp94AaABAg,2026-04-21T21:09:27Z,1
E2_cut,Y8iKRh5C-nE,UgxvAMjT1_zwAK5qzaB4AaABAg,2026-04-21T21:14:52Z,1
E2_cut,Y8iKRh5C-nE,UgwvHRoJPwKBV15-Lch4AaABAg,2026-04-21T17:26:42Z,26
E2_cut,Y8iKRh5C-nE,UgyGGx4mgumvgd7GQCl4AaABAg,2026-04-21T17:43:01Z,1
E2_cut,Y8iKRh5C-nE,UgzNU-EGji7LRJUnObN4AaABAg,2026-04-21T16:42:14Z,2
E2_cut,Y8iKRh5C-nE,UgypPQNWmUgABQYWUGF4AaABAg,2026-04-22T06:28:27Z,1
E2_cut,Y8iKRh5C-nE,UgwCO9KGtkGf9DjmwNt4AaABAg,2026-04-21T21:25:46Z,1
E2_cut,Y8iKRh5C-nE,Ugw8mpJWZxu-Ikwn6ph4AaABAg,2026-04-21T18:49:16Z,0
E2_cut,Y8iKRh5C-nE,Ugxiac_Hu7b45z38-dZ4AaABAg,2026-04-22T01:00:28Z,0
E2_cut,Y8iKRh5C-nE,UgxtuBj1pMVaGHa7_vV4AaABAg,2026-04-21T23:19:22Z,0
E2_cut,Y8iKRh5C-nE,UgyC1yYE05d0wI1w-9d4AaABAg,2026-04-22T04:57:33Z,0
E2_cut,Y8iKRh5C-nE,UgzUYgy7lr6ikYIWfhV4AaABAg,2026-04-22T01:37:12Z,0
E2_cut,Y8iKRh5C-nE,Ugw0Q9UhRN_wbSZMVZ14AaABAg,2026-04-21T20:47:05Z,5
E2_cut,Y8iKRh5C-nE,UgzBHFUhy_RgEFAAk614AaABAg,2026-04-21T18:48:56Z,0
E2_cut,Y8iKRh5C-nE,UgzTi9RUJ2umNP6V3fx4AaABAg,2026-04-22T14:39:07Z,0
E2_cut,Y8iKRh5C-nE,Ugyb_g79x1vwUo6mobp4AaABAg,2026-04-22T07:06:40Z,0
E2_cut,Y8iKRh5C-nE,UgxLN-z2-s9BZMjhuOh4AaABAg,2026-04-22T00:41:06Z,0
E2_cut,Y8iKRh5C-nE,UgxVfm-bY3eRDTRxcyR4AaABAg,2026-04-21T22:58:36Z,0
E2_cut,Y8iKRh5C-nE,Ugw8L5Br7JfoRn6JgOd4AaABAg,2026-04-21T19:02:19Z,3
E2_cut,Y8iKRh5C-nE,Ugxg7ezYY_kM5vzZmn94AaABAg,2026-04-22T04:41:17Z,0
E2_cut,Y8iKRh5C-nE,UgySphLXhtfMOHitTIx4AaABAg,2026-04-21T22:49:38Z,6
E2_cut,Y8iKRh5C-nE,Ugxlo_Dp9_sqPm_zG9R4AaABAg,2026-04-21T20:13:23Z,1
E2_cut,Y8iKRh5C-nE,UgxH4g9qn4076iUH94l4AaABAg,2026-04-21T21:25:59Z,2
E2_cut,Y8iKRh5C-nE,UgzIMxEs_wAPie8HlQl4AaABAg,2026-04-21T21:49:01Z,0
E2_cut,Y8iKRh5C-nE,UgzKsVANjO_RPtMCefp4AaABAg,2026-04-21T19:49:17Z,0
E2_cut,Y8iKRh5C-nE,UgxwGukB0dlcD-e6-054AaABAg,2026-04-22T01:59:16Z,0
E2_cut,Y8iKRh5C-nE,UgwtaQmD0jotXJ_kAbJ4AaABAg,2026-04-21T17:03:57Z,0
E2_cut,Y8iKRh5C-nE,UgxMX7CC7SCRUl6bEbZ4AaABAg,2026-04-22T07:33:54Z,0
E2_cut,Y8iKRh5C-nE,UgwMcuHTP0Gmi_kZv8t4AaABAg,2026-04-22T10:21:44Z,0
E2_cut,Y8iKRh5C-nE,UgwrKQrIM4CPYYJ-RSZ4AaABAg,2026-04-21T22:08:43Z,0
E2_cut,Y8iKRh5C-nE,Ugw2hf9HbvOVc98fI654AaABAg,2026-04-21T16:53:00Z,0
E2_cut,Y8iKRh5C-nE,Ugz7ttbwWuQvzkwlpip4AaABAg,2026-04-21T19:02:24Z,0
E2_cut,Y8iKRh5C-nE,UgzjweuAAlAvOh_vvmV4AaABAg,2026-04-21T18:28:07Z,0
E2_cut,Y8iKRh5C-nE,UgzgSW4LYdE6qqsn2nJ4AaABAg,2026-04-21T22:15:34Z,1
E2_cut,Y8iKRh5C-nE,UgxoPE2yBC3wMIa54_54AaABAg,2026-04-21T21:39:34Z,0
E2_cut,Y8iKRh5C-nE,UgzC6qN_dnJE27st_QV4AaABAg,2026-04-21T20:00:09Z,0
E2_cut,Y8iKRh5C-nE,Ugxn5zWIm4L_FU8kF2R4AaABAg,2026-04-21T18:27:45Z,12
E2_cut,Y8iKRh5C-nE,Ugx3qjqWBTV8mHUaao14AaABAg,2026-04-22T23:12:39Z,1
E2_cut,Y8iKRh5C-nE,UgweH4c3OvXUPPPbPW94AaABAg,2026-04-21T20:19:49Z,0
E2_cut,Y8iKRh5C-nE,UgxoxckwSd50r_ZvlnZ4AaABAg,2026-04-21T19:10:59Z,0
E2_cut,Y8iKRh5C-nE,UgxMRyDMpcEKcCqwDIR4AaABAg,2026-04-21T16:45:05Z,0
E2_cut,Y8iKRh5C-nE,UgynJKnRyTBp9_CixA14AaABAg,2026-04-21T22:31:08Z,0
E2_cut,Y8iKRh5C-nE,Ugyw8mnRWLRqT443MQd4AaABAg,2026-04-21T22:56:37Z,0
E2_cut,Y8iKRh5C-nE,UgwzJQZbbsCyEWhpGQh4AaABAg,2026-04-21T17:59:53Z,0
E2_cut,Y8iKRh5C-nE,UgzCbUoHkcIqzo6HkRB4AaABAg,2026-04-21T20:59:34Z,0
E2_cut,Y8iKRh5C-nE,UgzwRmiYjBp3Fwo_uRB4AaABAg,2026-04-21T16:57:38Z,0
E2_cut,Y8iKRh5C-nE,UgzTeGcOnaKBAnpGVGN4AaABAg,2026-04-22T02:58:41Z,0
E2_cut,Y8iKRh5C-nE,UgzhZ4KGLH4tQ_II8eB4AaABAg,2026-04-21T18:18:44Z,5
E2_cut,Y8iKRh5C-nE,UgwyLa5AxRSDX-qhvMR4AaABAg,2026-04-22T19:22:09Z,0
E2_cut,Y8iKRh5C-nE,Ugzpzr7osDzs04Icm_d4AaABAg,2026-04-21T17:04:55Z,0
E2_cut,Y8iKRh5C-nE,Ugyo-Li66aKfDHCzn7R4AaABAg,2026-04-21T19:08:51Z,1
E2_cut,Y8iKRh5C-nE,UgzSsGmATvedDQt5Oih4AaABAg,2026-04-22T16:19:05Z,0
E2_cut,Y8iKRh5C-nE,UgwYQ6i_z1nxIhIn0lp4AaABAg,2026-04-21T16:49:03Z,0
E2_cut,Y8iKRh5C-nE,UgxePzaE6q_Gm7T3Aal4AaABAg,2026-04-25T17:47:36Z,0
E2_cut,Y8iKRh5C-nE,UgxulA1pM1kzfU-6V5B4AaABAg,2026-04-21T16:36:23Z,0
E2_cut,Y8iKRh5C-nE,UgwY4IWXiKqfttf1zL54AaABAg,2026-04-21T16:38:53Z,12
E2_cut,Y8iKRh5C-nE,UgwabSab3xF4pxJfJT94AaABAg,2026-04-21T17:06:51Z,1
E2_cut,Y8iKRh5C-nE,Ugw6_k6hB5-tltimpnZ4AaABAg,2026-04-21T21:07:55Z,0
E2_cut,Y8iKRh5C-nE,UgwR3tgN0oAzQ-QAR0p4AaABAg,2026-04-21T17:30:04Z,0
E2_cut,Y8iKRh5C-nE,UgxeucBzqXJWjdFSXGZ4AaABAg,2026-04-21T18:44:28Z,0
E2_cut,Y8iKRh5C-nE,UgwALIatObzpugh1x-p4AaABAg,2026-04-23T17:41:03Z,0
E2_cut,Y8iKRh5C-nE,UgwjHfQR0LKLFauvofh4AaABAg,2026-04-21T18:35:17Z,1
E2_cut,Y8iKRh5C-nE,UgyjbktSC2msRh4vRqR4AaABAg,2026-04-21T16:49:44Z,0
E2_cut,Y8iKRh5C-nE,Ugx8lfSH0Uy0bFFSNiZ4AaABAg,2026-04-22T14:02:48Z,0
E2_cut,Y8iKRh5C-nE,UgxDXYoLEldBGINp2il4AaABAg,2026-04-22T20:39:10Z,0
E2_cut,Y8iKRh5C-nE,UgwJ819cMPujV373OyZ4AaABAg,2026-05-05T07:04:19Z,0
E2_cut,Y8iKRh5C-nE,UgzWoaQzicHVKF-FN1F4AaABAg,2026-04-21T22:12:51Z,1
E2_cut,Y8iKRh5C-nE,Ugz7elvM0sDoCelfaSx4AaABAg,2026-04-21T16:47:22Z,10
E2_cut,Y8iKRh5C-nE,Ugyw0GjCQNTZC8-g3vt4AaABAg,2026-04-22T06:58:07Z,0
E2_cut,Y8iKRh5C-nE,UgyHxYIJDlJiR_VgcH94AaABAg,2026-04-21T16:39:33Z,0
E2_cut,Y8iKRh5C-nE,UgxSoWtCF3xpHrexqc54AaABAg,2026-04-21T18:32:34Z,22
E2_cut,Y8iKRh5C-nE,UgzwfdMV7ZvjVljdF9N4AaABAg,2026-04-21T19:47:32Z,0
E2_cut,Y8iKRh5C-nE,UgxE_2oAEWKzd01Qg-l4AaABAg,2026-04-21T23:51:54Z,0
E2_cut,Y8iKRh5C-nE,UgyBCnmNhQR8YrZ01FF4AaABAg,2026-04-21T21:41:32Z,0
E2_cut,Y8iKRh5C-nE,UgwoRji8ESrN8qDjykB4AaABAg,2026-04-21T17:03:48Z,0
E2_cut,Y8iKRh5C-nE,UgyLDYFhTVDVUV7s4o94AaABAg,2026-04-21T18:21:57Z,25
E2_cut,Y8iKRh5C-nE,UgyZq7hZ-lTsbPyOC6B4AaABAg,2026-04-21T18:56:44Z,0
E2_cut,Y8iKRh5C-nE,Ugzg3zbKPccWLwwBMVV4AaABAg,2026-04-21T18:16:40Z,0
E2_cut,Y8iKRh5C-nE,UgzwB0_tmPThNQ_9RMV4AaABAg,2026-04-21T17:31:04Z,1
E2_cut,Y8iKRh5C-nE,Ugx7zrscKKk1U_-DAbB4AaABAg,2026-04-21T17:35:07Z,0
E2_cut,Y8iKRh5C-nE,UgzYorgCIJTNCBQM1314AaABAg,2026-04-21T17:37:27Z,5
E2_cut,Y8iKRh5C-nE,UgyJuVhpM4UDEh1OQ5B4AaABAg,2026-04-21T17:38:28Z,0
E2_cut,Y8iKRh5C-nE,UgxwpywWFnxPcoChL4l4AaABAg,2026-04-21T20:02:32Z,0
E2_cut,Y8iKRh5C-nE,Ugy4xpEEMNZlZqHfvV14AaABAg,2026-04-21T17:00:02Z,1
E2_cut,Y8iKRh5C-nE,Ugxy50tgiNgG9yaNtiB4AaABAg,2026-04-22T05:33:36Z,3
E2_cut,Y8iKRh5C-nE,UgzPYNPyhcbo2UoPd654AaABAg,2026-04-21T20:55:58Z,0
E2_cut,Y8iKRh5C-nE,UgwESM9TEm4tfJo57Kh4AaABAg,2026-04-21T19:55:11Z,0
E2_cut,Y8iKRh5C-nE,UgxlIyIfe9Z7gCUIjzJ4AaABAg,2026-04-22T10:57:12Z,0
E2_cut,Y8iKRh5C-nE,UgxzUdULU1cKL53cyXB4AaABAg,2026-04-21T23:34:28Z,0
E2_cut,Y8iKRh5C-nE,UgzhboPjnk6SycKTdO54AaABAg,2026-04-21T19:17:49Z,0
E2_cut,Y8iKRh5C-nE,Ugx7SK7-QO3juUkPMHx4AaABAg,2026-04-22T01:34:51Z,0
E2_cut,Y8iKRh5C-nE,UgwnMiHcgUVOhTWg96p4AaABAg,2026-04-21T17:37:12Z,0
E2_cut,Y8iKRh5C-nE,Ugw0CVFATbohOZAkPw14AaABAg,2026-04-27T18:33:43Z,0
E2_cut,Y8iKRh5C-nE,UgwjWbbdJWzwplcitNt4AaABAg,2026-04-22T12:18:43Z,0
E2_cut,Y8iKRh5C-nE,UgyHP9ZSwK7C26fw2J54AaABAg,2026-04-21T19:55:47Z,0
E2_cut,Y8iKRh5C-nE,UgwRC3qc88b-0xc1elB4AaABAg,2026-04-21T20:18:45Z,0
E2_cut,Y8iKRh5C-nE,UgytJDz9nfR_nAiPv994AaABAg,2026-04-21T17:05:00Z,1
E2_cut,Y8iKRh5C-nE,UgwQhk4b2BJP2PhnUc54AaABAg,2026-04-21T16:37:15Z,4
E2_cut,Y8iKRh5C-nE,Ugy25PfHzsX9Fu939vt4AaABAg,2026-04-21T16:56:27Z,0
E2_cut,Y8iKRh5C-nE,UgzWrJlTqXWcSZMZmkp4AaABAg,2026-04-21T21:52:35Z,0
E2_cut,Y8iKRh5C-nE,Ugz9JVpUe0beCUoAbjR4AaABAg,2026-04-21T16:48:36Z,0
E2_cut,Y8iKRh5C-nE,Ugx5hQMHUaQkQ_DMoj54AaABAg,2026-04-22T02:07:47Z,1
E2_cut,Y8iKRh5C-nE,UgyQGGuk1P7FidgIq354AaABAg,2026-04-21T22:36:01Z,0
E2_cut,Y8iKRh5C-nE,UgxB6z26Vo4-CQ5l9aR4AaABAg,2026-04-23T07:18:30Z,0
E2_cut,Y8iKRh5C-nE,Ugy85sgTWBLYWeqZLsd4AaABAg,2026-04-22T19:19:44Z,0
E2_cut,Y8iKRh5C-nE,Ugw5qhPVtHNoB9SfUj54AaABAg,2026-04-22T00:32:22Z,0
E2_cut,Y8iKRh5C-nE,Ugyo2_YRQetlp9EhBcZ4AaABAg,2026-04-21T17:47:27Z,0
E2_cut,Y8iKRh5C-nE,UgwdSwKF4PN61NQET3B4AaABAg,2026-04-21T17:47:59Z,0
E2_cut,Y8iKRh5C-nE,UgwsE0aflH0rHCEC1Sd4AaABAg,2026-04-22T08:17:22Z,0
E2_cut,Y8iKRh5C-nE,UgwStXZfCCddUfMxIWh4AaABAg,2026-04-21T17:16:47Z,4
E2_cut,Y8iKRh5C-nE,UgxAXojpuYGZ-RSRY_V4AaABAg,2026-04-21T16:36:57Z,0
E2_cut,Y8iKRh5C-nE,UgxcRJVEcoWjDUCbeqB4AaABAg,2026-04-21T19:21:07Z,0
E2_cut,Y8iKRh5C-nE,UgxDouCWEyr5WNBOmsl4AaABAg,2026-04-22T03:59:30Z,2
E2_cut,Y8iKRh5C-nE,UgyfceOeIF_UOLercQh4AaABAg,2026-04-22T15:24:32Z,0
E2_cut,Y8iKRh5C-nE,UgyaYIAK8zeCTvRwBut4AaABAg,2026-04-24T21:07:33Z,0
E2_cut,Y8iKRh5C-nE,UgyA_toLFTwFaLpsRLh4AaABAg,2026-04-21T19:31:22Z,1
E2_cut,Y8iKRh5C-nE,UgyrSTB8RkKAMW6H8tV4AaABAg,2026-04-22T06:52:56Z,0
E2_cut,Y8iKRh5C-nE,UgwIK2-DZr1IadR0R4R4AaABAg,2026-04-21T18:18:43Z,1
E2_cut,Y8iKRh5C-nE,UgxfeqWxFe-jOHEX_Wx4AaABAg,2026-04-21T16:56:43Z,5
E2_cut,Y8iKRh5C-nE,UgyopK3eBz8M1Ja624R4AaABAg,2026-04-21T17:49:39Z,0
E2_cut,Y8iKRh5C-nE,UgxbAr-NzPfJFvKuhX54AaABAg,2026-04-22T10:53:10Z,0
E2_cut,Y8iKRh5C-nE,UgyhAU5mJ9bHcPgpK5V4AaABAg,2026-04-21T21:28:16Z,0
E2_cut,Y8iKRh5C-nE,Ugy_AoPM8cqLNxqUi4Z4AaABAg,2026-04-21T18:08:25Z,1
E2_cut,Y8iKRh5C-nE,Ugwnjik2Dhip3P3WC0J4AaABAg,2026-05-22T18:47:11Z,0
E2_cut,Y8iKRh5C-nE,UgyYxH1qoTzIK4g_vrZ4AaABAg,2026-04-21T23:53:20Z,0
E2_cut,Y8iKRh5C-nE,Ugzh_fCmDbM4Fb4zECZ4AaABAg,2026-04-21T16:44:34Z,1
E2_cut,Y8iKRh5C-nE,UgwN6S-_tkwp28R8YUx4AaABAg,2026-04-21T17:18:13Z,0
E2_cut,Y8iKRh5C-nE,UgxP8EkrgQ1HnolNHid4AaABAg,2026-04-21T19:08:15Z,2
E2_cut,Y8iKRh5C-nE,UgwK-bgdyLoLK38G45B4AaABAg,2026-04-22T12:32:32Z,0
E2_cut,Y8iKRh5C-nE,UgyGjnINOxxSUHt897x4AaABAg,2026-05-23T15:02:51Z,0
E2_cut,Y8iKRh5C-nE,UgzgmyNAeUTwdtStTWJ4AaABAg,2026-04-21T18:11:09Z,0
E2_cut,Y8iKRh5C-nE,UgyJmTSp8fvmgzlTovx4AaABAg,2026-04-21T16:53:00Z,0
E2_cut,Y8iKRh5C-nE,UgybWSSHhiyBEkJvaNB4AaABAg,2026-04-21T16:50:48Z,17
E2_cut,Y8iKRh5C-nE,UgxPXb19aqM82TjucBl4AaABAg,2026-04-21T20:28:00Z,1
E2_cut,Y8iKRh5C-nE,UgyNPXPozQH6qxdFZgJ4AaABAg,2026-04-22T00:21:35Z,0
E2_cut,Y8iKRh5C-nE,UgwaXFarvf2y70AGvyJ4AaABAg,2026-04-21T23:30:02Z,0
E2_cut,Y8iKRh5C-nE,UgyPlUHNLbgDwHUFv2N4AaABAg,2026-04-21T20:11:01Z,0
E2_cut,Y8iKRh5C-nE,UgyWNEXOAZr25pdWeV14AaABAg,2026-04-22T20:12:39Z,0
E2_cut,Y8iKRh5C-nE,UgwRRjoScZNBjMacsAR4AaABAg,2026-04-22T01:05:22Z,0
E2_cut,Y8iKRh5C-nE,Ugw6QR-o0jWY5GDIQE94AaABAg,2026-04-21T20:30:11Z,0
E2_cut,Y8iKRh5C-nE,Ugxl7sBQRFGVWr-Acdl4AaABAg,2026-04-21T17:35:42Z,0
E2_cut,Y8iKRh5C-nE,UgwGCyVasgXORaEJfbl4AaABAg,2026-04-22T14:45:55Z,0
E2_cut,Y8iKRh5C-nE,Ugw4l8WvY3tGgtocwWh4AaABAg,2026-04-21T22:30:58Z,1
E2_cut,Y8iKRh5C-nE,UgzMfsfyoJnWlJJZYi54AaABAg,2026-04-22T00:27:58Z,0
E2_cut,Y8iKRh5C-nE,Ugw1mIFX8EzCurhAoSB4AaABAg,2026-04-21T19:35:47Z,0
E2_cut,Y8iKRh5C-nE,Ugw8SOhxyOvS7YBuTid4AaABAg,2026-04-22T09:48:59Z,0
E2_cut,Y8iKRh5C-nE,UgwHTfeSeSPs_qp8ewZ4AaABAg,2026-04-21T18:01:32Z,0
E2_cut,Y8iKRh5C-nE,UgzpC6nmktJ9p0sUEBJ4AaABAg,2026-04-21T22:04:00Z,0
E2_cut,Y8iKRh5C-nE,UgyRs29vYbuPzF9j31F4AaABAg,2026-04-21T22:45:32Z,1
E2_cut,Y8iKRh5C-nE,UgwbG2YYFmOaKWyiqVl4AaABAg,2026-04-22T17:21:15Z,0
E2_cut,Y8iKRh5C-nE,Ugz638aOUdTZ7pEWCqR4AaABAg,2026-04-26T21:51:39Z,0
E2_cut,Y8iKRh5C-nE,Ugzpv09nBniHRAB4sKJ4AaABAg,2026-04-21T16:46:48Z,0
E2_cut,Y8iKRh5C-nE,Ugw-1Ajr1Hg1IGClcBl4AaABAg,2026-04-21T20:08:02Z,0
E2_cut,Y8iKRh5C-nE,UgxMF9YCYhg7wBR8alJ4AaABAg,2026-04-21T16:37:08Z,4
E2_cut,Y8iKRh5C-nE,Ugwpb80IreE7iNnc8E14AaABAg,2026-04-25T18:00:16Z,1
E2_cut,Y8iKRh5C-nE,UgybaiE3koZ5oB4z1J54AaABAg,2026-04-21T16:44:38Z,0
E2_cut,Y8iKRh5C-nE,UgyioiYnc4TJq_XTQo54AaABAg,2026-04-23T14:51:39Z,0
E2_cut,Y8iKRh5C-nE,UgyCDz9dkmpPZ8hUoS54AaABAg,2026-04-21T21:18:19Z,0
E2_cut,Y8iKRh5C-nE,Ugx0zMk4a9bbxW5RCdV4AaABAg,2026-04-21T18:12:51Z,1
E2_cut,Y8iKRh5C-nE,UgwuBU_E8OvtO3KSdF94AaABAg,2026-04-21T16:58:04Z,0
E2_cut,Y8iKRh5C-nE,UgzMKEHwoBZjsduySbd4AaABAg,2026-04-21T21:08:11Z,0
E2_cut,Y8iKRh5C-nE,UgzQf9u-OScONlpW6JJ4AaABAg,2026-04-21T16:40:03Z,1
E2_cut,Y8iKRh5C-nE,Ugzds2rqZrSi1P3paJd4AaABAg,2026-04-22T09:37:52Z,0
E2_cut,Y8iKRh5C-nE,UgwmvhdWZotbyIlt0hF4AaABAg,2026-04-21T23:40:20Z,0
E2_cut,Y8iKRh5C-nE,UgxRe5VVGyYIp1IKGmN4AaABAg,2026-04-21T18:07:48Z,0
E2_cut,Y8iKRh5C-nE,UgzGpZNPJc8DOHUrEAZ4AaABAg,2026-04-22T01:53:09Z,0
E2_cut,Y8iKRh5C-nE,Ugx60hOwVJtZW2EHgs14AaABAg,2026-04-29T04:16:43Z,0
E2_cut,Y8iKRh5C-nE,Ugx5Ym729gALAzZGaIN4AaABAg,2026-04-21T19:04:05Z,0
E2_cut,Y8iKRh5C-nE,Ugxh-Q7Ngkc8zrVygrJ4AaABAg,2026-04-21T20:53:10Z,1
E2_cut,Y8iKRh5C-nE,Ugxs1HLYkY0BoE3pAh94AaABAg,2026-04-22T07:24:36Z,3
E2_cut,Y8iKRh5C-nE,UgzJxv_ZbJ49iDgWt_B4AaABAg,2026-04-22T05:29:51Z,0
E2_cut,Y8iKRh5C-nE,UgzcSatKdEi9FAd1HdF4AaABAg,2026-04-21T18:25:53Z,0
E2_cut,Y8iKRh5C-nE,UgzVms2TzUWGT1P8S9N4AaABAg,2026-04-21T23:38:58Z,1
E2_cut,Y8iKRh5C-nE,UgypAgTPIVZNw066VbB4AaABAg,2026-04-25T15:35:42Z,0
E2_cut,Y8iKRh5C-nE,Ugw7EJQZ6z_Vb_3kv094AaABAg,2026-04-21T22:13:00Z,1
E2_cut,Y8iKRh5C-nE,UgwaOLhYEgPUfFAm5Cl4AaABAg,2026-04-21T20:56:25Z,0
E2_cut,Y8iKRh5C-nE,UgzeiYPqh0JLe4pWAO94AaABAg,2026-04-22T13:04:12Z,0
E2_cut,Y8iKRh5C-nE,UgxbnsiV2bXr_KhK86N4AaABAg,2026-04-21T21:17:02Z,1
E2_cut,Y8iKRh5C-nE,UgxY8BPRB1ybmfcfloB4AaABAg,2026-04-21T18:52:50Z,0
E2_cut,Y8iKRh5C-nE,UgxnQzNyxkIM1C8Xdd14AaABAg,2026-04-21T18:50:57Z,0
E2_cut,Y8iKRh5C-nE,UgytJa3ZS_4HvoXNkw54AaABAg,2026-04-22T21:26:04Z,0
E2_cut,Y8iKRh5C-nE,UgxwqWJOckTjQoxWuZF4AaABAg,2026-04-21T17:10:26Z,0
E2_cut,Y8iKRh5C-nE,UgzNScED7rMrTPS6xrd4AaABAg,2026-04-23T04:35:08Z,0
E2_cut,Y8iKRh5C-nE,Ugx24NUIOQdjG0a3aNl4AaABAg,2026-04-21T17:26:53Z,1
E2_cut,Y8iKRh5C-nE,Ugy92U1W_j-xJZzEmat4AaABAg,2026-04-21T22:32:44Z,1
E2_cut,Y8iKRh5C-nE,Ugwvplvi3R9McU5vnkJ4AaABAg,2026-04-21T19:40:44Z,0
E2_cut,Y8iKRh5C-nE,Ugxa8tO5QYuS8ej0JwR4AaABAg,2026-04-21T17:31:44Z,0
E2_cut,Y8iKRh5C-nE,Ugyy07CKRE0mrg3TRgd4AaABAg,2026-04-21T20:38:04Z,0
E2_cut,Y8iKRh5C-nE,UgzmmbpOoCQFFcEcKol4AaABAg,2026-04-21T16:39:10Z,0
E2_cut,Y8iKRh5C-nE,UgypKzusexLeVVID65B4AaABAg,2026-04-22T10:55:57Z,0
E2_cut,Y8iKRh5C-nE,UgzueJo8bZ8fqSbsWKx4AaABAg,2026-04-21T17:58:42Z,0
E2_cut,Y8iKRh5C-nE,UgwjYV25f0weIIQ7UmB4AaABAg,2026-04-22T18:42:11Z,0
E2_cut,Y8iKRh5C-nE,Ugz1ifrKPwDgZ_zaBSt4AaABAg,2026-04-21T16:40:21Z,9
E2_cut,Y8iKRh5C-nE,UgwKw8-7zBWVtkklgwx4AaABAg,2026-04-21T16:45:40Z,1
E2_cut,Y8iKRh5C-nE,Ugzd4uhX8d7qrUmEWbN4AaABAg,2026-04-21T17:38:28Z,0
E2_cut,Y8iKRh5C-nE,Ugwn2pnLi-k98NQh7aZ4AaABAg,2026-04-21T18:22:31Z,0
E2_cut,Y8iKRh5C-nE,UgyMEosAVPhMW4CjrAN4AaABAg,2026-04-21T18:00:51Z,0
E2_cut,Y8iKRh5C-nE,UgwUKmb8aYxYQe1OXXZ4AaABAg,2026-04-21T16:48:07Z,0
E2_cut,Y8iKRh5C-nE,UgxYHRUAXhPrrDHOrmp4AaABAg,2026-04-21T16:41:59Z,0
E2_cut,Y8iKRh5C-nE,UgzkC6KSAvSvI6GNzcF4AaABAg,2026-04-21T17:03:44Z,0
E2_cut,Y8iKRh5C-nE,Ugw7kPSs3lrLDHJ_pJt4AaABAg,2026-04-21T16:45:34Z,0
E2_cut,Y8iKRh5C-nE,UgzqkiuMbB66sqX_wHl4AaABAg,2026-04-21T17:01:51Z,0
E2_cut,Y8iKRh5C-nE,UgxPB6uRkmChOvwLA4B4AaABAg,2026-04-21T18:11:05Z,0
E2_cut,Y8iKRh5C-nE,Ugz8onXt9DaBU1HoHc14AaABAg,2026-04-21T17:09:17Z,0
E2_cut,Y8iKRh5C-nE,UgyK8SAgcQ8DWOTXsGp4AaABAg,2026-04-21T19:05:50Z,0
E2_cut,Y8iKRh5C-nE,UgxgBmxChoilsLiYZhN4AaABAg,2026-04-21T21:07:01Z,0
E2_cut,Y8iKRh5C-nE,Ugy5FdxJdcr3IRyDHIp4AaABAg,2026-04-21T16:56:05Z,0
E2_cut,Y8iKRh5C-nE,UgwhW4VC5wF0oEecJsJ4AaABAg,2026-04-21T17:44:11Z,0
E2_cut,Y8iKRh5C-nE,Ugz_tvmZPve8jkPf6914AaABAg,2026-04-21T17:09:21Z,0
E2_cut,Y8iKRh5C-nE,UgxvTYh_P8rx42oQIIN4AaABAg,2026-04-21T17:08:51Z,1
E2_cut,Y8iKRh5C-nE,Ugy02LUxmsEQLfnx-W14AaABAg,2026-04-21T16:52:44Z,1
E2_cut,Y8iKRh5C-nE,UgyrCnpELD3cKegVimB4AaABAg,2026-04-21T17:09:25Z,1
E2_cut,Y8iKRh5C-nE,UgzcSOFsM-TdhwKIRat4AaABAg,2026-04-21T19:18:33Z,0
E2_cut,Y8iKRh5C-nE,UgwhAJCYOe_xCx8xAwV4AaABAg,2026-04-21T17:10:53Z,0
E2_cut,Y8iKRh5C-nE,Ugwm06EvW86RIeAV_1F4AaABAg,2026-04-21T17:02:32Z,5
E2_cut,Y8iKRh5C-nE,UgxCX1bLCTWuH2PiwLJ4AaABAg,2026-04-21T21:18:58Z,0
E2_cut,Y8iKRh5C-nE,UgxNyff85V1UXNCK9Wp4AaABAg,2026-04-21T18:43:31Z,0
E2_cut,Y8iKRh5C-nE,UgzuxA-dlLm0Jj7M8Zp4AaABAg,2026-04-21T16:54:20Z,6
E2_cut,Y8iKRh5C-nE,UgytswQ-mNbrWIZgabR4AaABAg,2026-04-21T18:12:12Z,0
E2_cut,Y8iKRh5C-nE,UgwsKapG1NctVtwftcF4AaABAg,2026-04-21T16:43:22Z,3
E2_cut,Y8iKRh5C-nE,UgwniN6b-Q_w2k9Mse54AaABAg,2026-04-21T19:31:10Z,0
E2_cut,Y8iKRh5C-nE,Ugzye2HERBNS92bJO2l4AaABAg,2026-04-21T19:26:17Z,0
E2_cut,Y8iKRh5C-nE,UgxxyZHcw6o3GzcPU3Z4AaABAg,2026-04-21T17:00:19Z,0
E2_cut,Y8iKRh5C-nE,UgypNGyVgvFp2z8_Ysx4AaABAg,2026-04-21T16:51:30Z,3
E2_cut,Y8iKRh5C-nE,UgwaiukmDPWYFkihuHR4AaABAg,2026-04-21T16:49:03Z,1
E2_cut,Y8iKRh5C-nE,UgylOaKKe2_xXw2nFVB4AaABAg,2026-04-21T17:10:39Z,1
E2_cut,Y8iKRh5C-nE,Ugyf3kstJ11eZMTH0054AaABAg,2026-04-21T17:57:16Z,0
E2_cut,Y8iKRh5C-nE,Ugwb9My4wuMUny1M-nt4AaABAg,2026-04-21T18:42:49Z,1
E2_cut,Y8iKRh5C-nE,UgxG80iscJYcQgb3p3F4AaABAg,2026-04-21T19:40:18Z,0
E2_cut,Y8iKRh5C-nE,Ugx3oW-6unF5q5j0No14AaABAg,2026-04-21T18:02:59Z,0
E2_cut,Y8iKRh5C-nE,UgwW-xaBnT1IW0ffKu54AaABAg,2026-04-21T18:10:11Z,0
E2_cut,Y8iKRh5C-nE,UgxP-lnJfsHnlboIsC94AaABAg,2026-04-21T17:49:58Z,0
E2_cut,Y8iKRh5C-nE,UgyVV3w99hslWWHZetJ4AaABAg,2026-04-21T19:12:13Z,0
E2_cut,Y8iKRh5C-nE,Ugxw0FFDUjYCG6Kavxp4AaABAg,2026-04-21T18:52:21Z,0
E2_cut,Y8iKRh5C-nE,Ugyzmerktgnd4S4AQEd4AaABAg,2026-04-21T18:12:30Z,0
E2_cut,Y8iKRh5C-nE,Ugz_gChm9WaFHj7TZoJ4AaABAg,2026-04-21T19:17:09Z,1
E2_cut,Y8iKRh5C-nE,UgxmK5PPX38xHgRQ82V4AaABAg,2026-04-21T19:01:36Z,0
E2_cut,Y8iKRh5C-nE,UgzhKgD0apjbprA29h14AaABAg,2026-04-21T17:26:51Z,1
E2_cut,Y8iKRh5C-nE,UgxsV78d5YNjudAuthp4AaABAg,2026-04-21T19:21:28Z,0
E2_cut,woRxFSowEmY,Ugz6JqS59tT5eenNZ4d4AaABAg,2026-04-21T18:09:06Z,242
E2_cut,woRxFSowEmY,UgzqaneJTxNJ8puUZSR4AaABAg,2026-04-21T18:10:06Z,907
E2_cut,woRxFSowEmY,UgyFu7UffiDfEndmHc54AaABAg,2026-04-21T18:24:06Z,732
E2_cut,woRxFSowEmY,UgzVwqEg1D9K_HztxAR4AaABAg,2026-04-21T18:32:48Z,504
E2_cut,woRxFSowEmY,UgzOaKrq-pCsA78Nyw14AaABAg,2026-04-21T18:09:54Z,478
E2_cut,woRxFSowEmY,Ugy335XENboYx32O6XZ4AaABAg,2026-04-21T19:59:39Z,145
E2_cut,woRxFSowEmY,UgyyWVO-j53bN6KXtFh4AaABAg,2026-04-21T18:36:27Z,150
E2_cut,woRxFSowEmY,UgydKOOVelhOA-HQJj14AaABAg,2026-04-21T18:26:13Z,258
E2_cut,woRxFSowEmY,UgxEd2jp-1_KymKQdPV4AaABAg,2026-04-21T18:15:03Z,216
E2_cut,woRxFSowEmY,Ugy7ZYoZzfErSgzEij94AaABAg,2026-04-21T18:15:22Z,151
E2_cut,woRxFSowEmY,UgzIsIcRFhuVMsbnLeR4AaABAg,2026-04-21T19:15:23Z,92
E2_cut,woRxFSowEmY,UgyR3jorLOZRo5oK-kV4AaABAg,2026-04-21T18:41:02Z,67
E2_cut,woRxFSowEmY,UgyEb2G-ZYQSX3HNZmV4AaABAg,2026-04-21T18:10:16Z,215
E2_cut,woRxFSowEmY,UgyKQyID5-JhlIDzcit4AaABAg,2026-04-21T18:37:14Z,23
E2_cut,woRxFSowEmY,UgwrZM3IoNlEblGkHxp4AaABAg,2026-04-21T18:10:24Z,91
E2_cut,woRxFSowEmY,Ugw4HYx3pl_DpqvB0994AaABAg,2026-04-21T18:10:06Z,72
E2_cut,woRxFSowEmY,UgwxHwqE9g9hxt9OR-R4AaABAg,2026-04-21T18:15:30Z,10
E2_cut,woRxFSowEmY,Ugwm0frGC7fQR8KyHTB4AaABAg,2026-04-21T18:28:50Z,23
E2_cut,woRxFSowEmY,UgzDg-iD_Zfb-fMKVel4AaABAg,2026-04-21T18:11:04Z,66
E2_cut,woRxFSowEmY,UgwkVYdI1nNPJOQTh1Z4AaABAg,2026-04-21T19:35:46Z,4
E2_cut,woRxFSowEmY,Ugwd4Zo4bHdMzXGmJit4AaABAg,2026-04-21T20:06:21Z,8
E2_cut,woRxFSowEmY,UgxPd8lvjVsy3fkgPY54AaABAg,2026-04-21T18:13:04Z,24
E2_cut,woRxFSowEmY,UgzFZvul055OQ4JzjRp4AaABAg,2026-04-21T18:10:10Z,23
E2_cut,woRxFSowEmY,UgwY7DhBhL_HNqyxXKZ4AaABAg,2026-04-21T18:58:53Z,10
E2_cut,woRxFSowEmY,UgwUpbbFdZ_O--3LbNF4AaABAg,2026-04-21T18:25:09Z,43
E2_cut,woRxFSowEmY,UgzpBOSE4MF4sg8x_wN4AaABAg,2026-04-21T18:21:39Z,5
E2_cut,woRxFSowEmY,UgynjVsnMciaiRie8TN4AaABAg,2026-04-21T18:21:21Z,9
E2_cut,woRxFSowEmY,UgyPphSIfJDehDB0ru94AaABAg,2026-04-21T19:01:42Z,3
E2_cut,woRxFSowEmY,UgwXi49zn7ZioVeapdd4AaABAg,2026-04-21T18:22:41Z,48
E2_cut,woRxFSowEmY,UgxtDrcysHQkdW5Lep94AaABAg,2026-04-22T15:35:38Z,3
E2_cut,woRxFSowEmY,UgyimIy0J6HMiCf03CN4AaABAg,2026-04-24T07:36:53Z,1
E2_cut,woRxFSowEmY,Ugw0Ch8kXF7i7OBiLVh4AaABAg,2026-04-21T18:32:32Z,3
E2_cut,woRxFSowEmY,UgxM2VyINOGCgnMS36Z4AaABAg,2026-04-21T18:53:28Z,17
E2_cut,woRxFSowEmY,Ugyuui6BE44Fuph33rB4AaABAg,2026-04-21T19:12:49Z,4
E2_cut,woRxFSowEmY,UgzwNcAwQ1688G3qVYl4AaABAg,2026-04-21T18:23:05Z,5
E2_cut,woRxFSowEmY,Ugw-kSCoWq25Vh4J-qF4AaABAg,2026-04-21T19:05:50Z,1
E2_cut,woRxFSowEmY,Ugxce1Rb_utTIfUVFg54AaABAg,2026-04-21T18:20:28Z,14
E2_cut,woRxFSowEmY,Ugyg6fepEB7r-KvzF_N4AaABAg,2026-04-21T19:05:38Z,2
E2_cut,woRxFSowEmY,UgyfNy1uvwRWoatWhSN4AaABAg,2026-04-21T18:28:30Z,3
E2_cut,woRxFSowEmY,Ugx4HltJWX3GkWZV17R4AaABAg,2026-04-21T21:46:17Z,1
E2_cut,woRxFSowEmY,UgxA1t_qqdnIQdfs8Nd4AaABAg,2026-04-21T19:19:52Z,8
E2_cut,woRxFSowEmY,Ugxuys6IVUelPqyZzkh4AaABAg,2026-04-21T22:05:30Z,1
E2_cut,woRxFSowEmY,UgwEKF2Jacj7mdB2q3V4AaABAg,2026-04-21T18:10:05Z,3
E2_cut,woRxFSowEmY,Ugz1UlLIhipt8VyewTR4AaABAg,2026-04-21T21:15:52Z,2
E2_cut,woRxFSowEmY,UgwVrzHNWUmsfi88zON4AaABAg,2026-04-21T18:32:53Z,10
E2_cut,woRxFSowEmY,Ugx3jU2b2jYM5qjrqQJ4AaABAg,2026-04-24T05:10:18Z,1
E2_cut,woRxFSowEmY,UgyXivhdsbIvzrGWS7J4AaABAg,2026-04-21T18:17:01Z,11
E2_cut,woRxFSowEmY,UgwQ2FO8yl88t5ktjnl4AaABAg,2026-04-21T18:25:12Z,18
E2_cut,woRxFSowEmY,Ugzp-ZSGK2krN4NOpQJ4AaABAg,2026-04-21T18:59:19Z,8
E2_cut,woRxFSowEmY,UgxOwDlgWaNZ5CviDsd4AaABAg,2026-04-21T19:02:49Z,1
E2_cut,woRxFSowEmY,UgxqlapOhkzzJYMmxpF4AaABAg,2026-04-21T18:48:19Z,11
E2_cut,woRxFSowEmY,UgzSTCkTYWEq5Q1HJ9p4AaABAg,2026-04-21T20:06:39Z,1
E2_cut,woRxFSowEmY,UgwvQjdS3bIqzKXmISh4AaABAg,2026-04-21T18:41:06Z,4
E2_cut,woRxFSowEmY,UgwnBpuDE92RFzO5hzt4AaABAg,2026-04-23T05:05:16Z,1
E2_cut,woRxFSowEmY,UgzlFf4KStjcNLwW-5B4AaABAg,2026-04-21T19:54:34Z,2
E2_cut,woRxFSowEmY,UgzAZyyFYQ3D4yGH_X94AaABAg,2026-04-21T19:09:05Z,1
E2_cut,woRxFSowEmY,Ugxz8Ten3jTl08aXxSR4AaABAg,2026-04-21T23:44:41Z,4
E2_cut,woRxFSowEmY,Ugyt5hLSk-I0CssJSGd4AaABAg,2026-04-21T18:59:20Z,2
E2_cut,woRxFSowEmY,UgwSC5IShGWzAP6F5eN4AaABAg,2026-04-21T19:55:48Z,7
E2_cut,woRxFSowEmY,Ugy2W8JFR9UYnrtq0gB4AaABAg,2026-04-21T19:43:05Z,1
E2_cut,woRxFSowEmY,UgyprMLYWJnU2s9hjxh4AaABAg,2026-04-22T10:03:53Z,3
E2_cut,woRxFSowEmY,UgwEpVovOI63basDMvZ4AaABAg,2026-04-23T05:07:50Z,1
E2_cut,woRxFSowEmY,UgxyTendSnOSg1yObS94AaABAg,2026-04-21T18:32:16Z,9
E2_cut,woRxFSowEmY,Ugz-9oWhzu_RvRakwP14AaABAg,2026-04-21T18:42:59Z,2
E2_cut,woRxFSowEmY,UgyYIrsrg4Gbte0BSmF4AaABAg,2026-04-21T18:19:15Z,2
E2_cut,woRxFSowEmY,Ugz6AaVDcRFOYD9NXix4AaABAg,2026-04-21T20:28:58Z,0
E2_cut,woRxFSowEmY,UgxPTkmEAqVbbIrekcV4AaABAg,2026-04-21T19:26:26Z,2
E2_cut,woRxFSowEmY,UgwZ-CD_u69jjkCUQFp4AaABAg,2026-04-21T18:11:26Z,18
E2_cut,woRxFSowEmY,UgxdZ739dnWrkQ5HAxF4AaABAg,2026-04-21T18:26:49Z,0
E2_cut,woRxFSowEmY,UgxDJolCljelm6m7xB94AaABAg,2026-04-21T18:14:08Z,13
E2_cut,woRxFSowEmY,UgzpV3U4Gldvb_yBwsl4AaABAg,2026-04-22T08:34:53Z,0
E2_cut,woRxFSowEmY,UgzuGU5fAxfMXmrfUUJ4AaABAg,2026-04-21T18:53:54Z,12
E2_cut,woRxFSowEmY,Ugy54XxnsRTDSxK8qq54AaABAg,2026-04-27T21:28:46Z,0
E2_cut,woRxFSowEmY,UgxRW2ILfR7NvC1MYQJ4AaABAg,2026-04-21T18:12:55Z,41
E2_cut,woRxFSowEmY,Ugw0dU8VpMz5-iNP5hR4AaABAg,2026-04-22T01:01:22Z,0
E2_cut,woRxFSowEmY,UgzcvFFa7phnScKVost4AaABAg,2026-04-21T18:09:48Z,2
E2_cut,woRxFSowEmY,UgxxNR9TrKuCR0pLJaF4AaABAg,2026-04-21T18:31:06Z,1
E2_cut,woRxFSowEmY,Ugyu0Xq8DUgmtMttbmd4AaABAg,2026-04-21T18:29:27Z,14
E2_cut,woRxFSowEmY,Ugx-OJ58DU7bmI9iKWV4AaABAg,2026-04-21T18:24:38Z,1
E2_cut,woRxFSowEmY,Ugy5KLI8v_v73fHRu2F4AaABAg,2026-04-21T18:23:09Z,17
E2_cut,woRxFSowEmY,Ugxh1W7ZCZ8CwcGA8KF4AaABAg,2026-04-27T02:43:05Z,1
E2_cut,woRxFSowEmY,UgwqW9rJiVC_tlKNUZl4AaABAg,2026-04-21T18:15:40Z,32
E2_cut,woRxFSowEmY,UgyxAhUhS_pZniEvjT14AaABAg,2026-04-21T18:23:08Z,1
E2_cut,woRxFSowEmY,UgwlarE_eaMiWR-orXh4AaABAg,2026-04-21T18:10:17Z,48
E2_cut,woRxFSowEmY,UgyE7nvEVDFTePVLUHB4AaABAg,2026-04-21T21:39:49Z,0
E2_cut,woRxFSowEmY,UgzJ0Sf6hndUc0QG-gF4AaABAg,2026-04-21T22:24:13Z,12
E2_cut,woRxFSowEmY,UgzhU-5q8kShVZVAauN4AaABAg,2026-04-22T02:13:38Z,2
E2_cut,woRxFSowEmY,UgyxE94Knf-0tutzh1d4AaABAg,2026-04-21T20:12:47Z,3
E2_cut,woRxFSowEmY,Ugz5rfV7O65uRQeXYyZ4AaABAg,2026-04-21T18:21:01Z,0
E2_cut,woRxFSowEmY,UgxeSng1hlLhjuMhix14AaABAg,2026-04-21T20:03:52Z,2
E2_cut,woRxFSowEmY,UgwE5M36FEM8B_Cm0MF4AaABAg,2026-04-21T19:13:13Z,0
E2_cut,woRxFSowEmY,Ugwz4MkC8A6jlkcOdp94AaABAg,2026-04-21T18:53:44Z,4
E2_cut,woRxFSowEmY,Ugz5ouVc5GD_AzxbyMd4AaABAg,2026-04-26T06:31:34Z,1
E2_cut,woRxFSowEmY,UgwoKleQqIP0OqU5hsB4AaABAg,2026-04-21T19:28:15Z,6
E2_cut,woRxFSowEmY,Ugy0hVv6RqVy-yeIyw94AaABAg,2026-04-21T18:12:25Z,2
E2_cut,woRxFSowEmY,UgxXPm9OkMzGGFruUB94AaABAg,2026-04-21T20:16:31Z,4
E2_cut,woRxFSowEmY,Ugz6VHaNxOAN6-G2a1R4AaABAg,2026-04-22T20:55:46Z,0
E2_cut,woRxFSowEmY,UgwyKjwB5oWQaCNXcYd4AaABAg,2026-04-21T18:55:31Z,9
E2_cut,woRxFSowEmY,Ugxif7PyW0hG0eiZDNV4AaABAg,2026-04-21T21:20:33Z,0
E2_cut,woRxFSowEmY,UgxRUO5yrCOrCkzu7st4AaABAg,2026-04-21T18:11:45Z,6
E2_cut,woRxFSowEmY,UgyHOJl7PSLcV0_W_Ix4AaABAg,2026-04-21T18:28:03Z,1
E2_cut,woRxFSowEmY,Ugxx9uqSwqA3O7ZVj_p4AaABAg,2026-04-21T18:27:14Z,3
E2_cut,woRxFSowEmY,Ugyqaj-MQVaXkqSeMM94AaABAg,2026-04-21T18:40:57Z,0
E2_cut,woRxFSowEmY,UgwIBcRFlfWF_SGunV54AaABAg,2026-04-21T18:21:51Z,8
E2_cut,woRxFSowEmY,UgwcSaJcTD5gfUw9VdR4AaABAg,2026-04-22T00:17:04Z,1
E2_cut,woRxFSowEmY,Ugz-IZfjBTx2Ee9scot4AaABAg,2026-04-21T20:21:46Z,0
E2_cut,woRxFSowEmY,UgyKyIdEa_BxDc9HA9p4AaABAg,2026-04-23T10:12:33Z,1
E2_cut,woRxFSowEmY,Ugx29_uBu6YZeHfa4At4AaABAg,2026-04-21T20:47:20Z,0
E2_cut,woRxFSowEmY,UgwykLwPOrJqXJuihXh4AaABAg,2026-04-21T18:57:33Z,0
E2_cut,woRxFSowEmY,UgzE1eH6gwLtVAjG6Qp4AaABAg,2026-04-21T21:06:17Z,0
E2_cut,woRxFSowEmY,UgwJj-TlNmAD-_cyEFt4AaABAg,2026-04-22T08:00:10Z,0
E2_cut,woRxFSowEmY,Ugxt7-G1Dr3d3bsRigp4AaABAg,2026-04-22T13:58:25Z,0
E2_cut,woRxFSowEmY,Ugyxug6rcuP9UWy_jlt4AaABAg,2026-04-21T20:32:12Z,0
E2_cut,woRxFSowEmY,UgwMqctWkS8CSHKf4HF4AaABAg,2026-04-21T21:28:20Z,1
E2_cut,woRxFSowEmY,Ugyj1tD9t08voIwDPrZ4AaABAg,2026-04-21T22:49:16Z,0
E2_cut,woRxFSowEmY,UgyQrV1kMw4HNDQPAJ54AaABAg,2026-04-22T10:07:30Z,0
E2_cut,woRxFSowEmY,Ugz9z6f6KgY2ri3_q_R4AaABAg,2026-04-22T03:12:43Z,0
E2_cut,woRxFSowEmY,UgzSvZwmGiRvNEkKQCZ4AaABAg,2026-04-22T11:01:30Z,0
E2_cut,woRxFSowEmY,Ugw_ZIOptZAwwCKmzz14AaABAg,2026-04-22T03:59:01Z,0
E2_cut,woRxFSowEmY,UgzRdBnjY80vzsjwfwZ4AaABAg,2026-04-21T18:24:31Z,1
E2_cut,woRxFSowEmY,Ugz-IAJFPnck0lkzes54AaABAg,2026-04-21T19:47:01Z,0
E2_cut,woRxFSowEmY,Ugww__Y8NUVFCasKqQp4AaABAg,2026-04-21T20:53:38Z,1
E2_cut,woRxFSowEmY,UgxaytYL4QvsSs_GQoB4AaABAg,2026-04-22T05:32:25Z,0
E2_cut,woRxFSowEmY,Ugw1Jw5kD59ikAp-fyN4AaABAg,2026-04-22T10:17:28Z,2
E2_cut,woRxFSowEmY,Ugxh66rNnqMQTENEK354AaABAg,2026-04-21T23:45:46Z,0
E2_cut,woRxFSowEmY,UgzWiIgD8ge5i-gsLnp4AaABAg,2026-04-22T02:42:03Z,0
E2_cut,woRxFSowEmY,UgzqwIZcBEW8Ka3cC2R4AaABAg,2026-04-21T22:30:50Z,1
E2_cut,woRxFSowEmY,UgxY7KovvpQRoAM-t9h4AaABAg,2026-04-21T18:22:20Z,2
E2_cut,woRxFSowEmY,Ugx4c2c6gqFVuJ3enUl4AaABAg,2026-04-22T16:35:27Z,0
E2_cut,woRxFSowEmY,UgxViEvAFVbiRHxXzj54AaABAg,2026-04-22T05:28:36Z,0
E2_cut,woRxFSowEmY,UgzptS_EWfVPD_8h-Cl4AaABAg,2026-04-22T00:19:33Z,0
E2_cut,woRxFSowEmY,UgwOAHq0yk2_61i-FLN4AaABAg,2026-04-21T18:58:09Z,0
E2_cut,woRxFSowEmY,UgzgbXMHAeoS38ZRkDJ4AaABAg,2026-04-21T20:38:43Z,1
E2_cut,woRxFSowEmY,UgzVdVldeUHwXRVWMhJ4AaABAg,2026-04-21T21:02:08Z,0
E2_cut,woRxFSowEmY,UgyfIQHbzghx9B_l_1R4AaABAg,2026-04-22T03:41:47Z,0
E2_cut,woRxFSowEmY,Ugwsda3zTeaWaUp7kRV4AaABAg,2026-04-21T21:12:52Z,0
E2_cut,woRxFSowEmY,Ugz3-9AYcfzBhZU6cPh4AaABAg,2026-04-21T18:11:19Z,1
E2_cut,woRxFSowEmY,UgyTfQliFN6NXKuvkIh4AaABAg,2026-04-27T05:06:36Z,0
E2_cut,woRxFSowEmY,UgwULP4qlzFXh8yat1Z4AaABAg,2026-04-23T01:16:54Z,0
E2_cut,woRxFSowEmY,UgzmBsUjjy2XjvAmftZ4AaABAg,2026-04-21T19:26:36Z,0
E2_cut,woRxFSowEmY,UgztLO-rPzjE2_ARm9B4AaABAg,2026-04-21T20:50:35Z,0
E2_cut,woRxFSowEmY,UgzYg2vTP2OgeAFoAjF4AaABAg,2026-04-21T23:18:49Z,0
E2_cut,woRxFSowEmY,Ugyi-g_p1JaOHDZWTM14AaABAg,2026-04-21T19:42:55Z,0
E2_cut,woRxFSowEmY,UgwooglpWMjlnTOO-554AaABAg,2026-04-21T20:46:28Z,0
E2_cut,woRxFSowEmY,UgzrIXJHwFAZM6uPkqd4AaABAg,2026-04-22T00:08:00Z,0
E2_cut,woRxFSowEmY,UgzyFPQ8liU5-Jc9RXZ4AaABAg,2026-04-21T22:11:00Z,0
E2_cut,woRxFSowEmY,Ugx8p_QIzNRKnNgIkgp4AaABAg,2026-04-21T18:26:39Z,1
E2_cut,woRxFSowEmY,UgxhlbRoAanK6xQtvBB4AaABAg,2026-04-21T20:55:58Z,0
E2_cut,woRxFSowEmY,UgxdT8tp55MDG_1y5KN4AaABAg,2026-04-21T19:46:39Z,0
E2_cut,woRxFSowEmY,Ugz-77vpnuDXO0hktV94AaABAg,2026-04-21T18:31:39Z,0
E2_cut,woRxFSowEmY,UgxFCwP444I2M1-fDAB4AaABAg,2026-04-21T21:53:17Z,1
E2_cut,woRxFSowEmY,UgzQiIFeJN_fduP0MOJ4AaABAg,2026-04-21T20:44:27Z,0
E2_cut,woRxFSowEmY,Ugz9l_S6Vt2EHE252Tl4AaABAg,2026-04-25T05:42:30Z,0
E2_cut,woRxFSowEmY,UgztuOTBazb9Q7W0Feh4AaABAg,2026-04-22T10:59:36Z,0
E2_cut,woRxFSowEmY,UgwaOEl6akDHVCceJ914AaABAg,2026-04-21T20:55:45Z,0
E2_cut,woRxFSowEmY,UgwjdsjI7xsQeFsuA4x4AaABAg,2026-04-21T22:20:38Z,0
E2_cut,woRxFSowEmY,Ugzm8Bq9uyTXW9NwIt14AaABAg,2026-04-21T21:23:18Z,0
E2_cut,woRxFSowEmY,Ugz_ff1ONlvRqk12lGt4AaABAg,2026-04-23T07:32:39Z,0
E2_cut,woRxFSowEmY,UgyFICRDeX_VcLm4ZTZ4AaABAg,2026-04-21T19:20:00Z,0
E2_cut,woRxFSowEmY,UgynK7Md1vxe-NJCjJR4AaABAg,2026-04-22T13:20:59Z,0
E2_cut,woRxFSowEmY,Ugw3ClOKEQ_N-KCFsS14AaABAg,2026-04-22T06:53:00Z,1
E2_cut,woRxFSowEmY,Ugz0C4lkdpyBGb216ih4AaABAg,2026-04-21T18:30:10Z,0
E2_cut,woRxFSowEmY,UgxuYSNNRZNtdytK5zV4AaABAg,2026-04-22T03:04:40Z,2
E2_cut,woRxFSowEmY,UgzxM4n1x75LG2zULDt4AaABAg,2026-04-22T02:46:46Z,1
E2_cut,woRxFSowEmY,UgyaRsbMLSTgA585Vnd4AaABAg,2026-04-21T19:10:14Z,0
E2_cut,woRxFSowEmY,UgzbeYNn7BzTQppb_dl4AaABAg,2026-04-21T20:22:52Z,0
E2_cut,woRxFSowEmY,UgyiQHuRvv27Ha5DH_p4AaABAg,2026-04-21T23:16:47Z,0
E2_cut,woRxFSowEmY,Ugw47jrKzZku67d87eF4AaABAg,2026-04-26T22:23:36Z,1
E2_cut,woRxFSowEmY,Ugy6mUMJUTpIM24u68N4AaABAg,2026-04-21T22:24:00Z,0
E2_cut,woRxFSowEmY,UgwV5H3qGhONPZHH1JR4AaABAg,2026-04-21T21:45:23Z,0
E2_cut,woRxFSowEmY,UgyqOR3wrStLbPoMKkR4AaABAg,2026-04-21T19:31:57Z,0
E2_cut,woRxFSowEmY,Ugy4pLq3I-vRjp3DqKZ4AaABAg,2026-04-21T23:38:01Z,0
E2_cut,woRxFSowEmY,Ugx-j52dnO_vikFrhiZ4AaABAg,2026-04-21T20:27:09Z,0
E2_cut,woRxFSowEmY,Ugx9luAu0Mabm-rKjBN4AaABAg,2026-04-22T06:19:31Z,0
E2_cut,woRxFSowEmY,Ugw-3lhj2Yj7sXyOaVV4AaABAg,2026-04-21T22:03:11Z,0
E2_cut,woRxFSowEmY,UgyX7xi9evgwKjWOPyN4AaABAg,2026-04-21T21:31:04Z,0
E2_cut,woRxFSowEmY,UgxyrmRMRHopT70cpZh4AaABAg,2026-04-21T21:36:31Z,0
E2_cut,woRxFSowEmY,UgyQYy9OqO0_KEyW63d4AaABAg,2026-04-21T21:27:27Z,0
E2_cut,woRxFSowEmY,Ugx3z5Z5IzWYHAZE29F4AaABAg,2026-04-21T19:58:15Z,0
E2_cut,woRxFSowEmY,UgyverAomD48Ym8cX214AaABAg,2026-04-22T07:30:13Z,0
E2_cut,woRxFSowEmY,UgxH4Hu1U902VTUyTHp4AaABAg,2026-04-21T21:04:21Z,0
E2_cut,woRxFSowEmY,UgyUPP52b426ansP73l4AaABAg,2026-04-21T19:49:42Z,0
E2_cut,woRxFSowEmY,UgzxYbsDDzyO5AZm4yp4AaABAg,2026-04-21T23:52:13Z,1
E2_cut,woRxFSowEmY,UgxrrgRmla8kTQutfIt4AaABAg,2026-04-22T08:30:04Z,0
E2_cut,woRxFSowEmY,UgyzuQWWoB8zMMSWw0x4AaABAg,2026-04-21T21:10:06Z,0
E2_cut,woRxFSowEmY,UgzFyilF0gH3K7hSNMx4AaABAg,2026-04-21T21:53:11Z,1
E2_cut,woRxFSowEmY,UgyWvsEhqMKNuKh_3eB4AaABAg,2026-04-23T12:58:18Z,1
E2_cut,woRxFSowEmY,UgzuBDdmbhvjueQ99Ix4AaABAg,2026-04-22T15:18:04Z,0
E2_cut,woRxFSowEmY,UgzJQr_DZCveL9mwoeV4AaABAg,2026-04-21T19:15:26Z,0
E2_cut,woRxFSowEmY,UgxQeNSlM11Cc-PCO3V4AaABAg,2026-04-22T10:39:33Z,0
E2_cut,woRxFSowEmY,UgzSsypCDuYUGSL8CVx4AaABAg,2026-04-21T19:07:46Z,0
E2_cut,woRxFSowEmY,UgwF55J65oYZ0uc46454AaABAg,2026-04-26T09:24:13Z,1
E2_cut,woRxFSowEmY,UgwAtcBa3rjzYkm0Q1J4AaABAg,2026-04-23T14:18:28Z,0
E2_cut,woRxFSowEmY,UgwhNqqs3IO2PSb2kr54AaABAg,2026-04-21T18:54:15Z,1
E2_cut,woRxFSowEmY,UgyknbS_RA8ppNxqEVF4AaABAg,2026-04-21T20:45:17Z,0
E2_cut,woRxFSowEmY,Ugzxa1ip4YU5LOWyd-J4AaABAg,2026-04-23T04:47:02Z,0
E2_cut,woRxFSowEmY,UgxIWwyO_7lqu4Vag6B4AaABAg,2026-04-21T21:10:53Z,0
E2_cut,woRxFSowEmY,UgzZwNkCXJFHGuLwKJN4AaABAg,2026-04-21T18:35:21Z,0
E2_cut,woRxFSowEmY,Ugx7pxD7J467mDoNNCx4AaABAg,2026-04-21T23:59:35Z,0
E2_cut,woRxFSowEmY,UgyZQF-DzXHHNuEnu5J4AaABAg,2026-04-21T19:34:51Z,0
E2_cut,woRxFSowEmY,Ugwclfb1PKMYs7Xg7wJ4AaABAg,2026-04-21T19:32:43Z,0
E2_cut,woRxFSowEmY,UgwPSltjs6r1dmClvfV4AaABAg,2026-04-21T21:05:52Z,0
E2_cut,woRxFSowEmY,UgzqwDvKrkNarIP59ex4AaABAg,2026-04-21T20:41:36Z,0
E2_cut,woRxFSowEmY,UgwomUwIpcTxMH2oM-x4AaABAg,2026-04-21T19:59:21Z,0
E2_cut,woRxFSowEmY,UgzoJstvC1ezhj5u7H94AaABAg,2026-04-21T18:14:27Z,0
E2_cut,woRxFSowEmY,UgxByryu32pHqHwChUF4AaABAg,2026-04-22T00:04:42Z,0
E2_cut,woRxFSowEmY,UgzJ_WLMPNy2Ar9bhJh4AaABAg,2026-04-22T18:44:57Z,0
E2_cut,woRxFSowEmY,UgxCPdJsu1RuFser0E94AaABAg,2026-04-21T19:09:45Z,0
E2_cut,woRxFSowEmY,Ugw28Twg1AAxhmToEPJ4AaABAg,2026-04-21T20:29:38Z,0
E2_cut,woRxFSowEmY,Ugy6HHVomNrGpUeOshF4AaABAg,2026-04-21T19:10:01Z,0
E2_cut,woRxFSowEmY,UgwIvK_Xy4gTwn1OI2V4AaABAg,2026-04-21T20:10:28Z,1
E2_cut,woRxFSowEmY,Ugzioqz0lCcPm2fPJBd4AaABAg,2026-04-22T08:24:32Z,0
E2_cut,woRxFSowEmY,UgwF5fm_kOcHbbfuRdJ4AaABAg,2026-04-21T18:36:29Z,0
E2_cut,woRxFSowEmY,UgxuemfaWY08-OrMV654AaABAg,2026-04-22T11:26:28Z,0
E2_cut,woRxFSowEmY,UgyMgrA-8RIFKdmmPaZ4AaABAg,2026-04-21T18:24:32Z,0
E2_cut,woRxFSowEmY,Ugzt-zJ61KxmQ-UaSwd4AaABAg,2026-04-21T22:19:57Z,0
E2_cut,woRxFSowEmY,Ugzb97Ai3Pna3pbjU-p4AaABAg,2026-04-22T09:08:52Z,0
E2_cut,woRxFSowEmY,UgwpJFtzC5yyyRXDP-F4AaABAg,2026-04-21T20:06:28Z,0
E2_cut,woRxFSowEmY,UgzdnWyXxvK8k51RmrF4AaABAg,2026-04-22T15:03:19Z,0
E2_cut,woRxFSowEmY,UgzzGhZmedTPNfTvOLF4AaABAg,2026-04-22T05:41:35Z,0
E2_cut,woRxFSowEmY,Ugw2doNe9i9aJROtZQZ4AaABAg,2026-04-22T17:27:41Z,0
E2_cut,woRxFSowEmY,Ugw3GT3EyEA_rWo-s294AaABAg,2026-04-21T19:14:46Z,0
E2_cut,woRxFSowEmY,UgwyvknFTK8FJVV--FF4AaABAg,2026-04-21T18:39:41Z,0
E2_cut,woRxFSowEmY,UgwSVhGTIvV6Ag-QH-B4AaABAg,2026-05-07T12:13:42Z,0
E2_cut,woRxFSowEmY,Ugxo4zOxCtBC-ZP6v2t4AaABAg,2026-04-21T19:19:06Z,0
E2_cut,woRxFSowEmY,UgxMuhIjU9nuhwZfJXp4AaABAg,2026-04-22T14:43:13Z,0
E2_cut,woRxFSowEmY,UgxVg5PI1fQ1hb9ZKd14AaABAg,2026-04-21T18:26:05Z,1
E2_cut,woRxFSowEmY,Ugy66ejeSTBJTLrVpKR4AaABAg,2026-04-21T18:43:07Z,0
E2_cut,woRxFSowEmY,UgwCImKK7-tVKLDiMgl4AaABAg,2026-04-21T19:05:11Z,0
E2_cut,woRxFSowEmY,UgxojxJveblx9Pdh_DZ4AaABAg,2026-04-21T18:09:59Z,0
E2_cut,woRxFSowEmY,Ugz5xE-eF2J3WG3wuMd4AaABAg,2026-04-21T18:31:55Z,0
E2_cut,woRxFSowEmY,UgxBpo-6Ou-GQdVbAs94AaABAg,2026-04-22T16:49:01Z,0
E2_cut,woRxFSowEmY,Ugw3LnR4QsvGiWVb0r94AaABAg,2026-04-22T17:40:29Z,1
E2_cut,woRxFSowEmY,Ugxp9KS1N4Lgr5ieOup4AaABAg,2026-04-21T21:04:44Z,0
E2_cut,woRxFSowEmY,UgzMjlvqhYENBN1Bgix4AaABAg,2026-04-21T20:57:27Z,0
E2_cut,woRxFSowEmY,UgzYTuVz1AEtcFuZkEV4AaABAg,2026-04-22T09:05:22Z,0
E2_cut,woRxFSowEmY,UgyGOHqZbrRRPytHotJ4AaABAg,2026-04-21T20:12:15Z,0
E2_cut,woRxFSowEmY,UgxUegtg23wcdQRs3Rx4AaABAg,2026-04-21T19:19:25Z,0
E2_cut,woRxFSowEmY,Ugyjw8gEk7nqAaS8z8l4AaABAg,2026-04-21T20:23:10Z,0
E2_cut,woRxFSowEmY,UgyGMW5WV1maH-WZtGd4AaABAg,2026-04-22T00:05:36Z,0
E2_cut,woRxFSowEmY,Ugxe4hVJWFOd-JlUA6V4AaABAg,2026-04-21T20:22:16Z,0
E2_cut,woRxFSowEmY,UgxHhZQvIY3Nd85Rk094AaABAg,2026-04-22T12:16:49Z,0
E2_cut,woRxFSowEmY,Ugyc5FSPByzk9_qTv414AaABAg,2026-04-21T20:12:59Z,0
E2_cut,woRxFSowEmY,UgzcWJ6DPbSenr3KzNp4AaABAg,2026-04-21T18:25:17Z,1
E2_cut,woRxFSowEmY,UgyQnckZooSPfxK3cDp4AaABAg,2026-04-21T18:53:32Z,0
E2_cut,woRxFSowEmY,UgxrVyagNtc5vpRs6X54AaABAg,2026-04-21T20:15:06Z,0
E2_cut,woRxFSowEmY,UgzU7un69N-oPaMfQ5t4AaABAg,2026-04-22T18:38:44Z,1
E2_cut,woRxFSowEmY,UgzplOkkRGs95qJDz554AaABAg,2026-04-21T19:01:05Z,0
E2_cut,woRxFSowEmY,Ugxuqlr9Mi9lW3AvPud4AaABAg,2026-04-21T18:46:33Z,0
E2_cut,woRxFSowEmY,UgziyX_LcBlOQ_Q1mQF4AaABAg,2026-04-21T19:19:23Z,0
E2_cut,woRxFSowEmY,UgyGDNTuX1vlPM4n9fd4AaABAg,2026-04-21T18:09:33Z,1
E2_cut,woRxFSowEmY,UgyA38VpP_D3lmzpdz14AaABAg,2026-04-21T18:33:20Z,0
E2_cut,woRxFSowEmY,UgzS4hwhnypkvUjaY3R4AaABAg,2026-04-21T18:59:59Z,0
E2_cut,woRxFSowEmY,UgyG_6Ixtf6tgWDs8214AaABAg,2026-04-22T02:08:56Z,1
E2_cut,woRxFSowEmY,UgwmboVHfvZJbRSbxYF4AaABAg,2026-04-21T22:24:19Z,0
E2_cut,woRxFSowEmY,UgzxK3725uqay_a1x394AaABAg,2026-04-21T18:20:55Z,1
E2_cut,woRxFSowEmY,Ugzu9D5fZnoO-bw2YMF4AaABAg,2026-04-22T04:05:50Z,0
E2_cut,woRxFSowEmY,UgzBJX_1gqxtoLr3UY54AaABAg,2026-04-21T19:27:58Z,0
E2_cut,woRxFSowEmY,UgxCcDOYNbK9cRu9-tZ4AaABAg,2026-04-23T12:41:31Z,0
E2_cut,woRxFSowEmY,UgxxYryNQkn_hBlUw8R4AaABAg,2026-04-21T19:38:28Z,0
E2_cut,woRxFSowEmY,UgzgTxl_QREfTX0m-ll4AaABAg,2026-04-22T00:02:48Z,0
E2_cut,woRxFSowEmY,Ugw_Nw8yNPpfUdGdEVp4AaABAg,2026-04-21T20:08:07Z,0
E2_cut,woRxFSowEmY,UgxQn3pljQy8pWnIwBd4AaABAg,2026-04-21T19:31:08Z,0
E2_cut,woRxFSowEmY,Ugw8hkk74yeR5vVzACt4AaABAg,2026-04-21T19:14:02Z,0
E2_cut,woRxFSowEmY,UgxeVKMLmvpT_wcH65B4AaABAg,2026-04-21T18:51:16Z,0
E2_cut,woRxFSowEmY,UgytrYqsoSeREf637B14AaABAg,2026-04-21T19:00:17Z,0
E2_cut,woRxFSowEmY,Ugy4z1Agjb0A_6ohriZ4AaABAg,2026-04-26T20:13:08Z,1
E2_cut,woRxFSowEmY,Ugy9Jap9utgb1LwhFIJ4AaABAg,2026-04-21T19:20:01Z,0
E2_cut,woRxFSowEmY,Ugxo5t-w9-jbQVfsk3h4AaABAg,2026-04-21T18:37:39Z,0
E2_cut,woRxFSowEmY,UgyGD-k_33wnhKFFTQR4AaABAg,2026-04-21T20:46:08Z,0
E2_cut,woRxFSowEmY,UgxM06gyx5_AnnFTBwh4AaABAg,2026-04-21T20:33:04Z,0
E2_cut,woRxFSowEmY,UgwCAWd4BrsJCFtS6nl4AaABAg,2026-04-23T12:09:50Z,1
E2_cut,woRxFSowEmY,Ugx3i5svEdGKRJ7iUH94AaABAg,2026-04-21T19:07:20Z,0
E2_cut,woRxFSowEmY,UgwCGLxWr_h-kEywITx4AaABAg,2026-04-21T20:08:23Z,1
E2_cut,woRxFSowEmY,UgxBcF_NbeMaibM5Udd4AaABAg,2026-04-21T21:25:39Z,1
E2_cut,woRxFSowEmY,Ugzzkc-YXxdEr0hPFVp4AaABAg,2026-04-22T18:33:31Z,0
E2_cut,woRxFSowEmY,Ugyy343aqFs0Ljmr5Gt4AaABAg,2026-04-21T20:38:49Z,0
E2_cut,woRxFSowEmY,UgzYg8LlJe16DyxdlDd4AaABAg,2026-04-21T23:10:57Z,0
E2_cut,woRxFSowEmY,Ugy9Czax4SV0el8OF814AaABAg,2026-04-22T05:41:22Z,0
E2_cut,woRxFSowEmY,UgyM07QUy555rt5DtMx4AaABAg,2026-04-22T13:23:45Z,0
E2_cut,woRxFSowEmY,UgzUofKPYi7UMcy_ijp4AaABAg,2026-04-21T19:54:02Z,0
E2_cut,woRxFSowEmY,Ugy2akB6-BAfvXgPhnN4AaABAg,2026-04-21T20:46:42Z,0
E2_cut,woRxFSowEmY,UgzLyMrrMfLA_F9PCSl4AaABAg,2026-04-21T19:52:38Z,0
E2_cut,woRxFSowEmY,UgwbPlaMgBkJNKJqt9J4AaABAg,2026-04-21T22:12:50Z,0
E2_cut,woRxFSowEmY,UgxZJQemE1DrqhSRsyt4AaABAg,2026-04-21T22:23:48Z,0
E2_cut,woRxFSowEmY,UgyUpMffGthTfsAfhQN4AaABAg,2026-04-22T02:32:33Z,0
E2_cut,woRxFSowEmY,UgziKLDHiAOTZGsaTVx4AaABAg,2026-04-23T22:49:50Z,0
E2_cut,woRxFSowEmY,UgxXnv-MvdxqX76RNkB4AaABAg,2026-04-21T20:56:39Z,0
E2_cut,woRxFSowEmY,Ugxs_yIhrQqJNqhl9eV4AaABAg,2026-04-21T18:14:39Z,0
E2_cut,woRxFSowEmY,UgxuABqOt_vTzxHcDoV4AaABAg,2026-04-21T19:17:18Z,0
E2_cut,woRxFSowEmY,UgyUh6_n9byBF4nT1YR4AaABAg,2026-04-21T23:20:45Z,0
E2_cut,woRxFSowEmY,Ugx0ZW7tz4-8JBnc0g54AaABAg,2026-04-21T21:30:57Z,0
E2_cut,woRxFSowEmY,Ugyd6JKdt0YF-N909yl4AaABAg,2026-04-21T18:51:24Z,0
E2_cut,woRxFSowEmY,UgylF--OQrlLim5cQ9Z4AaABAg,2026-04-21T19:00:46Z,0
E2_cut,woRxFSowEmY,UgzbDvp9tJiXHVJ7YFN4AaABAg,2026-04-21T19:07:33Z,0
E2_cut,woRxFSowEmY,UgxfZrRMt_wa8GffR5V4AaABAg,2026-04-22T22:53:23Z,0
E2_cut,woRxFSowEmY,UgwBfAV99zO6NexR6zt4AaABAg,2026-04-23T12:11:54Z,0
E2_cut,woRxFSowEmY,UgyprMY0WcgQbLLO9h14AaABAg,2026-04-22T11:07:03Z,0
E2_cut,woRxFSowEmY,UgwPMYQyeAoOc7Mw1Gt4AaABAg,2026-04-21T19:40:45Z,0
E2_cut,woRxFSowEmY,UgyJ42b2RVtsA0v8NzN4AaABAg,2026-04-21T19:54:44Z,0
E2_cut,woRxFSowEmY,UgzPR1cf8_4DNeJXqqJ4AaABAg,2026-04-21T20:25:56Z,0
E2_cut,woRxFSowEmY,UgyCs8TNpkLpEHNrY-h4AaABAg,2026-04-21T22:12:31Z,0
E2_cut,woRxFSowEmY,UgyyOMgB5mnD3Fl6DR14AaABAg,2026-04-21T19:56:34Z,0
E2_cut,woRxFSowEmY,UgwaquWkt08-uMyqnM54AaABAg,2026-04-21T21:17:40Z,0
E2_cut,woRxFSowEmY,UgxbAM3DJA7EyvMV_HJ4AaABAg,2026-04-21T21:58:26Z,0
E2_cut,woRxFSowEmY,UgzVnH0f-F2LK7F837Z4AaABAg,2026-04-21T18:28:37Z,2
E2_cut,woRxFSowEmY,UgwwbECcFzbDcazoTBx4AaABAg,2026-04-21T22:24:08Z,0
E2_cut,woRxFSowEmY,Ugxfym2-0ZpnBQSCYsN4AaABAg,2026-04-22T12:13:50Z,0
E2_cut,woRxFSowEmY,Ugz3VQFKQjjzRLXITgp4AaABAg,2026-04-21T18:27:00Z,0
E2_cut,woRxFSowEmY,UgyXMwSt00afWQjdAX54AaABAg,2026-04-21T20:24:51Z,0
E2_cut,woRxFSowEmY,UgwzMRWNbisfsBvT0UZ4AaABAg,2026-04-21T21:57:18Z,0
E2_cut,woRxFSowEmY,UgzgaXyGqXEEQRNmVRd4AaABAg,2026-04-21T19:13:12Z,0
E2_cut,woRxFSowEmY,UgwoEPCQf6xxDLT7r4d4AaABAg,2026-04-21T18:41:57Z,1
E2_cut,woRxFSowEmY,Ugz9E9SpU_U-ibsh2qt4AaABAg,2026-04-21T19:58:27Z,0
E2_cut,woRxFSowEmY,Ugy5i6kvAgUNWGGSoIp4AaABAg,2026-04-21T19:25:35Z,0
E2_cut,woRxFSowEmY,Ugx7QQylob6AGJ9BPA14AaABAg,2026-04-21T22:58:01Z,0
E2_cut,woRxFSowEmY,Ugyu5i4Sf6-otm0sAWJ4AaABAg,2026-04-21T18:26:10Z,0
E2_cut,woRxFSowEmY,UgyltgCQY02gZqbfmcp4AaABAg,2026-04-23T01:47:52Z,0
E2_cut,woRxFSowEmY,Ugx3TkA1dTQbi-bYKU94AaABAg,2026-04-23T07:37:33Z,1
E2_cut,woRxFSowEmY,UgxgRtw2DPH7MC09_QN4AaABAg,2026-04-22T00:56:11Z,0
E2_cut,woRxFSowEmY,UgxVafGQCoeELjGPsWV4AaABAg,2026-04-22T05:03:14Z,1
E2_cut,woRxFSowEmY,Ugxy49wnUAA3wO_3S4F4AaABAg,2026-04-21T21:23:22Z,0
E2_cut,woRxFSowEmY,Ugw5oDN0KylUNUpnIW54AaABAg,2026-04-22T11:10:58Z,0
E2_cut,woRxFSowEmY,UgzeaqerLp2s0t7E5cx4AaABAg,2026-04-21T19:15:24Z,0
E2_cut,woRxFSowEmY,Ugw9jAtlfkGWLm0F2sl4AaABAg,2026-04-24T08:34:11Z,0
E2_cut,woRxFSowEmY,UgzDd0NUhhVSCjU6MCp4AaABAg,2026-04-21T19:39:25Z,0
E2_cut,woRxFSowEmY,Ugy-x3_F6yUkVEhJLDV4AaABAg,2026-04-22T19:53:37Z,1
E2_cut,woRxFSowEmY,UgwhDDzRSCuPO6kd6YN4AaABAg,2026-04-22T16:10:20Z,1
E2_cut,woRxFSowEmY,Ugwoetk4MxJk_e_nZht4AaABAg,2026-04-21T23:10:39Z,0
E2_cut,woRxFSowEmY,UgyhP5IZIOdC4JhCLJV4AaABAg,2026-04-21T18:42:53Z,0
E2_cut,woRxFSowEmY,UgzY6zeKG3C2WJ11b-x4AaABAg,2026-05-20T09:46:38Z,0
E2_cut,woRxFSowEmY,UgxxONhcHf6koj7mrgZ4AaABAg,2026-04-21T20:38:59Z,0
E2_cut,woRxFSowEmY,Ugxd3CYYR1ziSXxVqF14AaABAg,2026-05-21T05:17:57Z,0
E2_cut,woRxFSowEmY,UgyaqkQ-qIi4lLF7RYJ4AaABAg,2026-04-23T00:31:39Z,0
E2_cut,woRxFSowEmY,UgzBmBLtZ9sysHrvOxR4AaABAg,2026-04-21T22:31:05Z,0
E2_cut,woRxFSowEmY,UgwkE6QMUTLqU8ee-jR4AaABAg,2026-04-21T19:28:18Z,0
E2_cut,woRxFSowEmY,Ugz7KvKJMeOgLLbLXzx4AaABAg,2026-04-21T20:59:38Z,1
E2_cut,woRxFSowEmY,UgyVBe4mZPex30e7aBh4AaABAg,2026-04-21T21:00:59Z,0
E2_cut,woRxFSowEmY,UgwwaSHPTv6WzxnKfeV4AaABAg,2026-04-21T18:29:57Z,0
E2_cut,woRxFSowEmY,Ugw9I06sJYTcaVBkOOV4AaABAg,2026-04-22T10:51:43Z,0
E2_cut,woRxFSowEmY,UgwOfrkXl0zGkRnZ06d4AaABAg,2026-04-21T19:56:02Z,0
E2_cut,woRxFSowEmY,UgzJ2IcPpGjduYhdTLR4AaABAg,2026-04-21T20:29:49Z,0
E2_cut,woRxFSowEmY,UgyeMnLOKmj8ME6LY2p4AaABAg,2026-04-22T07:37:53Z,0
E2_cut,woRxFSowEmY,UgzMtBEc1cvIELh9MbB4AaABAg,2026-04-21T22:17:11Z,0
E2_cut,woRxFSowEmY,UgxJweQCTiaaaefSofB4AaABAg,2026-04-21T19:46:36Z,0
E2_cut,woRxFSowEmY,UgyW6oVMTimaby_50T94AaABAg,2026-04-21T20:37:15Z,0
E2_cut,woRxFSowEmY,Ugy31m1_YXjG9Oy98Ph4AaABAg,2026-04-21T20:47:16Z,0
E2_cut,woRxFSowEmY,UgxEZiyU350k5vb7T6R4AaABAg,2026-04-21T19:06:04Z,0
E2_cut,woRxFSowEmY,Ugyx6j7qGxTBkusKRLN4AaABAg,2026-04-22T18:50:20Z,0
E2_cut,woRxFSowEmY,UgyUrc4BgJ9ifWAKErh4AaABAg,2026-04-22T11:47:28Z,0
E2_cut,woRxFSowEmY,UgwPrPeJbqYdGpNPMcN4AaABAg,2026-04-21T22:53:58Z,0
E2_cut,woRxFSowEmY,UgyIvEdLv0BtuSGZS6J4AaABAg,2026-04-22T17:03:32Z,0
E2_cut,woRxFSowEmY,UgwDU9c8zlPZrmXY8SZ4AaABAg,2026-04-21T22:14:42Z,2
E2_cut,woRxFSowEmY,Ugzyhp-pS5cHz6YdQTF4AaABAg,2026-04-21T21:16:52Z,0
E2_cut,woRxFSowEmY,Ugy-blX7Rdd3WndpnDd4AaABAg,2026-04-21T19:50:34Z,0
E2_cut,woRxFSowEmY,Ugy98k6kCaaBxh9ijpp4AaABAg,2026-04-22T00:01:21Z,0
E2_cut,woRxFSowEmY,Ugwwc404ARHfaljQa_94AaABAg,2026-04-22T17:19:57Z,1
E2_cut,woRxFSowEmY,UgxSxVVYlx5CV2wqW9d4AaABAg,2026-04-21T22:18:15Z,0
E2_cut,woRxFSowEmY,UgyP8Kc1l7OieAQoW5N4AaABAg,2026-04-21T22:14:27Z,0
E2_cut,woRxFSowEmY,UgzIafU5fHQ9NEN0eHN4AaABAg,2026-04-21T21:11:24Z,0
E2_cut,woRxFSowEmY,UgzaVN6ng2N8AglJA_t4AaABAg,2026-04-21T18:42:36Z,0
E2_cut,woRxFSowEmY,Ugx9SjDQtTIPhQ8mAZV4AaABAg,2026-04-21T22:13:33Z,0
E2_cut,woRxFSowEmY,Ugwj5oXDof6CxrDGeGp4AaABAg,2026-04-22T13:13:09Z,0
E2_cut,woRxFSowEmY,Ugx2Q_pjn2TuRWnSHEF4AaABAg,2026-04-21T20:08:52Z,0
E2_cut,woRxFSowEmY,Ugz4MVNSEUwxsEcblat4AaABAg,2026-04-21T19:30:24Z,0
E2_cut,woRxFSowEmY,UgzLBuAsIZffGE9_I9V4AaABAg,2026-04-21T18:53:58Z,0
E2_cut,woRxFSowEmY,UgzLh-zSHjbM2bioWFJ4AaABAg,2026-04-22T05:16:25Z,0
E2_cut,woRxFSowEmY,UgxCZ-0cdVoaakh1LYx4AaABAg,2026-04-21T18:31:22Z,1
E2_cut,woRxFSowEmY,UgyR0IjW4_d5iM5FEpB4AaABAg,2026-04-22T12:25:53Z,0
E2_cut,woRxFSowEmY,UgyRs8v0lzKOOUlD58R4AaABAg,2026-04-21T18:40:22Z,1
E2_cut,woRxFSowEmY,UgyQVHrzV1zdBihSdWV4AaABAg,2026-06-03T14:22:50Z,0
E2_cut,woRxFSowEmY,UgxBXrqcYXrirvtu1yB4AaABAg,2026-04-23T01:33:55Z,0
E2_cut,woRxFSowEmY,UgwpWqZ7aa6kC19fOHp4AaABAg,2026-04-21T20:57:17Z,0
E2_cut,woRxFSowEmY,UgyWsvkNvqK7sIxpMCB4AaABAg,2026-04-21T20:07:23Z,1
E2_cut,woRxFSowEmY,UgzJkRiE8FEPK1RiOxF4AaABAg,2026-04-21T18:41:29Z,0
E2_cut,woRxFSowEmY,UgyGvninMEL3g_fr8bB4AaABAg,2026-04-21T19:48:52Z,0
E2_cut,woRxFSowEmY,UgxpXh41WG9UR7QAkEh4AaABAg,2026-04-21T20:21:02Z,0
E2_cut,woRxFSowEmY,UgwYpLGIcZKK8q6uTzh4AaABAg,2026-04-27T01:30:24Z,0
E2_cut,woRxFSowEmY,Ugzgv0aXobMy7Cz0-b14AaABAg,2026-04-22T14:40:33Z,0
E2_cut,woRxFSowEmY,UgytUAexLWM4KEQcvIR4AaABAg,2026-04-22T01:48:21Z,0
E2_cut,woRxFSowEmY,Ugx4O-tVE93XcgZ6Gzl4AaABAg,2026-04-24T12:24:38Z,0
E2_cut,woRxFSowEmY,UgzW5R8DdffgKzWRgct4AaABAg,2026-04-21T19:24:38Z,0
E2_cut,woRxFSowEmY,Ugx_f7kVgJlVVlJdwbN4AaABAg,2026-04-22T02:00:45Z,0
E2_cut,woRxFSowEmY,UgxWEfURIfuAB72urel4AaABAg,2026-04-21T18:21:40Z,0
E2_cut,woRxFSowEmY,UgwGfSNGJtbKNxW4uqN4AaABAg,2026-04-21T18:45:12Z,1
E2_cut,woRxFSowEmY,UgwZmcyf-GBihWywiZZ4AaABAg,2026-04-21T22:28:54Z,0
E2_cut,woRxFSowEmY,Ugxqr3DHCCodO3zceER4AaABAg,2026-04-21T18:21:59Z,0
E2_cut,woRxFSowEmY,UgzCgcRYJKbUFBdwD_J4AaABAg,2026-04-21T19:28:10Z,0
E2_cut,woRxFSowEmY,Ugxve55ZCZhZGhOPEvt4AaABAg,2026-04-22T23:34:07Z,0
E2_cut,woRxFSowEmY,UgyZuJei41erCXv3gs54AaABAg,2026-04-21T19:24:25Z,0
E2_cut,woRxFSowEmY,UgzPbYHZmzRYJ3NsBEJ4AaABAg,2026-04-22T19:10:56Z,1
E2_cut,woRxFSowEmY,UgwGkGwqYAudqdt3ePR4AaABAg,2026-04-21T18:16:15Z,0
E2_cut,woRxFSowEmY,Ugx2eTl4go2l75XBuvd4AaABAg,2026-04-21T19:14:26Z,0
E2_cut,woRxFSowEmY,UgySACWWCnaFynbdjk54AaABAg,2026-04-21T19:12:57Z,0
E2_cut,woRxFSowEmY,Ugw5XTpcPfU35oRR9xl4AaABAg,2026-04-21T21:10:53Z,0
E2_cut,woRxFSowEmY,Ugy8a_TIxIserfFPz9J4AaABAg,2026-04-21T18:47:54Z,0
E2_cut,woRxFSowEmY,UgwUMF6GEavAC5ii_Fx4AaABAg,2026-04-21T18:10:01Z,0
E2_cut,woRxFSowEmY,UgxdVQVKGtZqFgfq7-J4AaABAg,2026-04-22T03:10:13Z,1
E2_cut,woRxFSowEmY,UgxwqxO-KyZwT4xp6ER4AaABAg,2026-04-21T23:10:00Z,0
E2_cut,woRxFSowEmY,Ugx-B_7G4hGWc1u_i8B4AaABAg,2026-04-21T23:56:38Z,0
E2_cut,3u8ItokWeOQ,UgycXjnC7AfUKIVwjLh4AaABAg,2026-04-21T22:28:22Z,20989
E2_cut,3u8ItokWeOQ,Ugy14_ENOymVJsUIOjt4AaABAg,2026-04-21T21:55:36Z,24284
E2_cut,3u8ItokWeOQ,UgxWzUWBVdBvMp3nJi94AaABAg,2026-04-22T02:23:21Z,8484
E2_cut,3u8ItokWeOQ,UgyKplTcsJ5Z7PvxGkt4AaABAg,2026-04-22T14:32:45Z,984
E2_cut,3u8ItokWeOQ,UgzguYQLxJEWPUPzVE94AaABAg,2026-04-22T02:21:30Z,3599
E2_cut,3u8ItokWeOQ,UgxF6-pLv_zzZlLJ3Uh4AaABAg,2026-04-21T21:58:39Z,10231
E2_cut,3u8ItokWeOQ,UgwoxBxlc5PiyJdJo8J4AaABAg,2026-04-21T21:55:06Z,2398
E2_cut,3u8ItokWeOQ,UgzAekc8s9T7LNYqrId4AaABAg,2026-04-22T20:25:57Z,184
E2_cut,3u8ItokWeOQ,Ugypq9kGvOowISydg9Z4AaABAg,2026-04-21T21:59:10Z,1427
E2_cut,3u8ItokWeOQ,UgwrKUxczaazpnWbGYN4AaABAg,2026-04-22T00:36:50Z,942
E2_cut,3u8ItokWeOQ,Ugxsx3pAxF0xZA0uYt54AaABAg,2026-04-22T00:38:10Z,3130
E2_cut,3u8ItokWeOQ,Ugxabv7WLpVFa6zctjd4AaABAg,2026-04-22T15:11:25Z,45
E2_cut,3u8ItokWeOQ,UgyQNwzFhVLfGQTTEUx4AaABAg,2026-04-21T22:57:52Z,3427
E2_cut,3u8ItokWeOQ,UgyMUoYxPWek_r_lCFN4AaABAg,2026-04-22T02:53:44Z,1053
E2_cut,3u8ItokWeOQ,Ugy56BFrDeWuUhVbwDJ4AaABAg,2026-04-21T21:59:03Z,572
E2_cut,3u8ItokWeOQ,Ugw1AE_pkqLGaA3LOBt4AaABAg,2026-04-28T10:24:00Z,11
E2_cut,3u8ItokWeOQ,Ugz0ZbAwvAbmLgf1EzR4AaABAg,2026-04-21T22:06:02Z,819
E2_cut,3u8ItokWeOQ,UgwUQoOSuanPtEB9UGp4AaABAg,2026-04-21T21:55:57Z,688
E2_cut,3u8ItokWeOQ,Ugys7iNM3I0fzbXElHB4AaABAg,2026-04-22T03:58:57Z,439
E2_cut,3u8ItokWeOQ,UgwtbnrXLJRvkmEte1t4AaABAg,2026-05-16T20:47:26Z,2
E2_cut,3u8ItokWeOQ,UgwbXkFT0AePS8UsDCF4AaABAg,2026-04-21T22:51:50Z,889
E2_cut,3u8ItokWeOQ,UgyV4oaQRn_-KDPiwep4AaABAg,2026-04-21T21:55:15Z,775
E2_cut,3u8ItokWeOQ,UgwurWdQZyqlDYIKGsV4AaABAg,2026-04-22T08:59:47Z,164
E2_cut,3u8ItokWeOQ,UgxAFri5KOblv5NzuGN4AaABAg,2026-05-16T00:07:43Z,1
E2_cut,3u8ItokWeOQ,Ugx93aY2x0sN-hOPFJ94AaABAg,2026-04-21T22:10:01Z,289
E2_cut,3u8ItokWeOQ,Ugyo3mAW9mdiL0GrZPx4AaABAg,2026-04-22T05:24:47Z,245
E2_cut,3u8ItokWeOQ,Ugzpcs0geWTVFEpJYaR4AaABAg,2026-04-22T01:49:46Z,128
E2_cut,3u8ItokWeOQ,Ugx63JRrHCF0TtLYGM54AaABAg,2026-04-22T15:17:30Z,4
E2_cut,3u8ItokWeOQ,UgykrnrdzR3ShmD0tDh4AaABAg,2026-04-22T00:28:28Z,316
E2_cut,3u8ItokWeOQ,UgwatBVtOY0DYGjBIXZ4AaABAg,2026-04-21T21:55:23Z,172
E2_cut,3u8ItokWeOQ,Ugzi0cM4uphNVsAWrPt4AaABAg,2026-04-21T22:02:13Z,137
E2_cut,3u8ItokWeOQ,Ugwrlc5ZweazBGX5vx54AaABAg,2026-09-19T18:35:45Z,1
E2_cut,3u8ItokWeOQ,UgziIEQ5f00YRBMeX794AaABAg,2026-04-22T03:49:06Z,141
E2_cut,3u8ItokWeOQ,Ugz167KO1NfEsSOXerx4AaABAg,2026-04-21T22:20:13Z,208
E2_cut,3u8ItokWeOQ,Ugxt5TgiL9UDeMMtEz14AaABAg,2026-04-22T06:18:59Z,187
E2_cut,3u8ItokWeOQ,Ugy1Soiz8sZ0Y7qYlEZ4AaABAg,2026-04-23T23:46:51Z,1
E2_cut,3u8ItokWeOQ,Ugyrn6YrP3A5W1X3rGp4AaABAg,2026-04-21T22:19:07Z,119
E2_cut,3u8ItokWeOQ,Ugx-xZhvMXuoSjoLLKd4AaABAg,2026-04-21T22:01:58Z,146
E2_cut,3u8ItokWeOQ,UgzZcU_Aut1Z8ec1F2p4AaABAg,2026-04-21T22:35:16Z,43
E2_cut,3u8ItokWeOQ,Ugw282Bm08-6fze_Grx4AaABAg,2026-04-21T22:56:05Z,57
E2_cut,3u8ItokWeOQ,UgxspiZoWldcfUzaC0F4AaABAg,2026-04-21T22:33:03Z,73
E2_cut,3u8ItokWeOQ,UgymYlTmy7tBtvsA3mF4AaABAg,2026-04-21T22:00:23Z,29
E2_cut,3u8ItokWeOQ,UgwZIpprldYlR1VQqXZ4AaABAg,2026-04-23T01:11:51Z,3
E2_cut,3u8ItokWeOQ,UgyLRnKlKQjG6Hdf8V94AaABAg,2026-04-21T21:57:15Z,86
E2_cut,3u8ItokWeOQ,UgyHQtpwQJWRISZbQ-p4AaABAg,2026-04-21T21:55:03Z,108
E2_cut,3u8ItokWeOQ,Ugx2dAWfrvqGYyweH8Z4AaABAg,2026-04-21T21:58:04Z,72
E2_cut,3u8ItokWeOQ,UgySl-LS3mu_cz1hfqJ4AaABAg,2026-04-26T17:48:56Z,1
E2_cut,3u8ItokWeOQ,UgywoBJOZDMxIzvZk6V4AaABAg,2026-04-21T22:26:27Z,33
E2_cut,3u8ItokWeOQ,UgxGAr_uAqZIVmN7DJp4AaABAg,2026-04-22T02:15:55Z,6
E2_cut,3u8ItokWeOQ,Ugyz4u0ziXW71xq1lv14AaABAg,2026-04-22T01:54:07Z,11
E2_cut,3u8ItokWeOQ,UgxoHLcueXP-TPqW5cl4AaABAg,2026-06-26T03:49:28Z,1
E2_cut,3u8ItokWeOQ,UgwBlb4XHBWJaykP9nF4AaABAg,2026-04-21T22:53:06Z,9
E2_cut,3u8ItokWeOQ,Ugzkj-QrrDcy82gMPnZ4AaABAg,2026-04-22T00:39:42Z,31
E2_cut,3u8ItokWeOQ,Ugx71UZWzf7_BlSlHDx4AaABAg,2026-04-21T22:51:00Z,18
E2_cut,3u8ItokWeOQ,UgwC0V1iE1sT7BP13fF4AaABAg,2026-04-22T14:33:21Z,1
E2_cut,3u8ItokWeOQ,UgwlUzIup6qVtM73K8N4AaABAg,2026-04-21T22:00:03Z,16
E2_cut,3u8ItokWeOQ,UgyW9LFtKQ70I8NAYCR4AaABAg,2026-04-21T22:43:31Z,6
E2_cut,3u8ItokWeOQ,Ugw7XIS9lYN8wrMWDtF4AaABAg,2026-04-21T22:02:58Z,37
E2_cut,3u8ItokWeOQ,UgxYEIjIabHcN93w0It4AaABAg,2026-04-24T02:14:07Z,1
E2_cut,3u8ItokWeOQ,Ugwfp3flSh5CIJRR5Zt4AaABAg,2026-04-21T22:30:06Z,5
E2_cut,3u8ItokWeOQ,UgwKxjlMVHUyGw-90cN4AaABAg,2026-04-21T22:18:18Z,52
E2_cut,3u8ItokWeOQ,UgwycbFDiJ79PanY89p4AaABAg,2026-04-21T22:11:44Z,13
E2_cut,3u8ItokWeOQ,UgxW6DEAoDNmeTsN1Wt4AaABAg,2026-04-22T21:21:09Z,1
E2_cut,3u8ItokWeOQ,UgxVm_ACtMSg_3IXp7B4AaABAg,2026-04-21T22:02:17Z,10
E2_cut,3u8ItokWeOQ,UgzXVOg7vZnXzqCy_6p4AaABAg,2026-04-21T21:56:17Z,6
E2_cut,3u8ItokWeOQ,Ugy3ty2I7bsM3fZ8Mf94AaABAg,2026-04-22T00:26:43Z,8
E2_cut,3u8ItokWeOQ,UgyXl60NOwyaefYYKmV4AaABAg,2026-04-22T15:30:34Z,0
E2_cut,3u8ItokWeOQ,Ugyvbn-xmTVmUoQKzUV4AaABAg,2026-04-21T22:13:50Z,17
E2_cut,3u8ItokWeOQ,Ugxm7UnZywhQL922kjx4AaABAg,2026-04-21T21:55:27Z,73
E2_cut,3u8ItokWeOQ,Ugz_qNtu5PZwl8D3hOV4AaABAg,2026-04-21T22:01:33Z,4
E2_cut,3u8ItokWeOQ,Ugy4DguaIX4cRYjndC94AaABAg,2026-04-23T06:28:26Z,4
E2_cut,3u8ItokWeOQ,Ugyv5nPmZmjyHlADOFV4AaABAg,2026-04-22T07:44:24Z,21
E2_cut,3u8ItokWeOQ,Ugz7VxvWNOM5nyy3Yc94AaABAg,2026-04-22T15:00:17Z,9
E2_cut,3u8ItokWeOQ,UgzBHkbSo4i70sEyVzR4AaABAg,2026-04-21T21:54:59Z,23
E2_cut,3u8ItokWeOQ,UgwugJeFpeppCNZNzjh4AaABAg,2026-04-22T18:33:46Z,1
E2_cut,3u8ItokWeOQ,UgxKvEj_hCl3mRFPpX14AaABAg,2026-04-21T21:56:36Z,6
E2_cut,3u8ItokWeOQ,UgwEwY5vupsUWLZmnrt4AaABAg,2026-04-21T22:02:24Z,16
E2_cut,3u8ItokWeOQ,Ugx8PQd-6SlhLnvZjGx4AaABAg,2026-04-22T06:17:47Z,5
E2_cut,3u8ItokWeOQ,Ugxuapw09bYyXsk5F7J4AaABAg,2026-04-22T21:56:19Z,2
E2_cut,3u8ItokWeOQ,UgwycruwrHEV7m1wr214AaABAg,2026-04-21T22:05:39Z,4
E2_cut,3u8ItokWeOQ,UgzT0a67WWKRAmsiAwV4AaABAg,2026-04-21T21:56:46Z,14
E2_cut,3u8ItokWeOQ,UgyqEFI7_erI92L7PkB4AaABAg,2026-04-22T02:53:52Z,13
E2_cut,3u8ItokWeOQ,UgxLpTwO-bIIoH8bp-Z4AaABAg,2026-04-23T16:50:34Z,1
E2_cut,3u8ItokWeOQ,UgxoSDh0AXd1LI4legJ4AaABAg,2026-04-21T21:54:55Z,4
E2_cut,3u8ItokWeOQ,Ugw8ZTbLrOHV5jP-yVt4AaABAg,2026-04-22T19:43:48Z,1
E2_cut,3u8ItokWeOQ,Ugw_uoHN8d2eYrfyMNB4AaABAg,2026-05-02T05:25:06Z,1
E2_cut,3u8ItokWeOQ,Ugy-yl6YdKZbUADE92t4AaABAg,2026-04-23T06:02:12Z,1
E2_cut,3u8ItokWeOQ,Ugx20xn9aF0li59aKeN4AaABAg,2026-04-23T06:07:15Z,1
E2_cut,3u8ItokWeOQ,Ugw8NUmA5cNRA83fUvl4AaABAg,2026-04-22T15:27:28Z,1
E2_cut,3u8ItokWeOQ,UgwDHyVQkKlllNIUniJ4AaABAg,2026-04-23T06:54:36Z,1
E2_cut,3u8ItokWeOQ,UgyYKVnXPFwAu9m3zyR4AaABAg,2026-04-22T23:27:50Z,1
E2_cut,3u8ItokWeOQ,Ugxu7xs_4c9gxLeWgbZ4AaABAg,2026-04-23T06:16:50Z,1
E2_cut,3u8ItokWeOQ,Ugy8ImGabKsl5kViBYV4AaABAg,2026-04-24T00:48:00Z,1
E2_cut,3u8ItokWeOQ,Ugwzw-SGHf4s3m0BQOl4AaABAg,2026-04-22T16:29:12Z,1
E2_cut,3u8ItokWeOQ,UgxcSg_SCa1oKntZ9Wh4AaABAg,2026-04-22T15:23:10Z,1
E2_cut,3u8ItokWeOQ,UgyllMMYNdhopU5CAhR4AaABAg,2026-04-23T13:48:20Z,0
E2_cut,3u8ItokWeOQ,UgzGJjfzCUzBAucR-RF4AaABAg,2026-04-22T22:13:07Z,1
E2_cut,3u8ItokWeOQ,UgxHIry2bh36v2EqNk14AaABAg,2026-04-23T06:32:12Z,2
E2_cut,3u8ItokWeOQ,UgwBQYjGFjnEQYz794J4AaABAg,2026-04-22T14:25:19Z,0
E2_cut,3u8ItokWeOQ,UgwDEEtZdcyCbqCiYEF4AaABAg,2026-05-22T20:08:45Z,0
E2_cut,3u8ItokWeOQ,UgwZnvlQolSwm9erdTV4AaABAg,2026-04-22T22:00:58Z,1
E2_cut,3u8ItokWeOQ,UgyFm0QYobVkMoTZ_yB4AaABAg,2026-04-22T17:54:47Z,0
E2_cut,3u8ItokWeOQ,UgyR0KLWo4pYGnJsUFR4AaABAg,2026-05-17T14:37:35Z,0
E2_cut,3u8ItokWeOQ,UgygBYYuUT07dryjysx4AaABAg,2026-04-22T20:03:52Z,0
E2_cut,3u8ItokWeOQ,UgyJbaUlpZiHFCwqEzF4AaABAg,2026-04-23T06:33:44Z,0
E2_cut,3u8ItokWeOQ,UgzRIx7lH4j67Y30GSV4AaABAg,2026-04-22T14:50:25Z,0
E2_cut,3u8ItokWeOQ,Ugz-jMSWy6C9yy7Y75l4AaABAg,2026-04-22T16:11:11Z,0
E2_cut,3u8ItokWeOQ,UgygqtXYj_jup-tRp1B4AaABAg,2026-04-22T16:57:41Z,0
E2_cut,3u8ItokWeOQ,Ugy18jRkDxWQX_-kML14AaABAg,2026-05-03T17:34:26Z,1
E2_cut,3u8ItokWeOQ,UgyrqbzLKenwx8j2XBN4AaABAg,2026-04-26T13:15:54Z,0
E2_cut,3u8ItokWeOQ,Ugyd3hNJgDvuyK91jwt4AaABAg,2026-05-29T17:02:07Z,0
E2_cut,3u8ItokWeOQ,Ugyn3RiZvxPls9ZkFQp4AaABAg,2026-04-22T21:00:32Z,0
E2_cut,3u8ItokWeOQ,UgyHdvlZAVSuQ33cUQN4AaABAg,2026-04-22T19:52:26Z,0
E2_cut,3u8ItokWeOQ,UgwjGtVoE4gqipV-QJ54AaABAg,2026-04-22T20:37:26Z,1
E2_cut,3u8ItokWeOQ,UgzfojiTxutmK7vEgNl4AaABAg,2026-04-23T17:56:39Z,0
E2_cut,3u8ItokWeOQ,UgwXi9ucdZwG2zH3m1B4AaABAg,2026-04-27T17:53:27Z,0
E2_cut,3u8ItokWeOQ,Ugyue73UQLvri-ztRLJ4AaABAg,2026-09-12T16:14:24Z,0
E2_cut,3u8ItokWeOQ,UgwWp_lsUSbRdY02RsR4AaABAg,2026-04-22T21:06:37Z,1
E2_cut,3u8ItokWeOQ,UgzEauTDOUeSO4m1t6R4AaABAg,2026-04-25T02:04:15Z,0
E2_cut,3u8ItokWeOQ,UgxnuztRj4UPaXgREI14AaABAg,2026-04-24T00:44:36Z,0
E2_cut,3u8ItokWeOQ,UgyFSINLw3wLJ2AtMsd4AaABAg,2026-04-22T15:40:41Z,1
E2_cut,3u8ItokWeOQ,UgxkzeJpSbloKOZh54V4AaABAg,2026-04-22T15:37:16Z,0
E2_cut,3u8ItokWeOQ,UgyZLC4wNk-fuwxzOVx4AaABAg,2026-04-22T15:54:43Z,0
E2_cut,3u8ItokWeOQ,Ugwoc0gX3Bbtxsze9h14AaABAg,2026-04-22T16:30:48Z,0
E2_cut,3u8ItokWeOQ,UgyPEb5sC7qk_5ybwwB4AaABAg,2026-04-23T13:04:30Z,0
E2_cut,3u8ItokWeOQ,UgxSOxmXE8tz1P-zA2p4AaABAg,2026-04-26T02:56:28Z,0
E2_cut,3u8ItokWeOQ,UgzBpOFcJJ1PAUvQDAt4AaABAg,2026-04-22T22:53:39Z,0
E2_cut,3u8ItokWeOQ,UgwmrPKwMkmJs10KBg14AaABAg,2026-04-22T19:39:41Z,0
E2_cut,3u8ItokWeOQ,UgyIiULaHBi3izZs-7R4AaABAg,2026-04-23T20:51:35Z,0
E2_cut,3u8ItokWeOQ,Ugxjz95fwoLEC8p2Xzh4AaABAg,2026-04-22T17:42:15Z,0
E2_cut,3u8ItokWeOQ,UgybDdOWmSzkZ6GbopF4AaABAg,2026-04-22T17:31:41Z,0
E2_cut,3u8ItokWeOQ,UgzepyRvVuItF43jGJV4AaABAg,2026-04-26T18:16:04Z,0
E2_cut,3u8ItokWeOQ,UgwyXxDR-ZmbjwF_C154AaABAg,2026-04-24T19:28:46Z,0
E2_cut,3u8ItokWeOQ,Ugz-_JEv1ZkzUY-Cz8N4AaABAg,2026-04-22T19:43:38Z,0
E2_cut,3u8ItokWeOQ,UgykL8zZ61Ut5VBZ1zR4AaABAg,2026-04-22T14:28:28Z,0
E2_cut,3u8ItokWeOQ,UgxkaR3MI1jIcarcXDB4AaABAg,2026-07-12T02:21:48Z,0
E2_cut,3u8ItokWeOQ,Ugw6vDrcYa_9rH9C7qp4AaABAg,2026-04-22T18:36:36Z,0
E2_cut,3u8ItokWeOQ,UgzBUEKFcU8p6ay_m1N4AaABAg,2026-04-22T18:31:29Z,0
E2_cut,3u8ItokWeOQ,UgwW8p5ZShSV_hvvLdB4AaABAg,2026-04-30T23:54:16Z,0
E2_cut,3u8ItokWeOQ,UgzkiUu05tXSYt45yBN4AaABAg,2026-04-22T16:09:07Z,0
E2_cut,3u8ItokWeOQ,Ugy6ZD7GPtQFEZW_px94AaABAg,2026-04-22T21:07:46Z,0
E2_cut,3u8ItokWeOQ,UgyrfIfhFvlZXrmfegl4AaABAg,2026-04-22T14:59:16Z,0
E2_cut,3u8ItokWeOQ,UgzVP1HDhyC-uk5Cmsl4AaABAg,2026-04-22T18:14:07Z,1
E2_cut,3u8ItokWeOQ,Ugyg57odWGDdRgFfcJB4AaABAg,2026-04-25T00:26:10Z,0
E2_cut,3u8ItokWeOQ,UgyMa5aCdR5J5DS4MWJ4AaABAg,2026-04-30T18:15:30Z,0
E2_cut,3u8ItokWeOQ,UgxueNnXcZ7xFjB7V4Z4AaABAg,2026-04-24T03:39:07Z,0
E2_cut,3u8ItokWeOQ,UgzAWzIHjpA0eN1WXvd4AaABAg,2026-04-22T15:45:15Z,0
E2_cut,3u8ItokWeOQ,UgwGyD4DnsAvCmSxEPZ4AaABAg,2026-05-14T10:15:20Z,0
E2_cut,3u8ItokWeOQ,UgwgOtVYkiE4hqo5vDJ4AaABAg,2026-04-23T04:34:04Z,0
E2_cut,3u8ItokWeOQ,UgypAsH771cKGDNuML94AaABAg,2026-04-23T12:43:35Z,0
E2_cut,3u8ItokWeOQ,Ugyl506qp2NyhdEXdE54AaABAg,2026-04-24T12:31:15Z,0
E2_cut,3u8ItokWeOQ,Ugw9Kk-bQf7qiKeFObJ4AaABAg,2026-04-22T17:12:23Z,0
E2_cut,3u8ItokWeOQ,Ugz1F4mGy2g8TcO2WBp4AaABAg,2026-04-22T16:29:12Z,0
E2_cut,3u8ItokWeOQ,UgxxhkVeeocUZZ6DxgR4AaABAg,2026-04-23T12:58:41Z,0
E2_cut,3u8ItokWeOQ,UgzVa-Ma9iXVjJ7b-JB4AaABAg,2026-04-30T20:40:29Z,0
E2_cut,3u8ItokWeOQ,UgwwBapdAAy7ivIU8QB4AaABAg,2026-04-22T19:45:45Z,0
E2_cut,3u8ItokWeOQ,Ugy5Q5tXYYYsSfqdodt4AaABAg,2026-04-22T16:44:35Z,0
E2_cut,3u8ItokWeOQ,UgwG2na6Z0oCJl6UzYV4AaABAg,2026-04-22T16:58:15Z,0
E2_cut,3u8ItokWeOQ,UgztUTN7w7t4MbVFIk54AaABAg,2026-04-23T13:43:46Z,0
E2_cut,3u8ItokWeOQ,UgwAf-3F90oMYS3SxT54AaABAg,2026-04-23T08:25:35Z,0
E2_cut,3u8ItokWeOQ,Ugzu6YbEAKePuoyFmmN4AaABAg,2026-04-24T16:44:08Z,0
E2_cut,3u8ItokWeOQ,UgwKNDq6vG5w5eJtCSd4AaABAg,2026-04-22T14:46:22Z,0
E2_cut,3u8ItokWeOQ,Ugxj_E4DpYwnlk5jUtp4AaABAg,2026-04-29T22:21:49Z,0
E2_cut,3u8ItokWeOQ,UgytKa3w0K5mTY6M6_d4AaABAg,2026-04-22T16:12:11Z,0
E2_cut,3u8ItokWeOQ,UgzHRFHwz0sqQOCbipN4AaABAg,2026-04-22T22:04:48Z,0
E2_cut,3u8ItokWeOQ,Ugx7iWJ-w5E3Hpz_HXB4AaABAg,2026-04-22T17:40:21Z,0
E2_cut,3u8ItokWeOQ,UgyDcujNceFpEnbuonB4AaABAg,2026-04-25T01:31:11Z,0
E2_cut,3u8ItokWeOQ,UgyVmASNMgsS1kiXGqd4AaABAg,2026-05-01T19:58:41Z,0
E2_cut,3u8ItokWeOQ,UgzcEevYcVMpiOFksrd4AaABAg,2026-04-27T05:08:50Z,0
E2_cut,3u8ItokWeOQ,UgwHglBZGL_F9rcYawJ4AaABAg,2026-04-23T05:42:48Z,0
E2_cut,3u8ItokWeOQ,UgyZUYmMkUZLAhAlIu54AaABAg,2026-04-23T07:55:19Z,0
E2_cut,3u8ItokWeOQ,Ugz1yPG8KHcGiCfEg_94AaABAg,2026-04-22T16:31:06Z,0
E2_cut,3u8ItokWeOQ,UgzBzzb4GG-TJO0G-3N4AaABAg,2026-04-22T15:06:35Z,0
E2_cut,3u8ItokWeOQ,UgzPsXACE37EWfbjRnZ4AaABAg,2026-04-23T08:38:08Z,0
E2_cut,3u8ItokWeOQ,UgwOUOAKM8coz0KJail4AaABAg,2026-04-23T14:42:57Z,0
E2_cut,3u8ItokWeOQ,UgyMr7tgcpV9wLe4YjF4AaABAg,2026-04-23T01:59:33Z,0
E2_cut,3u8ItokWeOQ,UgyJm39qZ7fAI2b4eBZ4AaABAg,2026-04-23T17:44:50Z,0
E2_cut,3u8ItokWeOQ,UgzVueMTehJArmRhMXp4AaABAg,2026-04-22T15:17:20Z,0
E2_cut,3u8ItokWeOQ,UgxuQ05Wqljn0Nc7ouB4AaABAg,2026-04-22T20:19:44Z,0
E2_cut,3u8ItokWeOQ,UgxvqhIYWoOfa5YcMkN4AaABAg,2026-04-23T14:10:41Z,0
E2_cut,3u8ItokWeOQ,Ugzy8Y60SgjByL2uC7V4AaABAg,2026-04-22T15:16:06Z,0
E2_cut,3u8ItokWeOQ,Ugzbaa3AWQ0dB4m4sOx4AaABAg,2026-04-23T21:46:45Z,0
E2_cut,3u8ItokWeOQ,UgxPyvJ36bomDVekv4Z4AaABAg,2026-04-24T17:44:16Z,0
E2_cut,3u8ItokWeOQ,Ugz_xqzGSuo_tQD9NMx4AaABAg,2026-04-22T14:50:04Z,0
E2_cut,3u8ItokWeOQ,UgwVEt9CfUuP-iS_0bl4AaABAg,2026-06-25T18:16:02Z,0
E2_cut,3u8ItokWeOQ,UgzsLHE0zA4Wf7VCkyl4AaABAg,2026-04-23T00:12:38Z,0
E2_cut,3u8ItokWeOQ,Ugw0Gn9RhFt96JR72wx4AaABAg,2026-04-24T15:36:41Z,0
E2_cut,3u8ItokWeOQ,UgzRAL_TTPAMO_opwEx4AaABAg,2026-04-22T17:27:44Z,0
E2_cut,3u8ItokWeOQ,UgyZq5qbZ9YxCyMHc-94AaABAg,2026-04-23T08:05:24Z,0
E2_cut,3u8ItokWeOQ,Ugx85u4xzzCIRkN13Rp4AaABAg,2026-04-22T16:52:55Z,0
E2_cut,3u8ItokWeOQ,UgwkWUyOohFLjLPvmZZ4AaABAg,2026-04-22T16:31:11Z,0
E2_cut,3u8ItokWeOQ,UgxCByWPoBNC-QJaN6h4AaABAg,2026-04-22T16:08:14Z,0
E2_cut,3u8ItokWeOQ,Ugzh9XvpXT-CcPAgLXV4AaABAg,2026-04-22T16:05:03Z,0
E2_cut,3u8ItokWeOQ,UgxdWcl3iiZePbIg7C14AaABAg,2026-04-22T15:11:16Z,0
E2_cut,3u8ItokWeOQ,Ugxk2wg7Lp6WwAHh3qV4AaABAg,2026-04-22T16:17:30Z,0
E2_cut,3u8ItokWeOQ,Ugx60sM4shQbqr_nQtR4AaABAg,2026-04-22T16:12:06Z,0
E2_cut,3u8ItokWeOQ,Ugw2rf9WbmSJux2yF5R4AaABAg,2026-04-23T02:16:06Z,0
E2_cut,3u8ItokWeOQ,UgxI72zhCG16uqQJJt54AaABAg,2026-04-22T19:34:49Z,0
E2_cut,3u8ItokWeOQ,UgzHTGzwGUjpRbDJFkF4AaABAg,2026-04-23T13:01:00Z,0
E2_cut,3u8ItokWeOQ,UgwbXrW4EX9PlBd9nfh4AaABAg,2026-04-22T14:47:21Z,0
E2_cut,3u8ItokWeOQ,Ugy-hDeinpQt9ZKsIfl4AaABAg,2026-05-17T22:50:57Z,1
E2_cut,3u8ItokWeOQ,Ugwc1sSfr0GV8_Gwohl4AaABAg,2026-04-22T21:56:08Z,1
E2_cut,3u8ItokWeOQ,UgxojSbQVnaOEL5ZiMF4AaABAg,2026-04-23T19:45:42Z,1
E2_cut,3u8ItokWeOQ,UgwdOEP53S4IIyA5YHJ4AaABAg,2026-04-22T20:07:13Z,0
E2_cut,3u8ItokWeOQ,Ugz_VSj2sazP0kcEq3d4AaABAg,2026-04-23T13:20:51Z,0
E2_cut,3u8ItokWeOQ,UgwKDtYps2AbVqJtB0N4AaABAg,2026-04-22T16:38:50Z,0
E2_cut,3u8ItokWeOQ,UgxrdW2GGCxPH8_0Bqt4AaABAg,2026-04-22T20:56:04Z,0
E2_cut,3u8ItokWeOQ,Ugy3TIUxEh_47w37Y9B4AaABAg,2026-04-23T02:25:59Z,0
E2_cut,3u8ItokWeOQ,UgyqrFvtegr3GfFJrop4AaABAg,2026-04-23T03:07:45Z,0
E2_cut,3u8ItokWeOQ,UgwsHKQEfMaT2VgaMKF4AaABAg,2026-04-22T14:30:07Z,0
E2_cut,3u8ItokWeOQ,Ugz76vcNY28vjqsK1it4AaABAg,2026-04-22T21:46:45Z,0
E2_cut,3u8ItokWeOQ,UgzISJNMYil0oMynTZN4AaABAg,2026-04-22T18:08:34Z,0
E2_cut,3u8ItokWeOQ,Ugxkgx2enVhb8_b1MBx4AaABAg,2026-09-14T08:58:57Z,1
E2_cut,3u8ItokWeOQ,Ugyr9-ZnnTqphfy2uOl4AaABAg,2026-05-03T19:30:47Z,0
E2_cut,3u8ItokWeOQ,UgyCzkfsf1SIltDqefx4AaABAg,2026-04-22T14:42:21Z,0
E2_cut,3u8ItokWeOQ,UgwDvHg5ZqZ-lJG1Ybd4AaABAg,2026-04-23T15:44:36Z,0
E2_cut,3u8ItokWeOQ,Ugz8caMxLPIEgfv82kx4AaABAg,2026-04-22T19:40:28Z,1
E2_cut,3u8ItokWeOQ,UgwbZii1OwOjr8bpjAx4AaABAg,2026-04-23T02:09:47Z,0
E2_cut,3u8ItokWeOQ,UgwJ65tK2Z1UvsptY5Z4AaABAg,2026-04-25T07:22:32Z,0
E2_cut,3u8ItokWeOQ,UgxwxBCOnyK1EtQJHnN4AaABAg,2026-04-22T23:15:32Z,0
E2_cut,3u8ItokWeOQ,UgyeN_0KKgoP8bzh6Fl4AaABAg,2026-04-23T11:56:19Z,0
E2_cut,3u8ItokWeOQ,UgzhUXBpaJtI7ZNPFp94AaABAg,2026-04-23T05:34:44Z,0
E2_cut,3u8ItokWeOQ,UgysQCGQhqmbIUWOfbF4AaABAg,2026-04-22T19:28:30Z,0
E2_cut,3u8ItokWeOQ,Ugz4JftddhOUjdWUQAB4AaABAg,2026-04-22T23:42:11Z,0
E2_cut,3u8ItokWeOQ,UgzRyLwM0uxUmC5PxOF4AaABAg,2026-04-22T15:08:45Z,0
E2_cut,3u8ItokWeOQ,UgxqPt99BByeBXiTtvh4AaABAg,2026-05-01T14:14:21Z,0
E2_cut,3u8ItokWeOQ,Ugz5lPzlDLJL5ieEljt4AaABAg,2026-09-20T07:49:28Z,0
E2_cut,3u8ItokWeOQ,UgwEYMsrKhErFs2h0m54AaABAg,2026-04-23T13:46:28Z,0
E2_cut,3u8ItokWeOQ,UgyDc4Rf0hNfeg17UfJ4AaABAg,2026-04-29T13:32:05Z,0
E2_cut,3u8ItokWeOQ,Ugz5hjeexUt2UddsfeJ4AaABAg,2026-04-24T12:05:29Z,0
E2_cut,3u8ItokWeOQ,UgxtY-hfJyLsM7en-Rp4AaABAg,2026-04-23T00:39:44Z,0
E2_cut,3u8ItokWeOQ,Ugxxx-K51LapTk1cUBl4AaABAg,2026-04-23T07:45:16Z,0
E2_cut,3u8ItokWeOQ,UgxU-hPwPUgL95zJ9aV4AaABAg,2026-04-22T16:49:05Z,0
E2_cut,3u8ItokWeOQ,Ugw1yp--i9_EPldUdTJ4AaABAg,2026-04-29T03:24:54Z,0
E2_cut,3u8ItokWeOQ,Ugw4yci-AFsiSYEqsop4AaABAg,2026-04-23T07:39:43Z,0
E2_cut,3u8ItokWeOQ,UgxHgKMNIgW50os0fz54AaABAg,2026-04-22T21:00:15Z,0
E2_cut,3u8ItokWeOQ,UgwD3DMPahbG-ZI0cm54AaABAg,2026-04-22T22:59:01Z,0
E2_cut,3u8ItokWeOQ,UgzHw-GP28GAvgD8cG14AaABAg,2026-05-24T05:58:18Z,0
E2_cut,3u8ItokWeOQ,UgxhYhzmoMWor9Hn6ON4AaABAg,2026-04-23T17:01:51Z,0
E2_cut,3u8ItokWeOQ,Ugwb74KSYaYVeGUx0Gl4AaABAg,2026-04-22T19:36:46Z,0
E2_cut,3u8ItokWeOQ,Ugz9bav6EghXs6g5VpV4AaABAg,2026-04-23T18:34:29Z,0
E2_cut,3u8ItokWeOQ,UgzOV1jGRljhGnuL1IF4AaABAg,2026-04-26T06:53:54Z,0
E2_cut,3u8ItokWeOQ,UgxDVTxVGF8lV9kvB_x4AaABAg,2026-04-23T08:27:38Z,0
E2_cut,3u8ItokWeOQ,UgzTm45IAsqjU5n_7jl4AaABAg,2026-04-22T20:12:09Z,0
E2_cut,3u8ItokWeOQ,UgztJL7PAn7Qg8pqIYd4AaABAg,2026-04-22T19:08:07Z,0
E2_cut,3u8ItokWeOQ,UgyX-jIl2SBFEiGPH714AaABAg,2026-04-22T22:41:43Z,1
E2_cut,3u8ItokWeOQ,UgxWT12XarAscFoKW2B4AaABAg,2026-04-22T22:18:13Z,0
E2_cut,3u8ItokWeOQ,UgzWNOV6FjmMFx24VLd4AaABAg,2026-04-23T15:59:34Z,0
E2_cut,3u8ItokWeOQ,UgxnyuEitc5YV3cP5gR4AaABAg,2026-04-22T22:49:13Z,0
E2_cut,3u8ItokWeOQ,Ugz-2LNoI6cW-3ctpY14AaABAg,2026-04-22T15:14:54Z,0
E2_cut,3u8ItokWeOQ,Ugzf7TH0P5nEUvHzWql4AaABAg,2026-04-24T02:40:24Z,0
E2_cut,3u8ItokWeOQ,UgxXaNBNECFHHOrrvp54AaABAg,2026-04-23T15:52:03Z,0
E2_cut,3u8ItokWeOQ,UgyJ1E2JkjaqZeKvlGF4AaABAg,2026-04-24T05:16:02Z,0
E2_cut,3u8ItokWeOQ,UgwD95h-sQpypjAKdLN4AaABAg,2026-04-22T16:52:12Z,0
E2_cut,3u8ItokWeOQ,UgwaFWokJOOUAYjDUoV4AaABAg,2026-04-24T07:25:19Z,0
E2_cut,3u8ItokWeOQ,UgyRT7bYt1uZOxt3lX94AaABAg,2026-04-22T15:41:21Z,0
E2_cut,3u8ItokWeOQ,UgwiYZi7jgPpqNGMvMN4AaABAg,2026-04-23T03:41:46Z,0
E2_cut,3u8ItokWeOQ,UgxS6nacYBE6GbiOlyd4AaABAg,2026-06-09T06:59:29Z,0
E2_cut,3u8ItokWeOQ,UgzDu9cwO3RnYmuwySZ4AaABAg,2026-04-22T21:34:27Z,0
E2_cut,3u8ItokWeOQ,UgxzxX0_FL4G7_I09uh4AaABAg,2026-04-22T17:52:39Z,0
E2_cut,3u8ItokWeOQ,UgyHoBNApNsQNnHFYTd4AaABAg,2026-04-22T14:31:25Z,1
E2_cut,3u8ItokWeOQ,UgxO2LoQreBLVj7pWQh4AaABAg,2026-04-24T07:45:27Z,0
E2_cut,3u8ItokWeOQ,UgwJCiHiV4RRVQev7x14AaABAg,2026-04-22T15:16:28Z,0
E2_cut,3u8ItokWeOQ,Ugxytg2DdYhNmGE8GBh4AaABAg,2026-04-22T19:35:41Z,0
E2_cut,3u8ItokWeOQ,UgxSN_JFYogZPBTN2DF4AaABAg,2026-06-02T18:09:58Z,0
E2_cut,3u8ItokWeOQ,Ugy_PZxeMdXYO4psHMl4AaABAg,2026-04-23T00:16:17Z,0
E2_cut,3u8ItokWeOQ,UgzngWR1KmKjks3PsmV4AaABAg,2026-04-23T14:44:31Z,0
E2_cut,3u8ItokWeOQ,Ugw2x6iaATevi7oynYl4AaABAg,2026-04-29T04:28:26Z,0
E2_cut,3u8ItokWeOQ,Ugxwcibui2mZwp8iB4B4AaABAg,2026-04-22T19:48:15Z,0
E2_cut,3u8ItokWeOQ,Ugxd9USNj7jrhiIWLdN4AaABAg,2026-04-26T08:49:43Z,0
E2_cut,3u8ItokWeOQ,Ugxt5eJf1SQQ6NOm6eV4AaABAg,2026-04-22T17:50:27Z,0
E2_cut,3u8ItokWeOQ,Ugwksn28uxBbSXPse_14AaABAg,2026-06-14T19:56:44Z,0
E2_cut,3u8ItokWeOQ,UgwnhDFHev0S6GilUyF4AaABAg,2026-04-22T14:26:09Z,0
E2_cut,3u8ItokWeOQ,Ugy3_-_thLDlz98LiA14AaABAg,2026-04-23T22:53:49Z,0
E2_cut,3u8ItokWeOQ,UgxSWj2zbQui-VO0y0p4AaABAg,2026-06-14T19:56:53Z,0
E2_cut,3u8ItokWeOQ,UgwJdSkZukuMgiUDcpd4AaABAg,2026-04-23T02:13:19Z,0
E2_cut,3u8ItokWeOQ,UgxzT9LuqVOr7uNyvnh4AaABAg,2026-04-22T14:34:55Z,0
E2_cut,3u8ItokWeOQ,UgxAIHE2V5Z5gvAhfBl4AaABAg,2026-05-14T04:47:00Z,1
E2_cut,3u8ItokWeOQ,UgwfS5ym1BmSZdvdAU94AaABAg,2026-04-22T21:09:36Z,0
E2_cut,3u8ItokWeOQ,UgyhvP7LhoYX6fq1enh4AaABAg,2026-05-14T13:04:21Z,0
E2_cut,3u8ItokWeOQ,UgzpepkAxqnxYPFinM54AaABAg,2026-04-25T01:29:46Z,0
E2_cut,3u8ItokWeOQ,UgwMPAzUzu_VYn7s6uJ4AaABAg,2026-04-23T04:13:33Z,0
E2_cut,3u8ItokWeOQ,Ugxj6d_-C2qGAJpEzGd4AaABAg,2026-04-22T16:07:05Z,0
E2_cut,3u8ItokWeOQ,Ugzry7eNpd98RlekQxt4AaABAg,2026-04-23T13:20:21Z,0
E2_cut,3u8ItokWeOQ,UgydpTPuiz7nzfgY52J4AaABAg,2026-04-22T21:57:04Z,0
E2_cut,3u8ItokWeOQ,UgxVq7msgpZTxEXmsLR4AaABAg,2026-04-24T22:29:51Z,0
E2_cut,3u8ItokWeOQ,UgypXphal87ECf8Og8d4AaABAg,2026-04-23T12:51:33Z,0
E2_cut,3u8ItokWeOQ,UgxR8Y1FLM52BKtEsv54AaABAg,2026-04-23T02:35:03Z,0
E2_cut,3u8ItokWeOQ,UgyVGHUi8idW9cAJ_wR4AaABAg,2026-04-24T20:16:44Z,0
E2_cut,3u8ItokWeOQ,UgyYU5oPs8w4zLW9i9l4AaABAg,2026-04-23T22:33:59Z,0
E2_cut,3u8ItokWeOQ,UgxwlgUfMJaEviXdjF94AaABAg,2026-04-22T15:30:32Z,0
E2_cut,3u8ItokWeOQ,UgyIZvqSIfaRwFPUCUJ4AaABAg,2026-04-22T14:47:27Z,0
E2_cut,3u8ItokWeOQ,UgzuJ9Iqp6mNz_4IcwB4AaABAg,2026-04-23T12:05:09Z,0
E2_cut,3u8ItokWeOQ,UgxcgCAM2KMyf_AhEeJ4AaABAg,2026-04-22T23:15:21Z,0
E2_cut,3u8ItokWeOQ,UgyexyqLw5zvY4eOutt4AaABAg,2026-04-22T17:20:42Z,0
E2_cut,3u8ItokWeOQ,Ugxw05sDT68Evp5SDhB4AaABAg,2026-05-06T09:28:50Z,0
E2_cut,3u8ItokWeOQ,UgwoR_EB3e5emOtOoad4AaABAg,2026-04-23T14:53:18Z,0
E2_cut,3u8ItokWeOQ,UgyTYFLGIEERhtBlVRt4AaABAg,2026-04-22T20:17:43Z,0
E2_cut,3u8ItokWeOQ,Ugxn5AetoY4FBc61kSl4AaABAg,2026-04-23T00:14:32Z,0
E2_cut,3u8ItokWeOQ,UgxNW4869vAf9H6erdt4AaABAg,2026-04-24T07:10:12Z,0
E2_cut,3u8ItokWeOQ,UgxTmSBaIGfC2-z4SOZ4AaABAg,2026-04-23T21:44:04Z,0
E2_cut,3u8ItokWeOQ,UgyDrvUkdjpkYPtcSP14AaABAg,2026-04-22T16:31:31Z,0
E2_cut,3u8ItokWeOQ,UgwV6LW7iww3ig1S0k14AaABAg,2026-04-22T18:15:29Z,0
E2_cut,3u8ItokWeOQ,Ugwzs7ssQIOu3ww357p4AaABAg,2026-04-23T17:05:10Z,0
E2_cut,3u8ItokWeOQ,UgxJs1kzdELLMvGKmKN4AaABAg,2026-04-22T22:35:18Z,0
E2_cut,3u8ItokWeOQ,Ugw3OHn8un557s_-CFN4AaABAg,2026-04-22T23:35:50Z,0
E2_cut,3u8ItokWeOQ,UgzC5h2x0dhjBVQx9e14AaABAg,2026-05-12T05:53:39Z,0
E2_cut,3u8ItokWeOQ,UgxGFEF_CAel8chKxA14AaABAg,2026-04-22T19:11:23Z,0
E2_cut,3u8ItokWeOQ,Ugx8jQ0WkA40a5iL7S94AaABAg,2026-04-22T14:55:58Z,0
E2_cut,3u8ItokWeOQ,Ugy8MmBERF63vnfb0hF4AaABAg,2026-04-23T01:33:51Z,0
E2_cut,3u8ItokWeOQ,UgxQA-lGFz4zYndntNR4AaABAg,2026-04-22T17:17:01Z,0
E2_cut,3u8ItokWeOQ,UgyuDw-XyCHvyYEjI1d4AaABAg,2026-04-23T07:17:33Z,0
E2_cut,3u8ItokWeOQ,UgzAoXvnhSLI704rXsp4AaABAg,2026-04-23T09:28:13Z,1
E2_cut,3u8ItokWeOQ,Ugwi0shVbAz6xH_6iT54AaABAg,2026-04-29T17:43:14Z,0
E2_cut,3u8ItokWeOQ,UgxixWniax2olBNGFHF4AaABAg,2026-04-24T22:42:39Z,0
E2_cut,3u8ItokWeOQ,UgxIQfMoeimSx7U8gIt4AaABAg,2026-04-23T22:16:55Z,0
E2_cut,3u8ItokWeOQ,UgxV3KrOeJf5ODxINzR4AaABAg,2026-04-22T16:59:11Z,0
E2_cut,3u8ItokWeOQ,Ugw7dpgfAep7k40-0rR4AaABAg,2026-04-22T14:34:34Z,0
E2_cut,3u8ItokWeOQ,UgzJrY6n_oWxqJW_eKZ4AaABAg,2026-04-23T01:12:27Z,0
E2_cut,3u8ItokWeOQ,UgzXry2TGsYhw_Hplq94AaABAg,2026-04-30T05:40:06Z,0
E2_cut,3u8ItokWeOQ,UgzDx1KgYsx3ZLHhlf94AaABAg,2026-04-22T16:22:01Z,0
E2_cut,3u8ItokWeOQ,UgyfsMR1sRXsCobTZY54AaABAg,2026-04-22T17:49:14Z,0
E2_cut,3u8ItokWeOQ,Ugz-xI6mFF4V1_y4QBV4AaABAg,2026-04-22T23:22:36Z,0
E2_cut,3u8ItokWeOQ,Ugxn7-ipjHkMliacowF4AaABAg,2026-04-30T16:24:05Z,0
E2_cut,3u8ItokWeOQ,UgzAH_eWD_eZGzYNbiZ4AaABAg,2026-04-22T22:31:53Z,0
E2_cut,3u8ItokWeOQ,Ugy1sWASImyX8jJVFHt4AaABAg,2026-04-23T16:48:57Z,0
E2_cut,3u8ItokWeOQ,Ugyay5hWbCkdg5qwgIt4AaABAg,2026-04-22T17:04:41Z,0
E2_cut,3u8ItokWeOQ,Ugw6S8wV7x3hOorNK-x4AaABAg,2026-04-22T14:32:34Z,0
E2_cut,3u8ItokWeOQ,Ugw0SXEuzyYBEHYsGCB4AaABAg,2026-04-24T03:09:50Z,0
E2_cut,3u8ItokWeOQ,UgyqH4PKvD5NM11mlf54AaABAg,2026-04-22T22:01:06Z,0
E2_cut,3u8ItokWeOQ,Ugw_L9Gw_VPQIvE6_5R4AaABAg,2026-04-24T13:19:51Z,0
E2_cut,3u8ItokWeOQ,UgylVzDdXBnYcias3kF4AaABAg,2026-04-25T12:23:49Z,0
E2_cut,3u8ItokWeOQ,Ugx1D7kly9uKFvCSinZ4AaABAg,2026-04-28T21:12:43Z,0
E2_cut,3u8ItokWeOQ,UgyfmGgKWjpLZeKnTXN4AaABAg,2026-04-22T17:40:17Z,0
E2_cut,3u8ItokWeOQ,Ugy3BXsOwzz7qWGE0dt4AaABAg,2026-04-22T16:01:05Z,0
E2_cut,3u8ItokWeOQ,UgzFcqL-QsAIJ0lWjvx4AaABAg,2026-04-22T16:33:34Z,0
E2_cut,3u8ItokWeOQ,UgyIlA54_BrBGKOhtjV4AaABAg,2026-04-22T14:40:12Z,0
E2_cut,3u8ItokWeOQ,Ugx1hYzKN-_W74aFDMh4AaABAg,2026-04-23T15:09:29Z,0
E2_cut,3u8ItokWeOQ,Ugw4ThJ7mebo_0FpMb54AaABAg,2026-04-22T22:42:11Z,0
E2_cut,3u8ItokWeOQ,UgyoAYIG9iHCzk0ibQ94AaABAg,2026-04-22T23:16:13Z,0
E2_cut,3u8ItokWeOQ,Ugzs_QGYR6vbOcMjx_B4AaABAg,2026-04-22T17:59:49Z,0
E2_cut,3u8ItokWeOQ,UgwBOowhI2ggpKBqxRF4AaABAg,2026-04-22T16:37:55Z,0
E2_cut,3u8ItokWeOQ,UgyAVo3gfUUfddxb1fd4AaABAg,2026-04-22T15:32:21Z,0
E2_cut,3u8ItokWeOQ,Ugwl99DnUOm4Gx1NjBJ4AaABAg,2026-04-22T18:08:19Z,0
E2_cut,3u8ItokWeOQ,UgwPRlixPpMupj70SaN4AaABAg,2026-04-22T23:03:06Z,0
E2_cut,3u8ItokWeOQ,UgzSBVDEgNv50iQHJ-d4AaABAg,2026-04-22T15:06:59Z,0
E2_cut,3u8ItokWeOQ,UgxcA0_uFDZ3ahj1ePJ4AaABAg,2026-08-23T12:13:08Z,0
E2_cut,3u8ItokWeOQ,Ugw-32iq43ZjKnVrj2B4AaABAg,2026-05-12T10:20:02Z,1
E2_cut,3u8ItokWeOQ,Ugz19yqwV5a6CxBIC3R4AaABAg,2026-04-22T20:14:24Z,0
E2_cut,3u8ItokWeOQ,UgynEW5poCvUxB592xV4AaABAg,2026-05-05T22:33:08Z,0
E2_cut,3u8ItokWeOQ,UgxjWa062Aan-uzGP0l4AaABAg,2026-05-04T05:58:58Z,0
E2_cut,3u8ItokWeOQ,UgyrPhvO_KKwqfdknzF4AaABAg,2026-04-23T17:10:54Z,0
E2_cut,3u8ItokWeOQ,UgzrqhQOj2DlppM0Lgh4AaABAg,2026-04-22T15:16:49Z,0
E2_cut,3u8ItokWeOQ,UgwD5sEj3POJMADqz4N4AaABAg,2026-04-22T16:12:15Z,0
E2_cut,3u8ItokWeOQ,UgyhUS-25HlT2l3jzlV4AaABAg,2026-04-23T22:56:37Z,0
E2_cut,3u8ItokWeOQ,UgzP5K9v85QIvYpv88F4AaABAg,2026-04-23T14:10:27Z,0
E2_cut,3u8ItokWeOQ,UgzvXH4QbEsJRv9BC8l4AaABAg,2026-04-24T20:09:48Z,0
E2_cut,3u8ItokWeOQ,UgxBNPlSPKq9J-vxhpN4AaABAg,2026-04-22T16:12:50Z,0
E2_cut,3u8ItokWeOQ,UgyfDkZPWCviqjjjLAt4AaABAg,2026-04-22T15:47:31Z,0
E2_cut,3u8ItokWeOQ,UgwbTNdzZirh4weUbyt4AaABAg,2026-04-23T15:57:22Z,0
E2_cut,3u8ItokWeOQ,UgxWCaot6pOuzWp_Vrl4AaABAg,2026-07-06T04:07:51Z,0
E2_cut,3u8ItokWeOQ,Ugz1s_NGjKfHimMig3F4AaABAg,2026-04-22T16:13:03Z,0
E2_cut,3u8ItokWeOQ,Ugyi8bt2ETvK2alDrN54AaABAg,2026-05-03T14:17:48Z,0
E2_cut,3u8ItokWeOQ,Ugwz61h_RyrCjNtxXlt4AaABAg,2026-04-22T15:31:19Z,0
E2_cut,3u8ItokWeOQ,Ugxf13PAPvPEEeXuUWF4AaABAg,2026-04-23T01:49:04Z,0
E2_cut,3u8ItokWeOQ,UgwzGrW4PBcmT6LAbX54AaABAg,2026-04-23T12:23:05Z,0
E2_cut,3u8ItokWeOQ,UgzKzxuw8J3p8CDohe94AaABAg,2026-04-22T17:58:21Z,0
E2_cut,3u8ItokWeOQ,UgwXRN6cVoGQUlte4FZ4AaABAg,2026-04-22T15:43:40Z,0
E2_cut,3u8ItokWeOQ,Ugz9dM5l01xVUBSCeiB4AaABAg,2026-04-22T16:00:36Z,0
E2_cut,3u8ItokWeOQ,UgzNVMs-g0CxfolLXa14AaABAg,2026-04-22T22:59:38Z,0
E2_cut,3u8ItokWeOQ,Ugw0CysEH87-jyDwpLx4AaABAg,2026-04-22T15:57:41Z,0
E2_cut,3u8ItokWeOQ,UgyovDocGF7HQ8Atm814AaABAg,2026-04-22T14:53:15Z,0
E2_cut,3u8ItokWeOQ,UgyhYiE4Xv1DkPIfu-J4AaABAg,2026-04-23T21:37:55Z,0
E2_cut,3u8ItokWeOQ,UgxMLDAWy6dlfQWWsih4AaABAg,2026-04-23T03:02:14Z,0
E2_cut,3u8ItokWeOQ,UgwTfH6Nz-YhHEzDPf14AaABAg,2026-04-22T15:12:19Z,0
E2_cut,3u8ItokWeOQ,Ugww-XrmV2qSEhiJe6d4AaABAg,2026-04-22T16:12:07Z,0
E2_cut,3u8ItokWeOQ,UgwtpdGhgEVVt9mqEyt4AaABAg,2026-04-22T14:23:57Z,0
E2_cut,3u8ItokWeOQ,Ugz93Lt9Elhnm30rHNh4AaABAg,2026-04-22T14:52:01Z,0
E2_cut,3u8ItokWeOQ,UgyeY9O0TMDRk_oBUFR4AaABAg,2026-04-22T16:26:56Z,0
E2_cut,3u8ItokWeOQ,Ugx4ZXFVx-i7JnqQdF94AaABAg,2026-04-28T18:45:02Z,0
E2_cut,3u8ItokWeOQ,UgxZeR_tuUmegiMkpyd4AaABAg,2026-04-22T14:42:35Z,0
E2_cut,3u8ItokWeOQ,UgwZDxoBEtHCaebJ-dJ4AaABAg,2026-04-23T19:23:44Z,0
E2_cut,3u8ItokWeOQ,Ugz8vwUDzF22BEo98dR4AaABAg,2026-05-18T08:06:26Z,0
E2_cut,3u8ItokWeOQ,Ugzr8MS58AVSZ6cUOSR4AaABAg,2026-04-23T09:22:53Z,0
E2_cut,3u8ItokWeOQ,UgylrWHY25gjyLo7hH94AaABAg,2026-04-22T18:01:32Z,0
E2_cut,3u8ItokWeOQ,UgzlApsM3hRuG1MERrB4AaABAg,2026-04-23T02:12:03Z,0
E2_cut,3u8ItokWeOQ,UgxpfJg0xr2N-gxKMj54AaABAg,2026-04-26T01:15:04Z,0
E2_cut,3u8ItokWeOQ,UgwprmUErHbful6CPvB4AaABAg,2026-04-22T17:08:07Z,0
E2_cut,3u8ItokWeOQ,Ugx9_gENT02eCir4OsR4AaABAg,2026-04-22T15:59:31Z,0
E2_cut,3u8ItokWeOQ,Ugw0sPJd_FR3ha4jFGh4AaABAg,2026-04-22T14:25:19Z,0
E2_cut,3u8ItokWeOQ,Ugy9ctoqcBY4rN9IjwB4AaABAg,2026-04-22T14:56:17Z,0
E2_cut,3u8ItokWeOQ,UgyYkVP_mTIVOt7K-pJ4AaABAg,2026-04-22T15:41:11Z,0
E2_cut,3u8ItokWeOQ,UgyNvzC_fMdT90sU2FJ4AaABAg,2026-04-22T14:43:17Z,0
E2_cut,3u8ItokWeOQ,UgySQJzzkCP8tTx7lSt4AaABAg,2026-05-26T13:04:17Z,0
E2_cut,3u8ItokWeOQ,UgwtKBOfyIKqLCrE7Lt4AaABAg,2026-04-22T22:18:06Z,0
E2_cut,3u8ItokWeOQ,UgxZGN9wWVLzhKngp4N4AaABAg,2026-04-22T17:01:26Z,0
E2_cut,3u8ItokWeOQ,UgySvbxi28agMHiGaAV4AaABAg,2026-04-23T03:16:58Z,0
E2_cut,3u8ItokWeOQ,UgwJDMLTp_rA3KtsTit4AaABAg,2026-04-22T15:14:05Z,0
E2_cut,3u8ItokWeOQ,Ugz8x03t7jhi8n6lr3V4AaABAg,2026-04-22T15:34:38Z,0
E2_cut,3u8ItokWeOQ,UgzaUOYjSSlIJ5BFNXV4AaABAg,2026-04-23T13:11:12Z,0
E2_cut,z0RF3YdepXY,UgzLemr-SBbB04QbmIB4AaABAg,2026-04-21T18:54:20Z,492
E2_cut,z0RF3YdepXY,Ugy6I4ELNqMkYigpq9h4AaABAg,2026-04-21T19:25:50Z,216
E2_cut,z0RF3YdepXY,UgwTaPQKuoc48jJoSvR4AaABAg,2026-04-21T18:44:09Z,39
E2_cut,z0RF3YdepXY,Ugxc6bVdJIQFJ7DCH5V4AaABAg,2026-04-22T01:49:39Z,13
E2_cut,z0RF3YdepXY,UgzZBHSNxD8bVw42kG94AaABAg,2026-04-21T22:33:56Z,58
E2_cut,z0RF3YdepXY,UgwsMLarbyi5_JU8zLV4AaABAg,2026-04-21T20:57:17Z,29
E2_cut,z0RF3YdepXY,Ugyfo1_IK-N1WokuEbN4AaABAg,2026-04-21T18:52:30Z,41
E2_cut,z0RF3YdepXY,UgwydAX5JI6P5DA63Fx4AaABAg,2026-04-21T18:35:38Z,64
E2_cut,z0RF3YdepXY,UgxoNs_Gl0QHt0VXtoF4AaABAg,2026-04-21T18:24:18Z,78
E2_cut,z0RF3YdepXY,UgxO_XzN6wxL-_I84GJ4AaABAg,2026-04-21T19:05:32Z,75
E2_cut,z0RF3YdepXY,Ugw4bmbFi34TNp8cTW14AaABAg,2026-04-22T12:31:01Z,0
E2_cut,z0RF3YdepXY,UgxNPhsV7mdJTI2XM3Z4AaABAg,2026-04-21T18:44:10Z,4
E2_cut,z0RF3YdepXY,Ugw9NZ9x0MPidhsyrMB4AaABAg,2026-04-21T20:00:28Z,3
E2_cut,z0RF3YdepXY,UgxQSc5zo4dauOWqxuB4AaABAg,2026-04-21T23:57:09Z,0
E2_cut,z0RF3YdepXY,UgzV869G5mz2fXeC2XF4AaABAg,2026-04-22T13:13:12Z,1
E2_cut,z0RF3YdepXY,UgzJeCUdWxBbv8uXhf14AaABAg,2026-04-21T19:13:26Z,2
E2_cut,z0RF3YdepXY,UgzyG7YgUbqkbqDVJ4d4AaABAg,2026-04-21T18:56:10Z,5
E2_cut,z0RF3YdepXY,Ugy3l6xOLzAqvHWJI4J4AaABAg,2026-04-21T18:21:10Z,4
E2_cut,z0RF3YdepXY,UgyDEWh6N8xhPdULapR4AaABAg,2026-04-21T18:27:41Z,1
E2_cut,z0RF3YdepXY,Ugz01oQkdLUX2zqpkBh4AaABAg,2026-04-21T20:44:03Z,8
E2_cut,z0RF3YdepXY,Ugz8Mkjwq-S6I7UAbx14AaABAg,2026-04-21T20:16:16Z,4
E2_cut,z0RF3YdepXY,UgyGXQwsGMGowJP37c14AaABAg,2026-04-22T08:40:43Z,0
E2_cut,z0RF3YdepXY,UgzPPc4M3plHnm_J7S14AaABAg,2026-04-21T22:50:03Z,0
E2_cut,z0RF3YdepXY,Ugz_owmhGxCVP_uzMGd4AaABAg,2026-04-21T18:20:54Z,1
E2_cut,z0RF3YdepXY,UgxWzlsIISFxhBahd8V4AaABAg,2026-04-21T20:42:37Z,2
E2_cut,z0RF3YdepXY,UgzP_j-pqPYuvGwLKK94AaABAg,2026-04-21T18:53:38Z,46
E2_cut,z0RF3YdepXY,UgxicisfeSar4_Cj26l4AaABAg,2026-04-21T19:53:50Z,67
E2_cut,z0RF3YdepXY,UgwCslMwyve77f31-5x4AaABAg,2026-04-21T18:15:55Z,0
E2_cut,z0RF3YdepXY,UgzKzHifRUkCnUVzg3t4AaABAg,2026-04-21T19:49:05Z,0
E2_cut,z0RF3YdepXY,Ugy0sHuHLaV2aTtxhzl4AaABAg,2026-04-21T23:52:23Z,0
E2_cut,z0RF3YdepXY,UgyNek9-7WnCkJAEh1B4AaABAg,2026-04-21T18:45:41Z,0
E2_cut,z0RF3YdepXY,UgzfRshaTxw4RNKAs7t4AaABAg,2026-04-22T14:19:02Z,0
E2_cut,z0RF3YdepXY,UgwoBXkwFLtfy1Ko0Ip4AaABAg,2026-04-21T20:42:08Z,0
E2_cut,z0RF3YdepXY,Ugwkgu7KIYHp-xbu-Fx4AaABAg,2026-04-21T18:17:26Z,44
E2_cut,z0RF3YdepXY,UgxKgbuBL_BUQ5R9hol4AaABAg,2026-04-21T18:38:34Z,1
E2_cut,z0RF3YdepXY,UgyyQCNtv62fmrPdVul4AaABAg,2026-04-21T19:23:50Z,1
E2_cut,z0RF3YdepXY,UgzHSFLhavneCz-at_N4AaABAg,2026-04-24T14:51:56Z,1
E2_cut,z0RF3YdepXY,Ugxw61FU03WSb3PaNo94AaABAg,2026-04-21T20:52:02Z,1
E2_cut,z0RF3YdepXY,UgxxIzcTUORrNFstzX94AaABAg,2026-04-22T07:18:52Z,0
E2_cut,z0RF3YdepXY,UgxALHQvkX5iTGT46VZ4AaABAg,2026-04-22T11:49:36Z,0
E2_cut,z0RF3YdepXY,UgydCkybcR9cX2QrEkp4AaABAg,2026-04-21T18:59:41Z,4
E2_cut,z0RF3YdepXY,UgyRLLiSNInyGYHwt6h4AaABAg,2026-04-21T18:41:21Z,1
E2_cut,z0RF3YdepXY,Ugw-lbK8z7zc4ViXWKt4AaABAg,2026-04-22T01:39:54Z,0
E2_cut,z0RF3YdepXY,UgzcsvgW1wo0BZaZ8fp4AaABAg,2026-04-22T11:36:29Z,0
E2_cut,z0RF3YdepXY,UgxrdhJLXDtZLfKRymB4AaABAg,2026-04-21T20:36:55Z,8
E2_cut,z0RF3YdepXY,UgyazJP_Z4OknLfEn4J4AaABAg,2026-04-21T23:45:29Z,2
E2_cut,z0RF3YdepXY,UgxPCGH6MLauq0hKmhh4AaABAg,2026-04-21T19:10:33Z,2
E2_cut,z0RF3YdepXY,UgyoE1odM09jM9DFPe94AaABAg,2026-04-21T18:42:02Z,1
E2_cut,z0RF3YdepXY,UgyD8ESr9iD3SyEwX8Z4AaABAg,2026-04-21T22:22:23Z,0
E2_cut,z0RF3YdepXY,UgxyEDH5DuufZXtTgLp4AaABAg,2026-04-21T19:15:19Z,2
E2_cut,z0RF3YdepXY,UgzQucLMoIWHq34-fz14AaABAg,2026-04-21T23:55:33Z,0
E2_cut,z0RF3YdepXY,Ugxuqed91zTFjTe7xrl4AaABAg,2026-04-21T19:55:45Z,0
E2_cut,z0RF3YdepXY,UgzrPY0FdGZEArJ7vyF4AaABAg,2026-04-21T19:26:53Z,1
E2_cut,z0RF3YdepXY,UgwNM4ywmgcsCI2Fs714AaABAg,2026-04-21T21:15:50Z,0
E2_cut,z0RF3YdepXY,UgwyTsHIAjhi5NAM_i94AaABAg,2026-04-21T22:04:45Z,1
E2_cut,z0RF3YdepXY,Ugx9HJ1_aQ04f6AVkvF4AaABAg,2026-04-21T19:56:35Z,0
E2_cut,z0RF3YdepXY,UgyRZugOr6D7B049ovN4AaABAg,2026-04-21T18:18:59Z,15
E2_cut,z0RF3YdepXY,UgxYnPdVqsX4ZU80mZl4AaABAg,2026-04-22T21:10:08Z,0
E2_cut,z0RF3YdepXY,UgwcsN6ixrhO1q7K_yV4AaABAg,2026-04-21T22:08:58Z,0
E2_cut,z0RF3YdepXY,UgwAyH8zlM665ggWDRh4AaABAg,2026-04-22T13:54:13Z,0
E2_cut,z0RF3YdepXY,Ugww-CZY3FnxNJJuRhR4AaABAg,2026-04-22T13:30:37Z,0
E2_cut,z0RF3YdepXY,UgziZ-64WvW-16tsl9h4AaABAg,2026-04-21T18:23:58Z,3
E2_cut,z0RF3YdepXY,UgwHH3wdTA0PcnIH_1B4AaABAg,2026-04-21T19:04:28Z,11
E2_cut,z0RF3YdepXY,UgwHWotiZYOaYu8nemt4AaABAg,2026-04-22T14:25:15Z,0
E2_cut,z0RF3YdepXY,UgyqLKfkSewaw1q8bZt4AaABAg,2026-04-22T15:12:20Z,0
E2_cut,z0RF3YdepXY,Ugx5_Sk1vsQF1D8b27B4AaABAg,2026-04-21T19:02:24Z,61
E2_cut,z0RF3YdepXY,UgznEWlcntchY_Zlq0B4AaABAg,2026-04-21T18:37:02Z,0
E2_cut,z0RF3YdepXY,UgyYIyvg0ioStNYmbCx4AaABAg,2026-04-21T22:23:56Z,1
E2_cut,z0RF3YdepXY,UgyBFjEUIfUCk0C8ybh4AaABAg,2026-04-21T20:14:50Z,1
E2_cut,z0RF3YdepXY,UgwnHYRtFmY1pdScOeZ4AaABAg,2026-04-21T19:22:37Z,1
E2_cut,z0RF3YdepXY,UgxSzeIO2ezhrngLCNx4AaABAg,2026-04-22T00:08:49Z,0
E2_cut,z0RF3YdepXY,Ugy2Hu5nJddBzpMN6kl4AaABAg,2026-04-22T16:31:38Z,0
E2_cut,z0RF3YdepXY,UgzlDV7pYXQRO4k21bZ4AaABAg,2026-04-21T18:41:21Z,6
E2_cut,z0RF3YdepXY,UgzFC688oZ4tXdOsZCh4AaABAg,2026-04-21T22:00:54Z,1
E2_cut,z0RF3YdepXY,UgxMT0rVYdsiEf0S3Ml4AaABAg,2026-04-21T19:09:00Z,1
E2_cut,z0RF3YdepXY,Ugw6MZiPIp46tTpd7Dp4AaABAg,2026-04-21T19:21:21Z,59
E2_cut,z0RF3YdepXY,Ugz60LBhAUFx0Nj9BSZ4AaABAg,2026-04-23T08:11:18Z,0
E2_cut,z0RF3YdepXY,UgxgeXXprI6_DCwhXcp4AaABAg,2026-04-21T19:07:34Z,43
E2_cut,z0RF3YdepXY,UgwE2IHaZD4Xz3GmZPp4AaABAg,2026-04-21T19:34:21Z,0
E2_cut,z0RF3YdepXY,UgyrejQEXOAICtTPYvt4AaABAg,2026-04-22T03:43:13Z,0
E2_cut,z0RF3YdepXY,UgyXhUu550DuL2A37314AaABAg,2026-04-21T19:50:16Z,0
E2_cut,z0RF3YdepXY,UgziqIL51Qp9P-U6Qw14AaABAg,2026-04-21T19:32:52Z,0
E2_cut,z0RF3YdepXY,UgwLsa7l9BwVoJ27Ck14AaABAg,2026-04-21T19:37:30Z,4
E2_cut,z0RF3YdepXY,UgzyCcPoRPEIVNz5Lrh4AaABAg,2026-04-21T18:34:18Z,1
E2_cut,z0RF3YdepXY,UgxZeYRDuRobZkWVhDV4AaABAg,2026-04-21T20:28:52Z,1
E2_cut,z0RF3YdepXY,UgwymmDY7hj82WXmjKl4AaABAg,2026-04-22T09:10:04Z,0
E2_cut,z0RF3YdepXY,Ugxg8x9ZFT5-8BD60kZ4AaABAg,2026-04-22T14:22:53Z,0
E2_cut,z0RF3YdepXY,UgwKEIwOg3D2izNt8u94AaABAg,2026-04-22T00:42:47Z,0
E2_cut,z0RF3YdepXY,UgwfdlFCf-8Zy5p3jEB4AaABAg,2026-04-21T19:18:19Z,1
E2_cut,z0RF3YdepXY,UgxPIKzPaUbMPmnNh0R4AaABAg,2026-04-22T01:28:55Z,0
E2_cut,z0RF3YdepXY,UgzNN70e0Gpock58LXZ4AaABAg,2026-04-21T18:28:11Z,1
E2_cut,z0RF3YdepXY,UgwZoKm8IztOxe7vDOx4AaABAg,2026-04-21T23:17:18Z,1
E2_cut,z0RF3YdepXY,UgyKpXq6hIFDoMMfJ3V4AaABAg,2026-04-21T21:03:03Z,0
E2_cut,z0RF3YdepXY,UgwsdYlM5fxdDqWoL954AaABAg,2026-04-22T00:46:35Z,0
E2_cut,z0RF3YdepXY,UgyKlnKbIM3G-9D9M594AaABAg,2026-04-23T06:44:57Z,0
E2_cut,z0RF3YdepXY,Ugy4msnkjj8OcuwqhM94AaABAg,2026-04-21T19:35:48Z,0
E2_cut,z0RF3YdepXY,UgwlT7ZasaNe3apX5ch4AaABAg,2026-04-21T19:01:50Z,1
E2_cut,z0RF3YdepXY,Ugx8hMA8qogfIN_LZB94AaABAg,2026-04-21T21:26:50Z,0
E2_cut,z0RF3YdepXY,Ugz31jxz2XTkiK4fByB4AaABAg,2026-04-21T18:35:29Z,2
E2_cut,z0RF3YdepXY,Ugz0rXlSvHdG2Mbrgxp4AaABAg,2026-04-21T23:51:08Z,0
E2_cut,z0RF3YdepXY,Ugym4O2RYwmseyRRHWd4AaABAg,2026-04-22T20:40:20Z,0
E2_cut,z0RF3YdepXY,UgwpR3pMr-TqmYuF8754AaABAg,2026-04-21T19:58:23Z,0
E2_cut,z0RF3YdepXY,UgzbLUdpu6BjEbylSLN4AaABAg,2026-04-21T20:45:41Z,4
E2_cut,z0RF3YdepXY,Ugyb0011GQXrEYR2V6Z4AaABAg,2026-04-22T15:46:03Z,0
E2_cut,z0RF3YdepXY,Ugx1OMPS5ARh87cr06d4AaABAg,2026-04-22T17:40:15Z,0
E2_cut,z0RF3YdepXY,Ugwo4I_e9iEHKuUbA4t4AaABAg,2026-04-21T22:15:35Z,0
E2_cut,z0RF3YdepXY,Ugy3a5LvuRRzgoIXlQx4AaABAg,2026-04-21T19:46:50Z,0
E2_cut,z0RF3YdepXY,UgyxI0I62BF30uYoGk94AaABAg,2026-04-22T01:01:17Z,0
E2_cut,z0RF3YdepXY,Ugy5K9EFJIMWtFJRBRR4AaABAg,2026-04-22T21:24:58Z,0
E2_cut,z0RF3YdepXY,UgzacdMtBBHxF8-Yf9F4AaABAg,2026-04-21T18:26:24Z,0
E2_cut,z0RF3YdepXY,Ugy6uq6hEMcRn9PKY0N4AaABAg,2026-04-22T14:33:41Z,0
E2_cut,z0RF3YdepXY,UgwrhqAOlxuhSpR3tjl4AaABAg,2026-04-22T23:33:02Z,0
E2_cut,z0RF3YdepXY,Ugz7sJ0e6xffd0z_sTF4AaABAg,2026-04-21T20:21:08Z,0
E2_cut,z0RF3YdepXY,Ugzx8RRaSHM0PUK0AvJ4AaABAg,2026-04-22T04:37:02Z,0
E2_cut,z0RF3YdepXY,UgwaVF6ZrlCYEznGZix4AaABAg,2026-04-22T04:46:24Z,0
E2_cut,z0RF3YdepXY,Ugz6Kw5M32m_8m95aeF4AaABAg,2026-04-21T21:48:29Z,0
E2_cut,z0RF3YdepXY,Ugz2RwsSjHh88tHePGt4AaABAg,2026-04-21T19:05:13Z,2
E2_cut,z0RF3YdepXY,UgyASTPb6cKPoSYYckd4AaABAg,2026-04-24T05:56:12Z,0
E2_cut,z0RF3YdepXY,UgxqRev7uTzmSVBAkct4AaABAg,2026-04-22T13:49:26Z,0
E2_cut,z0RF3YdepXY,UgzJ0IDM99meChp_DF54AaABAg,2026-04-21T19:39:37Z,0
E2_cut,z0RF3YdepXY,Ugzs_vB-SIPHC2NCmX54AaABAg,2026-04-21T21:05:36Z,0
E2_cut,z0RF3YdepXY,UgxOw3XYkNWHE7EmbS54AaABAg,2026-04-22T22:49:35Z,0
E2_cut,z0RF3YdepXY,UgxNIwIEFfdv2hdn6Vd4AaABAg,2026-04-23T02:39:22Z,0
E2_cut,z0RF3YdepXY,UgyqgN9TgGlCJkUZ8SR4AaABAg,2026-04-22T06:38:35Z,0
E2_cut,z0RF3YdepXY,UgwBpLkC7S72kXia5rx4AaABAg,2026-04-22T00:27:21Z,0
E2_cut,z0RF3YdepXY,Ugws1Vj_e7ck-V8JlO14AaABAg,2026-04-22T21:24:17Z,0
E2_cut,z0RF3YdepXY,Ugx2C2sgSfJae3t92vF4AaABAg,2026-04-22T01:57:11Z,0
E2_cut,z0RF3YdepXY,UgwKBCenYPYPKU86Ykt4AaABAg,2026-04-21T19:54:36Z,0
E2_cut,z0RF3YdepXY,UgzL_N_ZmVizrrPFaKR4AaABAg,2026-04-22T10:47:09Z,0
E2_cut,z0RF3YdepXY,UgxAeUA_iNtoQ3WtRnR4AaABAg,2026-04-21T18:47:41Z,1
E2_cut,z0RF3YdepXY,UgxpIdorOHU9q7C8Mmp4AaABAg,2026-04-21T20:21:10Z,0
E2_cut,z0RF3YdepXY,UgxIGEuag0Disx7NAOJ4AaABAg,2026-04-22T19:40:46Z,0
E2_cut,z0RF3YdepXY,UgzW6fcyTnQIkAy_44p4AaABAg,2026-04-22T14:06:04Z,0
E2_cut,z0RF3YdepXY,UgxHuRSokHV2dkIxwKd4AaABAg,2026-04-21T22:13:11Z,0
E2_cut,z0RF3YdepXY,UgyNsg9dkkYQyH7pFM54AaABAg,2026-04-22T00:01:05Z,0
E2_cut,z0RF3YdepXY,UgwTsxrXqvOcNEk5xwN4AaABAg,2026-04-22T11:38:12Z,0
E2_cut,z0RF3YdepXY,UgwiXLYEbk1pE4mXvNV4AaABAg,2026-04-21T18:34:24Z,3
E2_cut,z0RF3YdepXY,UgyZVLBkfxOVIsCjFfR4AaABAg,2026-04-21T20:37:10Z,0
E2_cut,z0RF3YdepXY,UgxgaDSOjLTFTQ4ryHB4AaABAg,2026-04-21T18:42:40Z,0
E2_cut,z0RF3YdepXY,UgydCaaaNmJVWnS3TcJ4AaABAg,2026-04-21T20:24:42Z,0
E2_cut,z0RF3YdepXY,UgwdMtYiPaHgy7C7RVh4AaABAg,2026-04-21T18:56:34Z,0
E2_cut,z0RF3YdepXY,UgzNN9OUkwJbOeRSfbl4AaABAg,2026-04-22T11:58:07Z,0
E2_cut,z0RF3YdepXY,UgwsNq27iLiy55Ct4D94AaABAg,2026-04-21T21:49:21Z,0
E2_cut,z0RF3YdepXY,UgwXUF9A4rj94zgH8jJ4AaABAg,2026-04-21T18:57:35Z,0
E2_cut,z0RF3YdepXY,UgzQbd8LCFc4imKe-xF4AaABAg,2026-04-21T19:08:43Z,1
E2_cut,z0RF3YdepXY,Ugwz30UVEhxNoiQc54J4AaABAg,2026-04-21T19:15:18Z,0
E2_cut,z0RF3YdepXY,Ugz39u0h18Z3Yew5ShB4AaABAg,2026-04-21T19:07:28Z,0
E2_cut,z0RF3YdepXY,Ugwh-TnQdaXDJJGCsAd4AaABAg,2026-04-22T12:35:04Z,0
E2_cut,z0RF3YdepXY,Ugx6RNqMCm2qfv440Dh4AaABAg,2026-04-21T18:39:36Z,3
E2_cut,z0RF3YdepXY,UgzKAFV-RbVkjkyKv3p4AaABAg,2026-04-21T19:07:29Z,1
E2_cut,z0RF3YdepXY,UgwwLB8ZTKLUJrcXFi14AaABAg,2026-04-21T21:02:03Z,0
E2_cut,z0RF3YdepXY,UgzZkYuKxIZ0JMI0g6d4AaABAg,2026-04-21T20:30:52Z,0
E2_cut,z0RF3YdepXY,UgyIFeMnfPaC1Y3KfuJ4AaABAg,2026-04-21T20:40:52Z,0
E2_cut,z0RF3YdepXY,UgypmEgy7v7Wn6tq4DN4AaABAg,2026-04-21T19:28:50Z,0
E2_cut,z0RF3YdepXY,Ugz6yX74Wjj9zUTIITp4AaABAg,2026-04-21T20:40:57Z,0
E2_cut,z0RF3YdepXY,UgzbSCaYMtO7l4AcPHN4AaABAg,2026-04-21T18:41:02Z,21
E2_cut,z0RF3YdepXY,UgzO7A1TsjcRhAYS8_h4AaABAg,2026-04-21T18:39:42Z,1
E2_cut,z0RF3YdepXY,UgwJyR-IUIDDNdP9i2l4AaABAg,2026-04-21T18:51:48Z,1
E2_cut,z0RF3YdepXY,Ugx3QaMorUDdm_Yvkc94AaABAg,2026-04-22T00:01:47Z,0
E2_cut,z0RF3YdepXY,UgwjLDUaUySkD_zJMb94AaABAg,2026-04-21T18:42:29Z,1
E2_cut,z0RF3YdepXY,Ugxb_MSreSRmPcbImnV4AaABAg,2026-04-21T21:24:40Z,0
E2_cut,z0RF3YdepXY,UgxWivOui_VfwJVBxI54AaABAg,2026-04-21T19:07:55Z,0
E2_cut,z0RF3YdepXY,Ugytu86DcQEdJ2m4d954AaABAg,2026-04-21T21:53:20Z,0
E2_cut,z0RF3YdepXY,UgwQn-ki8lgiLtV-Kop4AaABAg,2026-04-22T09:15:45Z,0
E2_cut,z0RF3YdepXY,UgzAHWOMcSxbLyM3_KB4AaABAg,2026-04-21T19:50:08Z,0
E2_cut,z0RF3YdepXY,UgyCbG9vkUxSqX5ud0d4AaABAg,2026-04-21T20:02:47Z,0
E2_cut,z0RF3YdepXY,UgyUl5WxYrRpWd-P-dt4AaABAg,2026-04-21T19:33:28Z,0
E2_cut,z0RF3YdepXY,UgygnXWH4RMRHUg8w514AaABAg,2026-04-21T22:06:57Z,0
E2_cut,z0RF3YdepXY,UgwW4lkpNITQuxOK69h4AaABAg,2026-04-21T20:00:11Z,0
E2_cut,z0RF3YdepXY,UgzIwlXHFwJhYj0Kr-N4AaABAg,2026-04-22T00:38:57Z,0
E2_cut,z0RF3YdepXY,UgyW_Siv0yuUf10037Z4AaABAg,2026-04-22T11:23:15Z,0
E2_cut,z0RF3YdepXY,UgxlgbjEVFqM-DgmuiF4AaABAg,2026-04-21T18:48:32Z,0
E2_cut,z0RF3YdepXY,Ugw-jZ_UMWKVzTo4BNJ4AaABAg,2026-04-21T20:25:16Z,1
E2_cut,z0RF3YdepXY,UgycwmuC8sSF1nucdqZ4AaABAg,2026-04-21T22:22:50Z,0
E2_cut,z0RF3YdepXY,UgypuYrsRQVGV7WdgjJ4AaABAg,2026-04-21T23:14:18Z,0
E2_cut,z0RF3YdepXY,Ugxa1iQf8Vt2i4dNPQF4AaABAg,2026-04-23T11:58:46Z,0
E2_cut,z0RF3YdepXY,UgzYY5AAHQqrX3H4M-14AaABAg,2026-04-22T09:54:21Z,0
E2_cut,z0RF3YdepXY,UgxxQFSAo7W6aGD73MN4AaABAg,2026-04-21T19:01:48Z,0
E2_cut,z0RF3YdepXY,UgzM0vAZl0_7-r-7BUV4AaABAg,2026-04-22T03:41:47Z,0
E2_cut,z0RF3YdepXY,Ugwzwt1-8Gus2GX23kt4AaABAg,2026-04-21T18:52:36Z,0
E2_cut,z0RF3YdepXY,Ugwi0ROwPB0j1BlsAGp4AaABAg,2026-04-21T23:56:50Z,0
E2_cut,z0RF3YdepXY,UgzE_W5tjZycw4UO6Ld4AaABAg,2026-04-22T21:44:13Z,0
E2_cut,z0RF3YdepXY,UgyZqhJ8NRLuDMzQqfN4AaABAg,2026-04-21T22:43:19Z,0
E2_cut,z0RF3YdepXY,UgyEcBsCx48K502QliZ4AaABAg,2026-04-22T00:40:01Z,0
E2_cut,z0RF3YdepXY,Ugyqu-2wPnPK8Q_x3jl4AaABAg,2026-04-21T18:44:36Z,1
E2_cut,z0RF3YdepXY,UgxROixH4ETMl4DnFMF4AaABAg,2026-04-21T18:44:17Z,12
E2_cut,z0RF3YdepXY,UgzW22Wk_-roSlFmcwt4AaABAg,2026-04-22T10:40:50Z,0
E2_cut,z0RF3YdepXY,UgwSYHGHtDGJH7s35MZ4AaABAg,2026-04-21T20:17:42Z,0
E2_cut,z0RF3YdepXY,Ugxc4f3lR8dypjPq1Yd4AaABAg,2026-04-22T21:18:52Z,0
E2_cut,z0RF3YdepXY,UgwidLBpdi_aEY6IVe94AaABAg,2026-04-22T01:08:36Z,0
E2_cut,z0RF3YdepXY,UgxSeFTxJffpSsGIsfJ4AaABAg,2026-04-22T01:40:10Z,0
E2_cut,z0RF3YdepXY,Ugx5KHK87MHRGie57Qh4AaABAg,2026-04-21T20:57:27Z,0
E2_cut,z0RF3YdepXY,UgzdjNt4LQ1sxHdYa9V4AaABAg,2026-04-21T23:32:34Z,0
E2_cut,z0RF3YdepXY,Ugz9q_Xdgvl6zdzC-eh4AaABAg,2026-04-21T18:59:15Z,1
E2_cut,z0RF3YdepXY,UgykNYuvZ_d2mLSXJxJ4AaABAg,2026-04-21T18:55:43Z,0
E2_cut,z0RF3YdepXY,UgyPCW6cG5GUn9Rc1EZ4AaABAg,2026-04-21T20:33:59Z,0
E2_cut,z0RF3YdepXY,Ugw02YLPr1GjuEKEOJh4AaABAg,2026-04-21T20:24:12Z,0
E2_cut,z0RF3YdepXY,UgzH8_vmzSoash6cjLN4AaABAg,2026-04-21T18:25:41Z,2
E2_cut,z0RF3YdepXY,Ugx9pYNtTt_7M9Mn_HN4AaABAg,2026-04-22T03:05:28Z,0
E2_cut,z0RF3YdepXY,UgweZ9tpdKs8cU6-mxt4AaABAg,2026-04-21T18:31:20Z,1
E2_cut,z0RF3YdepXY,Ugx7vbqoH3trUcXtqWd4AaABAg,2026-04-21T18:40:26Z,8
E2_cut,z0RF3YdepXY,UgxXRnPb_M0UG7Nmhlp4AaABAg,2026-04-21T19:06:32Z,9
E2_cut,z0RF3YdepXY,Ugwbdq42zjxAkzf9sCd4AaABAg,2026-04-21T20:06:33Z,5
E2_cut,z0RF3YdepXY,Ugz1NE6XI6KRm1heGpl4AaABAg,2026-04-21T18:39:12Z,95
E2_cut,z0RF3YdepXY,UgwXo7Axsrq_H9E7s214AaABAg,2026-04-21T18:17:03Z,64
E2_cut,z0RF3YdepXY,UgyDPHWH4xuo0728KCJ4AaABAg,2026-04-21T18:51:50Z,0
E2_cut,z0RF3YdepXY,UgwBTyV-Nw-ZlWQw-1Z4AaABAg,2026-04-21T18:30:15Z,10
E2_cut,z0RF3YdepXY,UgwNiGJDCN8Xx8CHx9x4AaABAg,2026-04-21T19:26:41Z,2
E2_cut,z0RF3YdepXY,Ugyy68tQ3v3wiNuhtGl4AaABAg,2026-04-21T18:17:06Z,18
E2_cut,z0RF3YdepXY,UgwcQtvhACfyHVF22e94AaABAg,2026-04-22T00:57:21Z,0
E2_cut,z0RF3YdepXY,UgyO0UST-yQhx_oN1z54AaABAg,2026-04-22T04:39:53Z,0
E2_cut,z0RF3YdepXY,Ugz3IbCZ4Uh5DiH9y3l4AaABAg,2026-05-03T00:52:22Z,0
E2_cut,z0RF3YdepXY,UgwF-0FmH5yGuAnLjQZ4AaABAg,2026-04-22T01:25:45Z,0
E2_cut,z0RF3YdepXY,Ugwtjb4GcOmcLpXVVld4AaABAg,2026-04-22T15:17:46Z,0
E2_cut,z0RF3YdepXY,UgwFyi5RVK6kgOBrIM14AaABAg,2026-04-21T22:30:48Z,0
E2_cut,z0RF3YdepXY,UgxtMvwemhCCUI6FfVd4AaABAg,2026-04-22T21:25:48Z,0
E2_cut,z0RF3YdepXY,Ugxb0r6TFXHH9Y_hNEd4AaABAg,2026-04-23T02:14:37Z,0
E2_cut,z0RF3YdepXY,Ugxz2Khn4i-qEnjOJWp4AaABAg,2026-04-21T21:13:53Z,0
E2_cut,z0RF3YdepXY,UgyIj-IyFRQfdydE2-x4AaABAg,2026-04-22T15:39:39Z,0
E2_cut,z0RF3YdepXY,UgxdnNDNSPZ6nH-lvxR4AaABAg,2026-04-22T16:54:28Z,0
E2_cut,z0RF3YdepXY,UgxoY6FEhXT-YWSvTat4AaABAg,2026-04-21T18:27:50Z,2
E2_cut,z0RF3YdepXY,Ugxp59E8iUhH82Nh0QJ4AaABAg,2026-04-22T02:16:56Z,0
E2_cut,z0RF3YdepXY,UgwI04MUBIApM9z-hwR4AaABAg,2026-04-21T18:54:25Z,0
E2_cut,z0RF3YdepXY,Ugxra9-73fE32Rk82kt4AaABAg,2026-04-22T20:42:03Z,0
E2_cut,z0RF3YdepXY,UgwKrhgYACwQP9Ty_Ad4AaABAg,2026-04-22T02:29:23Z,0
E2_cut,z0RF3YdepXY,UgxSvgEm4a7E7DFsIRl4AaABAg,2026-04-21T21:08:30Z,0
E2_cut,z0RF3YdepXY,UgzeMBJXjUa6KNZ40M54AaABAg,2026-04-21T20:29:07Z,0
E2_cut,z0RF3YdepXY,UgzxA8_jze8l1rMeDvN4AaABAg,2026-04-24T02:09:13Z,0
E2_cut,z0RF3YdepXY,UgzzV7p6xmyNj57zkCx4AaABAg,2026-04-21T19:03:59Z,0
E2_cut,z0RF3YdepXY,Ugxjc4DL1wBv9P9IEnV4AaABAg,2026-04-21T18:25:02Z,3
E2_cut,z0RF3YdepXY,Ugytdm7GMV0dRcjSNhR4AaABAg,2026-04-23T14:49:14Z,0
E2_cut,z0RF3YdepXY,UgyrJKS933s7ovM7VA94AaABAg,2026-04-21T20:06:40Z,0
E2_cut,z0RF3YdepXY,UgzBTQeJOB_qOjBDxp54AaABAg,2026-04-22T02:27:07Z,0
E2_cut,z0RF3YdepXY,UgyiW1QHM6lbfEn38Wl4AaABAg,2026-04-21T19:44:05Z,0
E2_cut,z0RF3YdepXY,UgyZQoH9adSrBDjva7t4AaABAg,2026-04-21T22:24:08Z,0
E2_cut,z0RF3YdepXY,Ugzxm2VY7Qc9esbj6Od4AaABAg,2026-04-21T20:54:57Z,0
E2_cut,z0RF3YdepXY,UgzRwDimPkYIZhH5ELB4AaABAg,2026-04-21T19:29:06Z,6
E2_cut,z0RF3YdepXY,UgwNTkDBaEQuCU96TXd4AaABAg,2026-04-21T19:19:16Z,16
E2_cut,z0RF3YdepXY,UgxYecpqBG2c2Jp4lIh4AaABAg,2026-04-21T19:36:40Z,0
E2_cut,z0RF3YdepXY,UgyaHCDY89TL1AgHPPV4AaABAg,2026-04-22T01:09:21Z,0
E2_cut,z0RF3YdepXY,UgwJzOyyVWRIrsmulnt4AaABAg,2026-04-21T18:26:31Z,0
E2_cut,z0RF3YdepXY,Ugwv2KT3Lg5UFY6bcSx4AaABAg,2026-04-22T10:29:01Z,0
E2_cut,z0RF3YdepXY,UgxPcDnJP0XUt1cK67l4AaABAg,2026-04-22T16:25:57Z,0
E2_cut,z0RF3YdepXY,UgwMxEDUUPOCLfMXWsh4AaABAg,2026-04-21T21:51:18Z,1
E2_cut,z0RF3YdepXY,UgyTrd9xNtpDzq9YiBN4AaABAg,2026-04-21T20:39:53Z,0
E2_cut,z0RF3YdepXY,Ugxo-cvKkJx9-EnEXXd4AaABAg,2026-04-22T04:39:13Z,0
E2_cut,z0RF3YdepXY,UgzdicC-W9QQsAeTALh4AaABAg,2026-04-22T09:26:31Z,0
E2_cut,z0RF3YdepXY,UgzCF7K7Exrk9dKb-A94AaABAg,2026-04-21T23:30:43Z,0
E2_cut,z0RF3YdepXY,Ugwu4juEZ2eP5Xg1iDN4AaABAg,2026-04-23T15:04:59Z,0
E2_cut,z0RF3YdepXY,UgznyPATIubm0HYcjXF4AaABAg,2026-04-21T23:20:08Z,0
E2_cut,z0RF3YdepXY,UgwgK2JfqIqifPUR1bV4AaABAg,2026-04-23T23:40:10Z,0
E2_cut,z0RF3YdepXY,UgxoFP5ji_5K2fM4oDV4AaABAg,2026-04-22T08:09:18Z,1
E2_cut,z0RF3YdepXY,UgxICbJeChJbVuDHQEJ4AaABAg,2026-04-21T19:21:29Z,9
E2_cut,z0RF3YdepXY,UgyIGM3wx95sKqZgyR54AaABAg,2026-04-21T18:20:00Z,1
E2_cut,z0RF3YdepXY,Ugzzcm0sEcQ2iFx_MaF4AaABAg,2026-04-22T08:51:52Z,0
E2_cut,z0RF3YdepXY,UgxI7MuLNjbb9kfsjAV4AaABAg,2026-04-22T13:17:43Z,0
E2_cut,z0RF3YdepXY,UgxxtoOJV_iEVRst9B94AaABAg,2026-04-21T21:47:26Z,0
E2_cut,z0RF3YdepXY,UgwHCz4upiiTnQI5nXV4AaABAg,2026-04-22T11:29:42Z,0
E2_cut,z0RF3YdepXY,Ugzp4mtXZkgHslvkWwV4AaABAg,2026-04-21T22:39:12Z,0
E2_cut,z0RF3YdepXY,UgzdG4tovHkTxN3GPiB4AaABAg,2026-04-21T23:02:48Z,0
E2_cut,z0RF3YdepXY,UgzMS3EgDE8NJ4U8H4x4AaABAg,2026-04-21T19:24:48Z,0
E2_cut,z0RF3YdepXY,UgzsiDg_mKHZGC2pLHl4AaABAg,2026-04-21T18:16:32Z,4
E2_cut,z0RF3YdepXY,UgwFkiKPwDVGpJIAlfd4AaABAg,2026-04-21T21:00:27Z,0
E2_cut,z0RF3YdepXY,UgyUxE6uI8_lWP-KKv54AaABAg,2026-04-22T18:32:06Z,0
E2_cut,z0RF3YdepXY,UgxPjtkX_12LJ-ksE6t4AaABAg,2026-04-22T07:34:17Z,0
E2_cut,z0RF3YdepXY,Ugz_-yNUogANhMdgGMR4AaABAg,2026-04-21T23:47:51Z,0
E2_cut,z0RF3YdepXY,UgyH675MB12g8CPt6zF4AaABAg,2026-04-22T02:36:05Z,0
E2_cut,z0RF3YdepXY,UgyH1npEzns1de-YE9l4AaABAg,2026-04-21T22:20:23Z,1
E2_cut,z0RF3YdepXY,Ugyp4NSgn5pSG5HA9rp4AaABAg,2026-04-21T22:31:59Z,0
E2_cut,z0RF3YdepXY,UgzgIWXHeTPKqiH8mhl4AaABAg,2026-04-21T18:55:35Z,0
E2_cut,z0RF3YdepXY,Ugwj9WQR0hvgTOghydB4AaABAg,2026-04-21T20:38:55Z,0
E2_cut,z0RF3YdepXY,Ugz7sg4U-UmG8g0FbQV4AaABAg,2026-04-21T18:38:56Z,1
E2_cut,z0RF3YdepXY,Ugyjhy4aoS6_Q7ew0t54AaABAg,2026-04-21T20:22:01Z,0
E2_cut,z0RF3YdepXY,UgxmuTBLobC3bhNwldV4AaABAg,2026-04-21T20:01:43Z,0
E2_cut,z0RF3YdepXY,Ugzau1TswRN2Tl04jDJ4AaABAg,2026-04-21T19:54:49Z,0
E2_cut,z0RF3YdepXY,UgxNpFrXoEOMs3SSHJN4AaABAg,2026-04-21T19:25:57Z,0
E2_cut,z0RF3YdepXY,Ugz_FIz0Jc78un7BOZZ4AaABAg,2026-04-22T08:09:04Z,0
E2_cut,z0RF3YdepXY,UgwJd1HDYVSDDzdeQ8B4AaABAg,2026-04-21T18:49:35Z,0
E2_cut,z0RF3YdepXY,UgwlJ3M1VulP2_TcBRV4AaABAg,2026-04-21T18:26:27Z,4
E2_cut,z0RF3YdepXY,UgwT_OrF7OWgrlT6Dmh4AaABAg,2026-04-21T19:56:40Z,1
E2_cut,z0RF3YdepXY,UgwmoHTuS5q3scctfIF4AaABAg,2026-04-22T12:52:45Z,0
E2_cut,z0RF3YdepXY,UgyyZrXnimd5qD1dC8d4AaABAg,2026-04-21T20:35:59Z,0
E2_cut,z0RF3YdepXY,UgyV52VyDBFhhSlwT2J4AaABAg,2026-04-22T11:04:44Z,0
E2_cut,z0RF3YdepXY,UgwqEIdXzlbResHS9Zt4AaABAg,2026-04-22T00:10:45Z,0
E2_cut,z0RF3YdepXY,Ugx1eHekmJ5egyyHPw14AaABAg,2026-04-22T12:54:33Z,0
E2_cut,z0RF3YdepXY,Ugz731cxEPu66whITkt4AaABAg,2026-04-21T20:54:06Z,0
E2_cut,z0RF3YdepXY,UgwGk6x3VLojbIWnIkp4AaABAg,2026-04-21T18:56:57Z,3
E2_cut,z0RF3YdepXY,Ugyr_9VH_rZdqnOEzel4AaABAg,2026-04-22T00:35:30Z,0
E2_cut,z0RF3YdepXY,UgwaR4lX40dPufxFb054AaABAg,2026-04-21T21:49:13Z,0
E2_cut,z0RF3YdepXY,Ugy5UvEokfFYD9GEg6J4AaABAg,2026-04-22T13:53:13Z,0
E2_cut,z0RF3YdepXY,Ugx1pAuLsXZKjseYJvB4AaABAg,2026-04-21T20:26:03Z,0
E2_cut,z0RF3YdepXY,Ugz-WJspMAznN5zvcaV4AaABAg,2026-04-21T23:10:31Z,0
E2_cut,z0RF3YdepXY,UgzWx2w8G9uAymCz60J4AaABAg,2026-04-21T21:20:33Z,0
E2_cut,z0RF3YdepXY,UgzSzvhglcSpv5fNGud4AaABAg,2026-04-21T19:41:38Z,0
E2_cut,z0RF3YdepXY,UgxhLkvTbon4JvxxCUN4AaABAg,2026-04-22T06:54:48Z,0
E2_cut,z0RF3YdepXY,UgwoEH2yJ8_zdK3TGyV4AaABAg,2026-04-21T20:25:12Z,0
E2_cut,z0RF3YdepXY,UgxH1HD-9rdZeiKXjV94AaABAg,2026-04-22T08:07:04Z,0
E2_cut,z0RF3YdepXY,UgxYR9DwgYoJaVykUFF4AaABAg,2026-04-22T13:15:24Z,0
E2_cut,z0RF3YdepXY,UgzM7zdR_iPrUiRwrIx4AaABAg,2026-04-21T20:29:58Z,0
E2_cut,z0RF3YdepXY,UgzEMwYlMPNzedVQixF4AaABAg,2026-04-22T11:05:56Z,0
E2_cut,z0RF3YdepXY,UgyoKp6psAmP-TQfz6R4AaABAg,2026-04-21T18:44:41Z,1
E2_cut,z0RF3YdepXY,UgxX-XbVOMGjDuiHKAZ4AaABAg,2026-04-21T22:02:09Z,0
E2_cut,z0RF3YdepXY,UgzQ4qbTZOAVYAye4hd4AaABAg,2026-04-21T21:00:35Z,0
E2_cut,z0RF3YdepXY,Ugy3ZTQdOVJqqXRsEct4AaABAg,2026-04-21T18:33:30Z,1
E2_cut,z0RF3YdepXY,Ugz3T7HLNzu9-YwppWp4AaABAg,2026-04-21T19:51:35Z,0
E2_cut,z0RF3YdepXY,Ugy7-6YfLLNnInpB7qJ4AaABAg,2026-04-21T19:32:03Z,0
E2_cut,z0RF3YdepXY,UgzArI78cdeIo8ja6xd4AaABAg,2026-04-22T07:24:48Z,0
E2_cut,z0RF3YdepXY,Ugyh2GDCBJhakS0Y4Yx4AaABAg,2026-04-21T22:10:10Z,1
E2_cut,z0RF3YdepXY,UgzEg0T3u6W8QFPmADJ4AaABAg,2026-04-21T21:38:02Z,0
E2_cut,z0RF3YdepXY,Ugx9mb3Hl-s0z3h7ltR4AaABAg,2026-04-22T04:32:49Z,0
E2_cut,z0RF3YdepXY,UgzY5uK1LYw4Xf6hNOB4AaABAg,2026-04-21T21:30:06Z,0
E2_cut,z0RF3YdepXY,Ugy-qa0eFkDOr1Filjx4AaABAg,2026-04-22T05:17:29Z,0
E2_cut,z0RF3YdepXY,Ugye8Tsc3Vf20688X7t4AaABAg,2026-04-21T18:46:15Z,0
E2_cut,z0RF3YdepXY,UgyRWNX-Pdrg6Wmf7PZ4AaABAg,2026-04-21T22:52:28Z,0
E2_cut,z0RF3YdepXY,UgzauM7UihUudfeAvx94AaABAg,2026-04-21T23:12:13Z,0
E2_cut,z0RF3YdepXY,UgwU5tRXFmoFExweZ914AaABAg,2026-04-22T01:15:44Z,0
E2_cut,z0RF3YdepXY,UgyKIfHspYNwtm17NaF4AaABAg,2026-04-21T20:56:03Z,0
E2_cut,z0RF3YdepXY,UgzB2f0wVNJBju5eN6x4AaABAg,2026-04-21T21:15:04Z,2
E2_cut,z0RF3YdepXY,UgznLfHKuoNw5qz9t3d4AaABAg,2026-04-22T13:42:15Z,0
E2_cut,z0RF3YdepXY,UgyW7lj0igGW7Dt3h8Z4AaABAg,2026-04-21T20:14:04Z,0
E2_cut,z0RF3YdepXY,UgwUrBS_CS0csMJp3vh4AaABAg,2026-04-21T18:41:41Z,1
E2_cut,z0RF3YdepXY,UgwMEzj_DsLog-xtrcN4AaABAg,2026-04-21T18:57:08Z,0
E2_cut,z0RF3YdepXY,UgxysQnjuHWQGwpAsJp4AaABAg,2026-04-21T21:30:18Z,0
E2_cut,z0RF3YdepXY,Ugypu_BOhXImTPog4AR4AaABAg,2026-04-21T18:31:54Z,1
E2_cut,z0RF3YdepXY,UgyChm8Vq0o713BCBGt4AaABAg,2026-04-21T21:48:43Z,1
E2_cut,z0RF3YdepXY,UgzyBS-1q4zbyQUd-oZ4AaABAg,2026-04-21T20:34:02Z,0
E2_cut,z0RF3YdepXY,Ugwpv79bF9GWz6NWWYh4AaABAg,2026-04-21T18:50:57Z,0
E2_cut,z0RF3YdepXY,Ugxg_L89tTtgBAbSIuJ4AaABAg,2026-04-21T20:43:45Z,0
E2_cut,z0RF3YdepXY,Ugx9MgHYb7YW6FXsf8l4AaABAg,2026-04-21T18:50:17Z,3
E2_cut,z0RF3YdepXY,Ugw2ZH-HAwY0nIs580h4AaABAg,2026-04-21T21:03:41Z,0
E2_cut,z0RF3YdepXY,Ugwrpe_kO7_-KpKS-hV4AaABAg,2026-04-21T23:27:58Z,1
E2_cut,z0RF3YdepXY,Ugx2R5Jl5Vez1rHWRUh4AaABAg,2026-04-22T20:23:13Z,0
E2_cut,z0RF3YdepXY,Ugzn68_NtiJNxNgzTTV4AaABAg,2026-04-22T22:06:33Z,0
E2_cut,z0RF3YdepXY,Ugx8burLW20egNp8l2t4AaABAg,2026-04-21T21:28:01Z,0
E2_cut,z0RF3YdepXY,UgxPS7QoiC-i2Kb0WKV4AaABAg,2026-04-21T23:05:51Z,0
E2_cut,z0RF3YdepXY,Ugwq2qeswkq6M6ojL6l4AaABAg,2026-04-21T18:26:44Z,0
E2_cut,z0RF3YdepXY,UgwagbfWNgMmMVNv-zJ4AaABAg,2026-04-21T21:45:55Z,0
E2_cut,z0RF3YdepXY,Ugy6kJ6773-o4rAZk-F4AaABAg,2026-04-22T03:19:01Z,0
E2_cut,z0RF3YdepXY,UgxbsygIkU1X-ZzrFxp4AaABAg,2026-04-21T19:01:59Z,1
E2_cut,z0RF3YdepXY,UgzVaEu6yZY_9PaNSmx4AaABAg,2026-04-21T18:18:09Z,0
E2_cut,z0RF3YdepXY,UgwcYJnoJW4l0bQlljx4AaABAg,2026-04-21T19:48:02Z,0
E2_cut,z0RF3YdepXY,UgyTa3XjdmcrJv79m-h4AaABAg,2026-04-21T19:10:22Z,1
E2_cut,z0RF3YdepXY,UgwkkDa-g-BrEqFXSo54AaABAg,2026-04-22T05:38:04Z,0
E2_cut,z0RF3YdepXY,UgzDJ3-uX-yiDTNjatt4AaABAg,2026-04-22T16:50:42Z,0
E2_cut,z0RF3YdepXY,UgyP1rqw-w7gYo167zR4AaABAg,2026-04-22T09:16:57Z,0
E2_cut,z0RF3YdepXY,UgwQl3rUdRn5ckRg4zp4AaABAg,2026-04-21T18:16:06Z,0
E2_cut,z0RF3YdepXY,UgwMY6pit-eJaOgqq-R4AaABAg,2026-04-21T18:15:55Z,0
E2_cut,z0RF3YdepXY,UgzvJBojoc5iVMJ4GOB4AaABAg,2026-04-21T20:05:45Z,0
E2_cut,z0RF3YdepXY,UgzXry1WLEciYXf11IR4AaABAg,2026-04-21T20:06:20Z,0
E2_cut,z0RF3YdepXY,UgysRUjICHc-lfZicAV4AaABAg,2026-04-21T18:56:02Z,0
E2_cut,z0RF3YdepXY,Ugz35EOFfGGaRyEdSVN4AaABAg,2026-04-21T19:55:22Z,0
E2_cut,z0RF3YdepXY,UgxcYmVFyZKG1WCkb4B4AaABAg,2026-04-21T18:40:29Z,0
E2_cut,z0RF3YdepXY,Ugxy0O7zYe0fkpGZgI94AaABAg,2026-04-21T19:34:36Z,0
E2_cut,z0RF3YdepXY,UgxtBdxa6ecIxERgy0R4AaABAg,2026-04-21T21:45:12Z,0
E2_cut,z0RF3YdepXY,UgynBWof4vgWsNZSQnt4AaABAg,2026-04-21T20:10:20Z,0
E2_cut,z0RF3YdepXY,UgxewusIbnbrWa5bD5l4AaABAg,2026-04-21T18:36:21Z,4
E2_cut,z0RF3YdepXY,Ugzs8ZW0OM7_v80CYah4AaABAg,2026-04-22T15:20:01Z,0
E2_cut,z0RF3YdepXY,UgxkHys0hSLQZp3l8A94AaABAg,2026-04-22T06:58:32Z,0
E2_cut,z0RF3YdepXY,Ugy3ddepSSz-cvxe74F4AaABAg,2026-04-21T20:33:05Z,0
E2_cut,z0RF3YdepXY,UgzAHFO3TFJrMsMHkDZ4AaABAg,2026-04-21T19:26:24Z,0
E2_cut,Mubo_yVVwAg,UgxfG2LhuGAFamnFsrN4AaABAg,2026-04-21T16:58:41Z,184
E2_cut,Mubo_yVVwAg,UgxJPEpJmSIhU2YY2ex4AaABAg,2026-04-21T16:17:24Z,295
E2_cut,Mubo_yVVwAg,UgxET-zdbQB-qXL_MM54AaABAg,2026-04-21T17:44:07Z,88
E2_cut,Mubo_yVVwAg,UgyNkv5SwE3D785H4oV4AaABAg,2026-04-21T16:05:37Z,149
E2_cut,Mubo_yVVwAg,Ugywu6ykh0n0V9QeDYl4AaABAg,2026-04-21T16:09:28Z,144
E2_cut,Mubo_yVVwAg,UgwqxAo7EMm3vfVk3nh4AaABAg,2026-04-21T16:23:00Z,114
E2_cut,Mubo_yVVwAg,Ugz6vwpWoTApAQGbiyR4AaABAg,2026-04-21T18:18:07Z,26
E2_cut,Mubo_yVVwAg,UgxcwK4rP54QxoxThPB4AaABAg,2026-04-21T16:45:43Z,26
E2_cut,Mubo_yVVwAg,UgwggBi3ASqbcRsEW7x4AaABAg,2026-04-21T18:18:08Z,14
E2_cut,Mubo_yVVwAg,Ugz68OqXXMMjuKenOAV4AaABAg,2026-04-21T16:20:53Z,66
E2_cut,Mubo_yVVwAg,UgxJawExSA3xsTnOfNN4AaABAg,2026-04-21T16:50:46Z,24
E2_cut,Mubo_yVVwAg,UgxPbA9GfBkl4FLi9AZ4AaABAg,2026-04-21T16:03:20Z,59
E2_cut,Mubo_yVVwAg,UgzG2Y99qXj0wnJYsrR4AaABAg,2026-04-21T16:34:42Z,18
E2_cut,Mubo_yVVwAg,UgwP3d7V_THfTHS6oeN4AaABAg,2026-04-21T16:16:37Z,46
E2_cut,Mubo_yVVwAg,UgzocwVKtFqH5w8Jc2h4AaABAg,2026-04-21T16:04:54Z,39
E2_cut,Mubo_yVVwAg,UgyQYEmQY9K8K34FV054AaABAg,2026-04-21T17:56:32Z,14
E2_cut,Mubo_yVVwAg,UgxYdWIWXLxf0RvBFZZ4AaABAg,2026-04-21T17:16:15Z,6
E2_cut,Mubo_yVVwAg,UgxqXlnlJYMiuFeIAw54AaABAg,2026-04-21T18:06:47Z,2
E2_cut,Mubo_yVVwAg,UgxFmZWCY-vV2RARxrZ4AaABAg,2026-04-21T23:20:49Z,1
E2_cut,Mubo_yVVwAg,UgyAiQNsmCbQqZv6IOB4AaABAg,2026-04-21T17:55:47Z,1
E2_cut,Mubo_yVVwAg,UgxpcYIjgIDxB7UADAR4AaABAg,2026-04-21T17:14:49Z,2
E2_cut,Mubo_yVVwAg,UgyFX5QjTt5GDhiUj8l4AaABAg,2026-04-21T16:54:01Z,3
E2_cut,Mubo_yVVwAg,UgwFDDNfVnwumzsE5g54AaABAg,2026-04-21T18:18:30Z,2
E2_cut,Mubo_yVVwAg,UgwAT3y4GxfEDEo1vpl4AaABAg,2026-04-21T18:58:48Z,1
E2_cut,Mubo_yVVwAg,UgzLOEgeQ-Y1ymiIoJd4AaABAg,2026-04-21T16:21:35Z,12
E2_cut,Mubo_yVVwAg,Ugzfzfda8LMzkBMqri94AaABAg,2026-04-21T16:36:24Z,38
E2_cut,Mubo_yVVwAg,Ugw77QEQf8T0SFwRQAJ4AaABAg,2026-04-21T16:40:43Z,11
E2_cut,Mubo_yVVwAg,UgypC96Gb957_GcXy2V4AaABAg,2026-04-23T13:24:51Z,0
E2_cut,Mubo_yVVwAg,UgySUN5IbDRLhN6kTQp4AaABAg,2026-04-21T16:06:11Z,4
E2_cut,Mubo_yVVwAg,Ugy5cpW5LuOPoyrB_fp4AaABAg,2026-04-21T17:18:40Z,2
E2_cut,Mubo_yVVwAg,Ugz_soKjM7_OV38jk1F4AaABAg,2026-04-21T17:57:50Z,1
E2_cut,Mubo_yVVwAg,UgwT4Wg5AeTQFpUza0x4AaABAg,2026-04-21T18:24:04Z,1
E2_cut,Mubo_yVVwAg,UgzDJbFdgIqfj1JhI6R4AaABAg,2026-04-21T16:16:59Z,3
E2_cut,Mubo_yVVwAg,Ugys5tWAWumI3M2fbm14AaABAg,2026-04-21T17:11:33Z,1
E2_cut,Mubo_yVVwAg,Ugx8bPJmEfBPLgScgWl4AaABAg,2026-04-21T17:52:53Z,2
E2_cut,Mubo_yVVwAg,UgzDwZ6V8la_TzZfeV14AaABAg,2026-04-21T22:59:21Z,0
E2_cut,Mubo_yVVwAg,UgxGarDfY5ur3IXSEzt4AaABAg,2026-04-21T18:18:38Z,1
E2_cut,Mubo_yVVwAg,Ugy4FDvzyskgRPMlb0p4AaABAg,2026-04-21T17:38:22Z,1
E2_cut,Mubo_yVVwAg,UgwDapvD3e3gT6JjvZ94AaABAg,2026-04-21T17:44:59Z,1
E2_cut,Mubo_yVVwAg,UgwT3ITEb0oQa2XuP_t4AaABAg,2026-04-21T17:25:41Z,0
E2_cut,Mubo_yVVwAg,UgxscTh0oabrQcfvWTp4AaABAg,2026-04-21T16:41:32Z,3
E2_cut,Mubo_yVVwAg,UgwgycEBRWU3RHpUjjd4AaABAg,2026-04-21T17:17:38Z,0
E2_cut,Mubo_yVVwAg,UgzXrzyjpPxUFuBPWZp4AaABAg,2026-04-21T21:26:16Z,1
E2_cut,Mubo_yVVwAg,UgxuDZz0KRX42domjlB4AaABAg,2026-04-21T18:33:32Z,0
E2_cut,Mubo_yVVwAg,Ugy7DzTVeRmau1w59Nt4AaABAg,2026-04-21T16:41:28Z,2
E2_cut,Mubo_yVVwAg,UgynN17HxWMqXyNLF-d4AaABAg,2026-04-22T07:24:42Z,0
E2_cut,Mubo_yVVwAg,UgzwCPeMP5calc6n5rJ4AaABAg,2026-04-21T16:24:31Z,1
E2_cut,Mubo_yVVwAg,UgwZ3PYsOuIHn0QK28F4AaABAg,2026-04-21T16:57:27Z,2
E2_cut,Mubo_yVVwAg,Ugz6nOk5osnQSriBRNB4AaABAg,2026-04-21T16:56:48Z,1
E2_cut,Mubo_yVVwAg,Ugz7NLPwXbBI_HtqhJN4AaABAg,2026-04-21T18:08:28Z,3
E2_cut,Mubo_yVVwAg,Ugw6_dY_EjLYlQe46AV4AaABAg,2026-04-21T21:15:35Z,0
E2_cut,Mubo_yVVwAg,UgxQbk_Q9RXcytTzMI94AaABAg,2026-04-21T16:38:36Z,1
E2_cut,Mubo_yVVwAg,UgytC7Xy-DXZkZJKkgB4AaABAg,2026-04-22T01:14:09Z,1
E2_cut,Mubo_yVVwAg,UgyKf5dO07IQ_-FswVB4AaABAg,2026-04-21T18:38:08Z,0
E2_cut,Mubo_yVVwAg,Ugx3HSe6mUaSADp95bB4AaABAg,2026-04-21T17:40:37Z,0
E2_cut,Mubo_yVVwAg,UgyMxSMJI4OfmmI4Eul4AaABAg,2026-04-21T18:55:33Z,0
E2_cut,Mubo_yVVwAg,UgymAWvMWEJIxWuCjRZ4AaABAg,2026-04-21T22:28:15Z,0
E2_cut,Mubo_yVVwAg,UgwKodNKlvvY0S4GUb94AaABAg,2026-04-21T17:27:16Z,7
E2_cut,Mubo_yVVwAg,UgzCsky72kASCDd7hRx4AaABAg,2026-04-21T17:25:31Z,1
E2_cut,Mubo_yVVwAg,UgwEoJ6Jve32sFRhKat4AaABAg,2026-04-21T16:44:05Z,1
E2_cut,Mubo_yVVwAg,UgzVJJe5y-xf8Kj_EDV4AaABAg,2026-04-21T16:23:30Z,1
E2_cut,Mubo_yVVwAg,UgzLcnqxj_LI7pUVGXd4AaABAg,2026-04-21T16:26:59Z,1
E2_cut,Mubo_yVVwAg,UgxBeKKOaA9uzraac0d4AaABAg,2026-04-21T16:34:12Z,0
E2_cut,Mubo_yVVwAg,Ugy8AfkQeOV7V9SMO4V4AaABAg,2026-04-21T21:41:35Z,0
E2_cut,Mubo_yVVwAg,Ugxzn9rA1dWXDhjdDDh4AaABAg,2026-04-21T17:01:44Z,1
E2_cut,Mubo_yVVwAg,UgxKHFxV3S8p3yDGDXx4AaABAg,2026-04-21T18:50:11Z,1
E2_cut,Mubo_yVVwAg,UgzS_GLH4MluQeu8NWx4AaABAg,2026-04-21T17:45:09Z,0
E2_cut,Mubo_yVVwAg,Ugx_2K8MyftEapLUpwJ4AaABAg,2026-04-21T17:32:58Z,0
E2_cut,Mubo_yVVwAg,UgxcgqpZsuDt4ZcMe514AaABAg,2026-04-21T16:30:38Z,16
E2_cut,Mubo_yVVwAg,Ugw0n7MGX4yJceYxa7p4AaABAg,2026-04-21T18:38:03Z,0
E2_cut,Mubo_yVVwAg,UgyjhV312n4f6F5AO7x4AaABAg,2026-04-21T16:52:55Z,0
E2_cut,Mubo_yVVwAg,UgxRk216FmsQ3Z2lfXd4AaABAg,2026-04-21T17:15:27Z,0
E2_cut,Mubo_yVVwAg,Ugxf5Y_ktHAnh4hjUjd4AaABAg,2026-04-21T16:31:29Z,0
E2_cut,Mubo_yVVwAg,UgyCWkXBuyQ9-S9LRep4AaABAg,2026-04-21T17:39:58Z,0
E2_cut,Mubo_yVVwAg,UgwGB0jgFHlvHT-K0_N4AaABAg,2026-04-21T17:37:58Z,0
E2_cut,Mubo_yVVwAg,UgwuPCf_lR2idW5hFYd4AaABAg,2026-04-21T17:13:30Z,1
E2_cut,Mubo_yVVwAg,Ugwx-1u66qFqQrjguKl4AaABAg,2026-04-21T16:01:36Z,1
E2_cut,Mubo_yVVwAg,UgwI90Dd8-uv5H7zufh4AaABAg,2026-04-21T16:37:14Z,0
E2_cut,Mubo_yVVwAg,UgzXuwAM1bRFaKhthGB4AaABAg,2026-04-21T17:11:24Z,1
E2_cut,Mubo_yVVwAg,Ugwe9GV8R93phA9kLVp4AaABAg,2026-04-21T16:40:53Z,0
E2_cut,Mubo_yVVwAg,UgwOXmymZ3Cf-tTO-ct4AaABAg,2026-04-21T17:57:24Z,0
E2_cut,Mubo_yVVwAg,UgwPW0E0JzUbLbk5Vj54AaABAg,2026-04-22T01:29:16Z,0
E2_cut,Mubo_yVVwAg,UgxCUj0U5Scduigusdx4AaABAg,2026-04-21T18:47:32Z,0
E2_cut,Mubo_yVVwAg,Ugw6SSnux45tU68TpSt4AaABAg,2026-04-21T19:02:25Z,0
E2_cut,Mubo_yVVwAg,UgyS2LgibbBZkLB-31B4AaABAg,2026-04-21T18:49:08Z,0
E2_cut,Mubo_yVVwAg,Ugwt2E_yrX-WsSIOA_Z4AaABAg,2026-04-21T18:11:21Z,0
E2_cut,Mubo_yVVwAg,UgyArL4X3mIT1kUabxZ4AaABAg,2026-04-21T20:40:31Z,2
E2_cut,Mubo_yVVwAg,Ugxcv1_sWJenefzKly94AaABAg,2026-04-21T16:19:28Z,0
E2_cut,Mubo_yVVwAg,UgxZaekrmUKq1EQ1yDN4AaABAg,2026-04-21T19:53:36Z,1
E2_cut,Mubo_yVVwAg,UgwctKmde52u3RI080l4AaABAg,2026-04-21T16:41:54Z,0
E2_cut,Mubo_yVVwAg,Ugykzf22y-VzYSKM08p4AaABAg,2026-04-21T16:00:20Z,0
E2_cut,Mubo_yVVwAg,UgzFwcItTcBj-2edNgF4AaABAg,2026-04-21T18:05:08Z,0
E2_cut,Mubo_yVVwAg,UgyhvWK7Ou6A21Age6h4AaABAg,2026-04-21T17:32:19Z,0
E2_cut,Mubo_yVVwAg,Ugwufo7xtibN_QYIUFZ4AaABAg,2026-04-21T16:56:55Z,0
E2_cut,Mubo_yVVwAg,UgwzL7tltMd52agmo0B4AaABAg,2026-04-21T17:07:50Z,1
E2_cut,Mubo_yVVwAg,UgxoCTRfe0bsJtvP7px4AaABAg,2026-04-21T18:35:00Z,0
E2_cut,Mubo_yVVwAg,UgxBsCIkcazIfmdW8SR4AaABAg,2026-04-21T16:56:14Z,0
E2_cut,Mubo_yVVwAg,UgzCIPPGmGvQOxc4Lvh4AaABAg,2026-04-21T17:06:49Z,0
E2_cut,Mubo_yVVwAg,Ugw3UmW-PMecYG_Zrcx4AaABAg,2026-04-21T17:24:36Z,1
E2_cut,Mubo_yVVwAg,UgzX6GWMYzDUXg51Hs54AaABAg,2026-04-21T18:16:44Z,0
E2_cut,Mubo_yVVwAg,UgyvlbiL-MdZv-z7rVF4AaABAg,2026-04-21T16:36:22Z,10
E2_cut,Mubo_yVVwAg,UgxCqkUx28e2dsh7tu54AaABAg,2026-04-21T16:46:01Z,3
E2_cut,Mubo_yVVwAg,UgwxTvp8nps3DaDB7ZF4AaABAg,2026-04-21T16:20:21Z,6
E2_cut,Mubo_yVVwAg,UgymsCC37C7EB2qK1SN4AaABAg,2026-04-21T15:59:51Z,0
E2_cut,Mubo_yVVwAg,Ugxda2uAtwYyrMAsrAV4AaABAg,2026-04-21T17:28:43Z,5
E2_cut,Mubo_yVVwAg,UgziVBqxhMnKV_lyoV54AaABAg,2026-04-21T18:13:04Z,0
E2_cut,Mubo_yVVwAg,UgzPp_0q8PP5ne48abJ4AaABAg,2026-04-21T17:54:59Z,0
E2_cut,Mubo_yVVwAg,Ugxnm0AUlOk54frVvOR4AaABAg,2026-04-21T16:32:56Z,0
E2_cut,Mubo_yVVwAg,Ugx9lwWUwL1d9H96Ak94AaABAg,2026-04-21T16:17:50Z,18
E2_cut,Mubo_yVVwAg,Ugz4r9HFEFYYQn-uuUB4AaABAg,2026-04-21T16:20:48Z,0
E2_cut,Mubo_yVVwAg,Ugw1YaVGhCzmSkDwD8h4AaABAg,2026-04-21T16:35:11Z,0
E2_cut,Mubo_yVVwAg,UgxCIICBroz73gtELCh4AaABAg,2026-04-21T16:05:45Z,0
E2_cut,Mubo_yVVwAg,UgwfhGfNNcK2gTInmgF4AaABAg,2026-04-21T16:27:14Z,0
E2_cut,Mubo_yVVwAg,UgxcldoDNB9rGiKNjVt4AaABAg,2026-04-21T16:27:19Z,0
E2_cut,Mubo_yVVwAg,UgzhiII09QiZBNAp0uN4AaABAg,2026-04-21T16:50:44Z,2
E2_cut,Mubo_yVVwAg,Ugz8gGwqhAfxW_Iylmx4AaABAg,2026-04-21T18:08:31Z,1
E2_cut,Mubo_yVVwAg,UgwRtMNQsvMiwOOSjR94AaABAg,2026-04-21T17:12:05Z,1
E2_cut,Mubo_yVVwAg,UgykHmPvuTOcyD-Q96V4AaABAg,2026-04-21T20:06:19Z,0
E2_cut,Mubo_yVVwAg,UgwrabLeIwOcafaMM2Z4AaABAg,2026-04-21T23:34:33Z,0
E2_cut,Mubo_yVVwAg,Ugw0dwXl2ipPBGsnYcV4AaABAg,2026-04-21T17:54:16Z,0
E2_cut,Mubo_yVVwAg,Ugz8vlIxivRcPumnTHR4AaABAg,2026-04-21T17:59:11Z,0
E2_cut,Mubo_yVVwAg,UgxYo-cIID7fDe-4rQp4AaABAg,2026-04-21T17:57:03Z,0
E2_cut,Mubo_yVVwAg,UgxXA_0kicC4YWKSy3F4AaABAg,2026-04-21T18:52:58Z,0
E2_cut,Mubo_yVVwAg,UgxNz5CKaxfzgki2SwN4AaABAg,2026-04-21T19:16:05Z,1
E2_cut,Mubo_yVVwAg,UgxxPbC8Nbc0ZZNvCy94AaABAg,2026-04-21T16:14:22Z,0
E2_cut,Mubo_yVVwAg,Ugwu9eRemYfr9a1FIUp4AaABAg,2026-04-22T01:28:01Z,0
E2_cut,Mubo_yVVwAg,UgwDOlUaL5b1rMiIoWB4AaABAg,2026-04-21T18:16:26Z,1
E2_cut,Mubo_yVVwAg,Ugw057Eq9uqYZqqtY2R4AaABAg,2026-04-21T17:04:22Z,1
E2_cut,Mubo_yVVwAg,Ugwkeb2YRxzQpuSD3nl4AaABAg,2026-04-21T16:59:27Z,0
E2_cut,Mubo_yVVwAg,Ugy2S1Jh-iXVZXPy4d94AaABAg,2026-04-21T18:06:41Z,0
E2_cut,Mubo_yVVwAg,UgxRqy_5FVrdXK8PKdh4AaABAg,2026-04-22T12:50:35Z,0
E2_cut,Mubo_yVVwAg,UgzE3p9sV8bSqDmTBuV4AaABAg,2026-04-21T16:30:24Z,0
E2_cut,Mubo_yVVwAg,UgwOmzSdtxNXzT_vZ354AaABAg,2026-04-21T17:55:41Z,0
E2_cut,Mubo_yVVwAg,UgzTcx18gPJYMGsHt9x4AaABAg,2026-04-21T16:25:23Z,0
E2_cut,Mubo_yVVwAg,UgzWXFP-w1MYk9vY10t4AaABAg,2026-04-21T16:43:12Z,0
E2_cut,Mubo_yVVwAg,UgwaR0aHrEenpwmVj0F4AaABAg,2026-04-21T21:20:12Z,0
E2_cut,Mubo_yVVwAg,UgwuBEzKpZ2wcJHD0JF4AaABAg,2026-04-21T16:32:49Z,0
E2_cut,Mubo_yVVwAg,Ugxv85DgxQqK2DZdpXJ4AaABAg,2026-04-21T19:14:43Z,0
E2_cut,Mubo_yVVwAg,UgysOl8hTxQXBCASkTR4AaABAg,2026-04-21T20:21:53Z,0
E2_cut,Mubo_yVVwAg,UgxfxxvMGq_dL3SFFTJ4AaABAg,2026-04-21T20:51:13Z,0
E2_cut,Mubo_yVVwAg,UgwZCNhabpuSlsdfuxN4AaABAg,2026-04-21T16:17:16Z,0
E2_cut,Mubo_yVVwAg,UgzZbkSZi5tUgG_oedB4AaABAg,2026-04-21T17:19:10Z,0
E2_cut,Mubo_yVVwAg,UgxLmrOlbEodSOsQl_94AaABAg,2026-04-21T23:47:14Z,0
E2_cut,Mubo_yVVwAg,UgwSCyuycpMkb5l98YB4AaABAg,2026-05-19T18:15:16Z,0
E2_cut,Mubo_yVVwAg,UgzRpPz9svDVownYbOd4AaABAg,2026-04-21T16:31:06Z,0
E2_cut,Mubo_yVVwAg,Ugwj6Umlca1xG_lChtp4AaABAg,2026-04-21T21:19:45Z,0
E2_cut,Mubo_yVVwAg,UgxspS9clv2uScyWEmt4AaABAg,2026-04-21T16:28:56Z,0
E2_cut,Mubo_yVVwAg,UgzcK84KdR-gPNhSkcB4AaABAg,2026-04-21T16:38:16Z,0
E2_cut,Mubo_yVVwAg,UgyyGlcZy-LDPBenKOd4AaABAg,2026-04-21T23:40:43Z,0
E2_cut,Mubo_yVVwAg,UgzaOCOj7sV2NWv2W0N4AaABAg,2026-04-21T18:22:32Z,1
E2_cut,Mubo_yVVwAg,UgwKoY8q1Gymmc17sZ14AaABAg,2026-04-21T22:12:46Z,0
E2_cut,Mubo_yVVwAg,UgwQ4mTl8-tQ5Xx8bbh4AaABAg,2026-04-21T21:40:00Z,0
E2_cut,Mubo_yVVwAg,UgxDtsDGv5BzSbJb72d4AaABAg,2026-04-21T21:50:43Z,0
E2_cut,Mubo_yVVwAg,Ugz2nmVPmcekYxItWfh4AaABAg,2026-04-21T17:41:43Z,0
E2_cut,Mubo_yVVwAg,Ugzk0yzx5i13CeOCK6V4AaABAg,2026-04-21T18:30:14Z,0
E2_cut,Mubo_yVVwAg,Ugw1d2mrk_Dlagbm8_94AaABAg,2026-04-21T21:11:56Z,0
E2_cut,Mubo_yVVwAg,UgyrskhNrH41wQxybol4AaABAg,2026-04-21T19:20:56Z,1
E2_cut,Mubo_yVVwAg,UgwM4VrCRlpQTNFakYF4AaABAg,2026-04-21T19:28:53Z,0
E2_cut,Mubo_yVVwAg,Ugxnd8ejMm0eQ_zcnit4AaABAg,2026-04-22T02:09:40Z,0
E2_cut,Mubo_yVVwAg,UgwEGt9g4rxltHh_4xF4AaABAg,2026-04-21T20:44:52Z,0
E2_cut,Mubo_yVVwAg,UgxV9Xp4uYhNf1wveXR4AaABAg,2026-04-21T21:36:03Z,0
E2_cut,Mubo_yVVwAg,UgwlyWE4pkywJC4q90d4AaABAg,2026-04-21T19:32:17Z,0
E2_cut,Mubo_yVVwAg,UgzfPOLr8J4jkXpSgrp4AaABAg,2026-04-21T19:08:48Z,0
E2_cut,Mubo_yVVwAg,UgxiVQCr-YUl5QOwE0l4AaABAg,2026-04-21T17:59:33Z,0
E2_cut,Mubo_yVVwAg,UgyHa3lIdm0typwKFAh4AaABAg,2026-04-21T19:35:24Z,0
E2_cut,Mubo_yVVwAg,UgwnEGsrS9M0KhEyu6l4AaABAg,2026-04-21T17:24:18Z,0
E2_cut,Mubo_yVVwAg,Ugy8tnj9XLLIlQxYxeJ4AaABAg,2026-04-21T17:48:41Z,0
E2_cut,Mubo_yVVwAg,UgzBMdxYagIdquGhzDx4AaABAg,2026-04-21T18:11:38Z,0
E2_cut,Mubo_yVVwAg,Ugwe0ABYklrM6OevLT94AaABAg,2026-04-22T19:33:25Z,0
E2_cut,Mubo_yVVwAg,UgzClXNTf1ozUB_0dr14AaABAg,2026-04-21T18:02:24Z,0
E2_cut,Mubo_yVVwAg,Ugzr4Wv1Bwu747tyqJV4AaABAg,2026-04-21T17:42:27Z,0
E2_cut,Mubo_yVVwAg,Ugw1HxM6lawKS4V6B9l4AaABAg,2026-04-21T17:53:01Z,0
E2_cut,Mubo_yVVwAg,UgyrKQLvZBn37Ly022x4AaABAg,2026-04-21T16:35:41Z,0
E2_cut,Mubo_yVVwAg,Ugznor_edtMCWND8oLJ4AaABAg,2026-04-21T22:23:03Z,2
E2_cut,Mubo_yVVwAg,UgzjtrsDSkrCdLTneFR4AaABAg,2026-04-22T03:58:53Z,0
E2_cut,Mubo_yVVwAg,Ugyouz7mlWHUFlMM3Ml4AaABAg,2026-04-21T17:00:14Z,0
E2_cut,Mubo_yVVwAg,UgzxY9mRyDQpNkGHsb54AaABAg,2026-04-21T18:04:25Z,1
E2_cut,Mubo_yVVwAg,Ugy2V9rNrtz7TUVm_1J4AaABAg,2026-04-21T16:12:27Z,0
E2_cut,Mubo_yVVwAg,UgzSmkjt-8yqvBr_MRZ4AaABAg,2026-04-21T17:13:54Z,0
E2_cut,Mubo_yVVwAg,UgwfVVdn3CUtgdZxcp94AaABAg,2026-04-21T16:38:05Z,0
E2_cut,Mubo_yVVwAg,UgwqY-mfiAZate4PONF4AaABAg,2026-04-21T18:13:20Z,0
E2_cut,Mubo_yVVwAg,UgzX445lfQP0R-HpEeZ4AaABAg,2026-04-21T16:57:16Z,0
E2_cut,Mubo_yVVwAg,Ugx0xIE82Jr6O-bOzdZ4AaABAg,2026-04-21T19:47:57Z,0
E2_cut,Mubo_yVVwAg,UgwTnhQWvc522pRRzBN4AaABAg,2026-04-21T18:34:34Z,0
E2_cut,Mubo_yVVwAg,UgystF-YxhsvD2z8lLB4AaABAg,2026-04-21T18:08:44Z,0
E2_cut,Mubo_yVVwAg,UgzFqelACJcYEleyhFV4AaABAg,2026-04-22T23:37:56Z,0
E2_cut,Mubo_yVVwAg,UgzH40DYNUq2SSLxQ1x4AaABAg,2026-04-21T17:02:55Z,0
E2_cut,Mubo_yVVwAg,UgzX87MqA8OKlVW5IkB4AaABAg,2026-04-21T17:36:00Z,0
E2_cut,Mubo_yVVwAg,Ugw9p3wh_INBinC6WkV4AaABAg,2026-04-21T16:28:03Z,0
E2_cut,Mubo_yVVwAg,UgyTK8IbPZZj1yBuXGN4AaABAg,2026-04-21T20:34:11Z,0
E2_cut,Mubo_yVVwAg,Ugy72K59P9sEBgwcLS54AaABAg,2026-04-21T16:26:37Z,0
E2_cut,Mubo_yVVwAg,UgzIyx3IARL9BhGkCeV4AaABAg,2026-04-21T19:20:44Z,0
E2_cut,Mubo_yVVwAg,UgyCCwcNqt1UAd05-jd4AaABAg,2026-04-23T13:23:55Z,0
E2_cut,Mubo_yVVwAg,UgzNYk9oHsY_p-FhNad4AaABAg,2026-04-21T20:23:48Z,0
E2_cut,Mubo_yVVwAg,Ugy66dkNBEmaGwgCT7h4AaABAg,2026-04-21T17:46:48Z,0
E2_cut,Mubo_yVVwAg,UgwPTvskf9i4dFQSrUB4AaABAg,2026-04-21T17:36:38Z,0
E2_cut,Mubo_yVVwAg,UgxZSZJHnB6vvSFBsTR4AaABAg,2026-04-21T17:18:08Z,0
E2_cut,Mubo_yVVwAg,UgzzdZNIpZpTd2vjQcl4AaABAg,2026-04-21T17:07:12Z,0
E2_cut,Mubo_yVVwAg,UgwRV51aqDfEZNDZxDN4AaABAg,2026-04-21T18:12:18Z,0
E2_cut,Mubo_yVVwAg,UgzkbpylWwIizOfKysh4AaABAg,2026-04-21T19:14:17Z,0
E2_cut,Mubo_yVVwAg,UgwJFSPyGAX1DJcLsN54AaABAg,2026-04-21T16:19:45Z,5
E2_cut,Mubo_yVVwAg,Ugx0h8U4KnPOKmF9q8d4AaABAg,2026-04-21T16:01:31Z,6
E2_cut,Mubo_yVVwAg,UgxIW4giVoDv6KxNua94AaABAg,2026-04-21T16:24:19Z,7
E2_cut,Mubo_yVVwAg,Ugyc2CfGS9-fPRdf4aJ4AaABAg,2026-04-21T20:24:32Z,0
E2_cut,Mubo_yVVwAg,Ugym60KK4_Mv3nqoCs14AaABAg,2026-04-21T19:15:26Z,0
E2_cut,Mubo_yVVwAg,UgwsvFtx1zO-ZW4DQK54AaABAg,2026-04-21T21:04:22Z,0
E2_cut,Mubo_yVVwAg,Ugxfrea1AgWCF9oSqIB4AaABAg,2026-04-21T23:40:47Z,0
E2_cut,Mubo_yVVwAg,Ugx3BcdQMnvWaMSfYbR4AaABAg,2026-04-21T19:16:15Z,0
E2_cut,Mubo_yVVwAg,Ugx3tiOFhWtaomOAa894AaABAg,2026-04-21T21:11:33Z,0
E2_cut,Mubo_yVVwAg,Ugw9NflcR-kmWqGMscB4AaABAg,2026-04-21T16:43:56Z,0
E2_cut,Mubo_yVVwAg,UgyAgouFSpFGUMDBdGR4AaABAg,2026-04-21T18:57:45Z,0
E2_cut,Mubo_yVVwAg,UgyA5YELpGdESXd-WwB4AaABAg,2026-04-21T20:11:45Z,0
E2_cut,Mubo_yVVwAg,UgzEy1_RkBenjyQ6Cf14AaABAg,2026-04-21T21:45:17Z,0
E2_cut,Mubo_yVVwAg,UgzF5EPGDDccAvdnBdV4AaABAg,2026-04-21T18:34:11Z,0
E2_cut,Mubo_yVVwAg,UgwmLtVOd92O6EpwR9x4AaABAg,2026-04-21T19:19:13Z,0
E2_cut,Mubo_yVVwAg,Ugx6IZCqLnwWl5WiHD14AaABAg,2026-04-21T17:20:16Z,0
E2_cut,Mubo_yVVwAg,Ugy25OKe74kKCeT5P754AaABAg,2026-04-21T22:13:39Z,0
E2_cut,Mubo_yVVwAg,Ugz_r8g4MVsF691MEmt4AaABAg,2026-04-21T20:56:57Z,0
E2_cut,Mubo_yVVwAg,Ugz4kQ8WcGD1Owakpdd4AaABAg,2026-04-22T02:12:15Z,0
E2_cut,Mubo_yVVwAg,Ugyx6mbNuiecOv3a-ct4AaABAg,2026-04-21T16:00:51Z,13
E2_cut,Mubo_yVVwAg,UgydWjmclB0DBsjqlYl4AaABAg,2026-04-21T16:24:21Z,0
E2_cut,Mubo_yVVwAg,Ugzxh4q2uh8HsfqX4uZ4AaABAg,2026-04-21T17:44:17Z,0
E2_cut,Mubo_yVVwAg,Ugw5tYg25shulGCertt4AaABAg,2026-04-21T18:21:14Z,0
E2_cut,Mubo_yVVwAg,UgwFPIb66yEMnBsJo6l4AaABAg,2026-04-21T16:23:46Z,0
E2_cut,Mubo_yVVwAg,Ugz6XRneFA5r_Lc-5YJ4AaABAg,2026-04-21T18:27:43Z,0
E2_cut,Mubo_yVVwAg,Ugx4l1p0WHINJXOoMFV4AaABAg,2026-04-21T17:46:11Z,0
E2_cut,Mubo_yVVwAg,UgzTSsqHS83M1nmS69p4AaABAg,2026-04-21T17:01:00Z,0
E2_cut,Mubo_yVVwAg,UgzJV4aAk_ISCHYgCXJ4AaABAg,2026-04-21T23:52:26Z,0
E2_cut,Mubo_yVVwAg,UgxZParef3I9cZfm6Qd4AaABAg,2026-04-21T17:06:02Z,0
E2_cut,Mubo_yVVwAg,Ugxsaswe58-oEksK6Jx4AaABAg,2026-04-21T16:35:50Z,0
E2_cut,Mubo_yVVwAg,Ugx901bnEktPARElrj54AaABAg,2026-04-21T16:46:08Z,0
E2_cut,Mubo_yVVwAg,UgwEArBjq3X1ZdNPral4AaABAg,2026-04-21T19:08:16Z,0
E2_cut,Mubo_yVVwAg,Ugx_rtgX15d7ysYn0D14AaABAg,2026-04-21T18:59:14Z,0
E2_cut,Mubo_yVVwAg,UgyeIKJ8oBQmzTnBJDd4AaABAg,2026-04-21T17:32:29Z,0
E2_cut,Mubo_yVVwAg,UgymWg5bU4Imy4ipXgV4AaABAg,2026-04-21T19:06:39Z,0
E2_cut,Mubo_yVVwAg,UgwDx9Pux-mbBINjkhl4AaABAg,2026-04-21T18:10:04Z,0
E2_cut,Mubo_yVVwAg,UgzxD1dlTf2xT6w46xN4AaABAg,2026-04-21T16:22:42Z,0
E2_cut,Mubo_yVVwAg,UgwgSRGSczYHJ-1Mdf94AaABAg,2026-04-21T16:45:57Z,0
E2_cut,Mubo_yVVwAg,Ugwh5vbEFiXvkYeGA7p4AaABAg,2026-04-21T18:33:47Z,0
E2_cut,Mubo_yVVwAg,UgxzfhvZqsQmi1LMd7J4AaABAg,2026-04-21T16:36:23Z,0
E2_cut,Mubo_yVVwAg,Ugx4Kvt-CsgwknNFwXJ4AaABAg,2026-04-21T19:00:25Z,0
E2_cut,Mubo_yVVwAg,UgzMOWa-e9lPMDXR_Jl4AaABAg,2026-04-21T18:48:57Z,0
E2_cut,Mubo_yVVwAg,UgyU0K-FOegvON1hsf14AaABAg,2026-04-21T16:29:31Z,0
E2_cut,Mubo_yVVwAg,UgykEylpA7u6iPpNEsB4AaABAg,2026-04-21T23:06:15Z,0
E2_cut,Mubo_yVVwAg,UgzlRi3oHSRlJNt_LSt4AaABAg,2026-04-22T12:26:03Z,0
E2_cut,Mubo_yVVwAg,UgzwwGpwhv4BujRJinh4AaABAg,2026-04-21T16:00:01Z,3
E2_cut,Mubo_yVVwAg,UgyPaF3nHSqC1QCAndt4AaABAg,2026-04-22T02:08:35Z,0
E2_cut,Mubo_yVVwAg,UgxG1qsFEud8wOSDVBR4AaABAg,2026-04-21T17:23:08Z,0
E2_cut,Mubo_yVVwAg,UgzFHpURR7EKJtvH7Fd4AaABAg,2026-04-22T04:40:07Z,0
E2_cut,Mubo_yVVwAg,UgzouFG90qMyRT40PU14AaABAg,2026-04-21T17:57:20Z,6
E2_cut,Mubo_yVVwAg,UgzTSZB_3RlZyvgAaPx4AaABAg,2026-04-21T17:23:21Z,0
E2_cut,Mubo_yVVwAg,Ugzox8oCuQPLziaQgkl4AaABAg,2026-04-21T19:42:47Z,0
E2_cut,Mubo_yVVwAg,Ugyi9j9cTEFPbOZUDgZ4AaABAg,2026-04-21T18:31:44Z,0
E2_cut,Mubo_yVVwAg,UgyJ4r636jgBVT0cTgp4AaABAg,2026-04-21T19:35:07Z,0
E2_cut,Mubo_yVVwAg,UgxK9ifVOOrrEGTNVph4AaABAg,2026-04-21T18:41:18Z,0
E2_cut,Mubo_yVVwAg,UgzL-vdIqxTwEFTn7Cx4AaABAg,2026-04-21T17:25:05Z,0
E2_cut,Mubo_yVVwAg,UgxsfWQcnnVXM01TW-p4AaABAg,2026-04-21T16:57:07Z,0
E2_cut,Mubo_yVVwAg,UgwB6qx2RzJ3H3BSO3B4AaABAg,2026-04-22T14:45:24Z,0
E2_cut,Mubo_yVVwAg,UgxDdLKUYX68OpMzDJh4AaABAg,2026-04-21T16:57:43Z,0
E2_cut,Mubo_yVVwAg,UgxGCf9a_xJ3hblVl2l4AaABAg,2026-04-21T17:09:04Z,0
E2_cut,Mubo_yVVwAg,Ugw107VRB4YUNCtSa-14AaABAg,2026-04-21T19:43:49Z,0
E2_cut,Mubo_yVVwAg,Ugw7RMcsREcVUVKD5794AaABAg,2026-04-21T16:29:52Z,13
E2_cut,Mubo_yVVwAg,UgxfJGyxNI0exc-bmll4AaABAg,2026-04-21T20:40:57Z,0
E2_cut,Mubo_yVVwAg,UgzRfnvyCWLdZ5-CgZ54AaABAg,2026-04-21T23:00:11Z,0
E2_cut,Mubo_yVVwAg,Ugze4ihOsejlq0fHJbF4AaABAg,2026-04-22T01:48:00Z,0
E2_cut,Mubo_yVVwAg,UgxjFTQuRrTZ2v0RjKt4AaABAg,2026-04-21T19:58:28Z,0
E2_cut,Mubo_yVVwAg,Ugy3PPWQyvCPuEhqzBB4AaABAg,2026-04-21T22:47:13Z,0
E2_cut,Mubo_yVVwAg,UgwaBl8_zrLI0e2RMEB4AaABAg,2026-04-21T17:57:38Z,0
E2_cut,Mubo_yVVwAg,UgzOmBsEJpzQEEaict14AaABAg,2026-04-21T16:01:47Z,2
E2_cut,Mubo_yVVwAg,UgxjYXFQSp3H4aMGPWt4AaABAg,2026-04-21T18:57:43Z,0
E2_cut,Mubo_yVVwAg,Ugy4ZvkvD8DuSEhbjHt4AaABAg,2026-04-21T17:56:35Z,0
E2_cut,Mubo_yVVwAg,UgxIqyRGiE5n_iLSsU94AaABAg,2026-04-21T17:29:09Z,0
E2_cut,Mubo_yVVwAg,UgzweZsGSkdFq8cBhLJ4AaABAg,2026-04-22T06:32:16Z,0
E2_cut,Mubo_yVVwAg,Ugz8Zx3SH4EtJ5ux46h4AaABAg,2026-04-22T15:59:54Z,0
E2_cut,Mubo_yVVwAg,Ugy7q336dCJPi6cpM-t4AaABAg,2026-04-21T16:00:40Z,9
E2_cut,Mubo_yVVwAg,Ugzpz0Lb6U-x4I-AI_F4AaABAg,2026-04-21T19:10:55Z,0
E2_cut,Mubo_yVVwAg,Ugw0Gu4RBLSf9-RpV4B4AaABAg,2026-04-21T20:48:27Z,0
E2_cut,Mubo_yVVwAg,UgxfCCSE0Utxle9Fupl4AaABAg,2026-04-21T16:42:37Z,0
E2_cut,Mubo_yVVwAg,Ugwjo3v1lQf3fpe152B4AaABAg,2026-04-21T16:46:47Z,0
E2_cut,Mubo_yVVwAg,UgzDVNFILp5MVhvlUDl4AaABAg,2026-04-21T21:43:57Z,0
E2_cut,Mubo_yVVwAg,UgztnkX4Kti2ba4b8ER4AaABAg,2026-04-21T16:59:53Z,0
E2_cut,Mubo_yVVwAg,UgxVdVeiHi_pFZlDwFl4AaABAg,2026-04-21T16:31:10Z,0
E2_cut,Mubo_yVVwAg,UgzbC_WIWfg9oUaCfh94AaABAg,2026-04-21T22:46:57Z,0
E2_cut,Mubo_yVVwAg,UgwZoyYg1e74CUhISIh4AaABAg,2026-04-21T16:57:29Z,0
E2_cut,Mubo_yVVwAg,UgwKaFHLpCyRWOxredd4AaABAg,2026-04-21T16:40:20Z,0
E2_cut,Mubo_yVVwAg,UgzJtXcdHqri2zV9bpt4AaABAg,2026-04-21T18:10:10Z,0
E2_cut,Mubo_yVVwAg,Ugw-l7OXauOgFPWu2gB4AaABAg,2026-04-21T16:25:13Z,2
E2_cut,Mubo_yVVwAg,UgwPK976mLNEEWy2tJR4AaABAg,2026-04-21T18:13:19Z,0
E2_cut,Mubo_yVVwAg,Ugwoq-nH3-tY2dqn4WN4AaABAg,2026-04-21T20:09:35Z,0
E2_cut,Mubo_yVVwAg,UgyLhquHV_VKyVfhI6F4AaABAg,2026-04-21T16:22:10Z,0
E2_cut,Mubo_yVVwAg,Ugx8BBsc-O18NJIVdyN4AaABAg,2026-04-21T16:00:55Z,0
E2_cut,Mubo_yVVwAg,Ugy5rMTfWhhqexMF1sl4AaABAg,2026-04-21T18:46:51Z,0
E2_cut,Mubo_yVVwAg,UgybWyhFtrkdnSTE54Z4AaABAg,2026-04-21T17:47:18Z,0
E2_cut,Mubo_yVVwAg,UgyeOa3ZS6i1JfMcHat4AaABAg,2026-04-21T23:09:01Z,0
E2_cut,Mubo_yVVwAg,UgzTlLK-edNq5ikB0cR4AaABAg,2026-04-21T18:17:13Z,0
E2_cut,Mubo_yVVwAg,Ugy57IM_gR-KqxCIu_J4AaABAg,2026-04-21T18:40:32Z,0
E2_cut,Mubo_yVVwAg,Ugx3EZnaE6VQ3kKTs2V4AaABAg,2026-04-21T19:14:59Z,0
E2_cut,Mubo_yVVwAg,Ugy0x3dNaZrAoLXJquZ4AaABAg,2026-04-21T16:51:47Z,0
E2_cut,Mubo_yVVwAg,UgxuXQt5wuJq2xI3XQB4AaABAg,2026-04-21T17:38:30Z,0
E2_cut,Mubo_yVVwAg,UgzdE0xmC0VZr1gdsM14AaABAg,2026-04-21T16:23:13Z,0
E2_cut,Mubo_yVVwAg,UgzaNhlUdBbt-8epLXJ4AaABAg,2026-04-22T03:54:55Z,0
E2_cut,Mubo_yVVwAg,UgwhoX4U8RY9tejA9Ad4AaABAg,2026-04-21T19:23:31Z,0
E2_cut,Mubo_yVVwAg,UgyxUQ7MKIIaVW3iAud4AaABAg,2026-04-21T19:09:49Z,0
E2_cut,Mubo_yVVwAg,UgzSnh13oPFEnWxwXpR4AaABAg,2026-04-21T18:17:13Z,0
E2_cut,Mubo_yVVwAg,UgxoXt2hVRd5yPxfRft4AaABAg,2026-04-21T17:56:08Z,0
E2_cut,Mubo_yVVwAg,UgyMT9kvEyXR_dw9SNR4AaABAg,2026-04-21T16:55:03Z,0
E2_cut,Mubo_yVVwAg,UgxuXhED0EAZ6xNJk5B4AaABAg,2026-04-21T16:39:06Z,1
E2_cut,Mubo_yVVwAg,UgwWZzfGobu_uyFjUkV4AaABAg,2026-04-21T18:14:44Z,0
E2_cut,Mubo_yVVwAg,Ugxsi-kg2iy6AWkX9qx4AaABAg,2026-04-21T22:10:11Z,0
E2_cut,Mubo_yVVwAg,UgxY69A5bTcy9z0Ss3B4AaABAg,2026-04-21T21:24:18Z,0
E2_cut,Mubo_yVVwAg,UgyDcr1vP3H8Scs-rH94AaABAg,2026-04-26T23:57:25Z,0
E2_cut,Mubo_yVVwAg,UgyHUAAjEVwtNv6023B4AaABAg,2026-04-21T22:11:33Z,0
E2_cut,Mubo_yVVwAg,Ugyzhmp-sCEFL1B_4jR4AaABAg,2026-04-21T21:31:31Z,0
E2_cut,Mubo_yVVwAg,Ugw0T7_sTVak-R2D3UB4AaABAg,2026-04-21T20:49:35Z,0
E2_cut,Mubo_yVVwAg,UgyoQqvdU8OIzBNER6Z4AaABAg,2026-04-22T14:45:14Z,0
E2_cut,Mubo_yVVwAg,UgxSE7BeByrSPlecHD54AaABAg,2026-04-21T18:03:56Z,0
E2_cut,Mubo_yVVwAg,UgyZAgceIAVigdD_1Fl4AaABAg,2026-04-21T18:29:06Z,0
E2_cut,Mubo_yVVwAg,UgyDDhIUdTj8lP_yuXN4AaABAg,2026-04-21T21:23:26Z,0
E2_cut,Mubo_yVVwAg,Ugz5P975rJRwuNwzxk54AaABAg,2026-04-22T06:58:47Z,0
E2_cut,Mubo_yVVwAg,UgyaQz-ZNHydhHq1WEJ4AaABAg,2026-04-21T21:59:58Z,0
E2_cut,Mubo_yVVwAg,UgxEv4E_0B89C5CZOol4AaABAg,2026-04-22T00:08:26Z,0
E2_cut,Mubo_yVVwAg,UgygHPWYegYwzM1sShx4AaABAg,2026-04-21T22:18:57Z,0
E2_cut,Mubo_yVVwAg,Ugyecywe5JUtMgX32Ch4AaABAg,2026-04-22T10:45:30Z,0
E2_cut,Mubo_yVVwAg,UgxL0tvKlwGCFFYn3Rt4AaABAg,2026-04-21T17:00:57Z,0
E2_cut,Mubo_yVVwAg,UgyNvVzFx79A6y_2_LV4AaABAg,2026-04-21T17:53:33Z,0
E2_cut,Mubo_yVVwAg,UgzUzOsQRaEjwk1xSAx4AaABAg,2026-04-21T19:19:54Z,2
E2_cut,Mubo_yVVwAg,Ugx_AT4WMpCVnE8LeBd4AaABAg,2026-04-21T16:09:45Z,0
E2_cut,Mubo_yVVwAg,UgyD7VAKTM3uSHtDL0J4AaABAg,2026-04-21T16:13:47Z,0
E2_cut,Mubo_yVVwAg,Ugy5GuphhVJvcHr9TXt4AaABAg,2026-04-21T23:11:36Z,0
E2_cut,Mubo_yVVwAg,UgyJv-O1Lh3g6l_-kXx4AaABAg,2026-04-21T19:13:14Z,0
E2_cut,Mubo_yVVwAg,Ugw7xUxXGN0rbuv06ah4AaABAg,2026-04-21T16:41:10Z,0
E2_cut,Mubo_yVVwAg,UgzkSL3X9ZQzn7e6lup4AaABAg,2026-04-21T19:36:40Z,0
E2_cut,Mubo_yVVwAg,UgytQEEnrJTlmMs7eT94AaABAg,2026-04-21T16:45:33Z,0
E2_cut,Mubo_yVVwAg,Ugzc3MuEgYrr2l_hynN4AaABAg,2026-04-21T19:59:20Z,0
E2_cut,Mubo_yVVwAg,UgxTKztXl9igcUd4Acl4AaABAg,2026-04-21T19:10:12Z,0
E2_cut,Mubo_yVVwAg,UgyLRFM4pDbs_h3hzSF4AaABAg,2026-04-22T10:25:46Z,0
E2_cut,Mubo_yVVwAg,UgyEPlclXEVAOIO_Feh4AaABAg,2026-04-23T14:51:30Z,0
E2_cut,Mubo_yVVwAg,Ugy3cM88jCOfXnNc1JR4AaABAg,2026-04-21T19:36:34Z,0
E2_cut,Mubo_yVVwAg,Ugyu8UECyhSB5CLZopx4AaABAg,2026-04-21T16:26:50Z,0
E2_cut,Mubo_yVVwAg,UgyoyP78ziy6UkRC7Al4AaABAg,2026-04-21T19:13:50Z,0
E2_cut,Mubo_yVVwAg,Ugxy6zxQvv21oSRF5DZ4AaABAg,2026-04-22T04:24:00Z,0
E2_cut,Mubo_yVVwAg,UgziJmO9m-1g6F8j-Ip4AaABAg,2026-04-21T17:35:38Z,0
E2_cut,Mubo_yVVwAg,Ugxr_ukICTkGDNTsVx94AaABAg,2026-04-21T18:56:39Z,0
E2_cut,Mubo_yVVwAg,Ugw8rb0QMswKqa-VkXl4AaABAg,2026-04-22T06:51:08Z,0
E2_cut,Mubo_yVVwAg,Ugy6XwWxN5god7InzMN4AaABAg,2026-04-21T16:42:36Z,0
E2_cut,Mubo_yVVwAg,UgyJgYcGJx91lfLiNS14AaABAg,2026-04-21T17:09:44Z,0
E2_cut,Mubo_yVVwAg,UgymcwGgaFBgo4vijft4AaABAg,2026-04-21T23:43:51Z,0
E2_cut,Mubo_yVVwAg,Ugy4kOxey6OV6FkPIwZ4AaABAg,2026-04-21T20:58:28Z,0
E2_cut,Mubo_yVVwAg,Ugz87RmMuWX9SQJ45VV4AaABAg,2026-04-22T11:47:29Z,0
E2_cut,Mubo_yVVwAg,UgwHA4JwHKaFt0ydGht4AaABAg,2026-04-21T21:18:17Z,0
E2_cut,Mubo_yVVwAg,UgyL5Y5HDqgPjbj4rY14AaABAg,2026-04-21T20:25:10Z,0
E2_cut,Mubo_yVVwAg,Ugxajr_cCLnAoIo0h3l4AaABAg,2026-04-21T19:38:27Z,0
E2_cut,Mubo_yVVwAg,Ugz-njVN-K2puhokLWl4AaABAg,2026-04-21T21:08:06Z,0
E2_cut,Mubo_yVVwAg,UgxbEj8IvKO4gUGx6p94AaABAg,2026-04-21T19:03:52Z,0
E2_cut,Mubo_yVVwAg,UgxkQjU-VYNNcnZp5NF4AaABAg,2026-04-21T20:08:12Z,0
E2_cut,Mubo_yVVwAg,UgwyzQxEiUej3Z1w9yx4AaABAg,2026-04-21T18:26:35Z,0
E2_cut,Mubo_yVVwAg,Ugyq1i6HnX2Cn4Ro-at4AaABAg,2026-04-27T11:24:49Z,0
E2_cut,Mubo_yVVwAg,UgyWE1luRZe0Z8u1CCF4AaABAg,2026-04-21T16:32:49Z,0
E2_cut,Mubo_yVVwAg,UgxNjojT2hy52R7vONl4AaABAg,2026-04-21T23:19:48Z,0
E2_cut,Mubo_yVVwAg,UgxiwRA9Zx03EFJzAsZ4AaABAg,2026-04-21T19:57:03Z,0
E2_cut,Mubo_yVVwAg,UgwMLDqeBayLfO0WUDh4AaABAg,2026-04-21T16:21:50Z,0
E2_cut,Mubo_yVVwAg,UgwfBUhtMa1pYXWxOll4AaABAg,2026-04-21T20:20:07Z,0
E2_cut,Mubo_yVVwAg,UgzDe-gyInaGTkS5iGN4AaABAg,2026-04-21T18:36:58Z,0
E2_cut,Mubo_yVVwAg,Ugy0P2XXxUJ2ZwhxhQB4AaABAg,2026-04-21T20:35:43Z,0
E2_cut,Mubo_yVVwAg,UgwubUG-T4E0hYcEnSF4AaABAg,2026-04-21T16:53:02Z,6
E2_cut,Mubo_yVVwAg,UgxvOmLhJzQHR1eY9hN4AaABAg,2026-04-21T19:36:31Z,0
E2_cut,Mubo_yVVwAg,UgzR50iaZORxNWEeURt4AaABAg,2026-04-21T18:45:51Z,0
E2_cut,Mubo_yVVwAg,UgynpypDv1oPTqaMlWZ4AaABAg,2026-04-21T17:51:46Z,0
E2_cut,Mubo_yVVwAg,UgzDQ1ZpUWu6oc6SPeN4AaABAg,2026-04-21T19:46:01Z,0
E2_cut,Mubo_yVVwAg,UgyXn4UTt0_iJWvcA1J4AaABAg,2026-04-21T17:11:18Z,3
E2_cut,Mubo_yVVwAg,UgzN7nGz55Br_9sdm4x4AaABAg,2026-04-21T17:34:14Z,0
E2_cut,Mubo_yVVwAg,UgzXavs5mgh0NrFm1M94AaABAg,2026-04-21T16:19:21Z,3
E2_cut,Mubo_yVVwAg,UgwkuNxHPjcrLfk2-hR4AaABAg,2026-04-21T22:09:48Z,0
E2_cut,Mubo_yVVwAg,UgyWMi-h7VEVmn5lYsx4AaABAg,2026-04-21T18:03:47Z,0
E2_cut,Mubo_yVVwAg,Ugxg8Cr0UZYGemdzaKN4AaABAg,2026-04-21T20:42:02Z,0
E2_cut,Mubo_yVVwAg,UgwIDw1ker5kKXtgsPZ4AaABAg,2026-04-21T16:06:10Z,0
E2_cut,Mubo_yVVwAg,Ugwly341M3pDRoXHtxJ4AaABAg,2026-04-21T19:00:14Z,0
E2_cut,Mubo_yVVwAg,UgwMn7JeEJ9LRLkXtp14AaABAg,2026-04-21T17:22:16Z,0
E2_cut,Mubo_yVVwAg,Ugzb0Ld3LhhwvmljWzN4AaABAg,2026-04-21T21:17:54Z,0
E2_cut,Mubo_yVVwAg,UgxYExg7AUnRIAL9PGV4AaABAg,2026-04-21T20:48:06Z,0
E2_cut,Mubo_yVVwAg,UgwnoRPXWJNslrWeJvl4AaABAg,2026-04-21T17:48:15Z,0
E2_cut,Mubo_yVVwAg,Ugyi7pslfhMwGbX9hlR4AaABAg,2026-04-21T16:35:50Z,0
E2_cut,Mubo_yVVwAg,UgzJiCJPYpLKkJ9jYcN4AaABAg,2026-05-07T01:49:30Z,0
E2_cut,Mubo_yVVwAg,UgwRP0dJ-WfL6yztgCJ4AaABAg,2026-08-29T02:00:07Z,0
E2_cut,Mubo_yVVwAg,UgwemJ_1U1vwM6fWzd94AaABAg,2026-04-21T17:37:48Z,0
E2_cut,Mubo_yVVwAg,UgzfwT6NQOIHARTaROl4AaABAg,2026-04-21T19:20:57Z,0
E2_cut,Mubo_yVVwAg,UgzS8quZFXXL2NrZcNZ4AaABAg,2026-04-21T19:29:45Z,1
E2_cut,Mubo_yVVwAg,UgyQn4AKEto7V80pKZB4AaABAg,2026-04-21T16:05:19Z,3
E2_cut,Mubo_yVVwAg,UgzUFm7hg6UA1otBEu94AaABAg,2026-04-21T21:07:01Z,1
E2_cut,Mubo_yVVwAg,UgzE7sN8Eyj6gRLxLzt4AaABAg,2026-04-21T17:01:07Z,2
E2_cut,Mubo_yVVwAg,UgywSFeK0hlU3kOzFCh4AaABAg,2026-04-21T20:19:51Z,0
E2_cut,Mubo_yVVwAg,Ugy5S1lvqHJ9IbFT03J4AaABAg,2026-04-21T17:11:14Z,0
E2_cut,Mubo_yVVwAg,UgzHtvgoIR_Lxg_bliN4AaABAg,2026-04-21T19:08:29Z,0
E2_cut,Mubo_yVVwAg,UgzdscUvtQIWZDfVQQ54AaABAg,2026-04-21T17:58:23Z,0
E2_cut,Mubo_yVVwAg,UgwMASHNCF2tdJZoTJR4AaABAg,2026-04-21T18:41:11Z,0
E2_cut,Mubo_yVVwAg,UgyLFJ4OZ5Rmi5mSYBp4AaABAg,2026-04-21T20:30:35Z,0
E2_cut,Mubo_yVVwAg,Ugy90_2TdcKK-DBvPnd4AaABAg,2026-04-21T21:56:48Z,1
E2_cut,Mubo_yVVwAg,UgwlrJl3fP9vOv0dUWx4AaABAg,2026-04-21T16:43:05Z,0
E2_cut,Mubo_yVVwAg,UgzDJXhjm5y1LFTCUwB4AaABAg,2026-04-21T19:03:47Z,0
E2_cut,Mubo_yVVwAg,UgwDx3pbDTidkHr5AoF4AaABAg,2026-04-21T19:00:39Z,0
E2_cut,WW5hl1fo0Pw,UgzX-4Yc5R3d3trwMYJ4AaABAg,2026-04-21T17:55:09Z,20
E2_cut,WW5hl1fo0Pw,UgxbhpNCX9z08zuan9Z4AaABAg,2026-04-21T17:56:23Z,50
E2_cut,WW5hl1fo0Pw,UgzUF5LrdaFNAvkp24d4AaABAg,2026-04-21T21:03:45Z,17
E2_cut,WW5hl1fo0Pw,Ugw1K0mMHzhLOIXbEIB4AaABAg,2026-04-21T18:11:49Z,23
E2_cut,WW5hl1fo0Pw,UgycYeSseYOOxlkiDuJ4AaABAg,2026-04-21T19:05:15Z,43
E2_cut,WW5hl1fo0Pw,Ugy5u6LsQRDqk2osVxt4AaABAg,2026-04-21T19:36:57Z,18
E2_cut,WW5hl1fo0Pw,UgwEtGeilH4OK5d7_pN4AaABAg,2026-04-21T18:00:42Z,8
E2_cut,WW5hl1fo0Pw,Ugw4QXpaWHL9HJBlpo94AaABAg,2026-04-21T18:30:18Z,9
E2_cut,WW5hl1fo0Pw,UgxqjW-qGoEqxbSPIed4AaABAg,2026-04-22T01:03:07Z,4
E2_cut,WW5hl1fo0Pw,UgzLlHPKgppdAKmkDYp4AaABAg,2026-04-22T18:33:49Z,3
E2_cut,WW5hl1fo0Pw,UgwxVzQRv8whuIhHKS54AaABAg,2026-04-22T01:04:13Z,4
E2_cut,WW5hl1fo0Pw,UgxJBylue2etTocKaiR4AaABAg,2026-04-22T09:13:59Z,3
E2_cut,WW5hl1fo0Pw,UgxdtH90b8Wf9vfW6TR4AaABAg,2026-04-22T03:49:42Z,1
E2_cut,WW5hl1fo0Pw,UgxrzJ-8p2-QB2qWH694AaABAg,2026-04-22T00:12:34Z,1
E2_cut,WW5hl1fo0Pw,UgyX0xsyqbaZXcUQudx4AaABAg,2026-04-21T18:00:02Z,2
E2_cut,WW5hl1fo0Pw,Ugwop0z1PF1rAWnuk0h4AaABAg,2026-04-21T18:59:02Z,5
E2_cut,WW5hl1fo0Pw,UgzjLs6etSBbCxUaI6Z4AaABAg,2026-04-21T19:21:37Z,2
E2_cut,WW5hl1fo0Pw,UgxaNi--UV5hm2IU2J94AaABAg,2026-04-21T23:37:33Z,1
E2_cut,WW5hl1fo0Pw,UgztzGrgbq-pUHKgRJJ4AaABAg,2026-04-22T00:15:34Z,1
E2_cut,WW5hl1fo0Pw,UgxTQxm9GhxloPxKHu94AaABAg,2026-04-21T22:00:06Z,2
E2_cut,WW5hl1fo0Pw,Ugx17b_KnZ7FG2hvHQF4AaABAg,2026-04-21T18:25:41Z,3
E2_cut,WW5hl1fo0Pw,UgxpyWQ5dmm3WuH15bZ4AaABAg,2026-04-21T19:58:13Z,2
E2_cut,WW5hl1fo0Pw,UgyQUfOqatb7FR6ebm54AaABAg,2026-04-22T06:25:38Z,0
E2_cut,WW5hl1fo0Pw,Ugxehb-UEt8UKG5dzWt4AaABAg,2026-04-21T18:30:47Z,2
E2_cut,WW5hl1fo0Pw,UgzvYEjkb6wmP5vbpF94AaABAg,2026-04-21T19:32:17Z,2
E2_cut,WW5hl1fo0Pw,UgwuT2LHdlFxgUd3RBx4AaABAg,2026-04-21T17:53:25Z,9
E2_cut,WW5hl1fo0Pw,UgyMDKZ8r1wqwI9U63h4AaABAg,2026-04-21T18:33:12Z,2
E2_cut,WW5hl1fo0Pw,UgzxgB3deb-Rt06oWu14AaABAg,2026-04-21T18:32:46Z,34
E2_cut,WW5hl1fo0Pw,Ugw9MRFyVfLVQNZSr3p4AaABAg,2026-04-22T02:41:53Z,0
E2_cut,WW5hl1fo0Pw,UgwIgg9JAuwQgOA6fup4AaABAg,2026-04-22T03:06:20Z,0
E2_cut,WW5hl1fo0Pw,Ugw35pdGa6SJMB54-kh4AaABAg,2026-04-21T23:33:43Z,0
E2_cut,WW5hl1fo0Pw,Ugx5jJKEFgddCrJqNz14AaABAg,2026-04-22T06:00:28Z,1
E2_cut,WW5hl1fo0Pw,UgyiObnQ_dAQIdfzeTx4AaABAg,2026-04-21T19:48:53Z,0
E2_cut,WW5hl1fo0Pw,UgxbeAFeEq9mALMI8bN4AaABAg,2026-04-22T01:56:12Z,1
E2_cut,WW5hl1fo0Pw,UgxpwtFAu3rM7lf1k9l4AaABAg,2026-04-21T18:02:14Z,3
E2_cut,WW5hl1fo0Pw,Ugyo0fjc_SUUYvq8-RN4AaABAg,2026-04-21T19:34:28Z,1
E2_cut,WW5hl1fo0Pw,UgwwvA6el9lhU8KRR-x4AaABAg,2026-04-22T02:44:23Z,0
E2_cut,WW5hl1fo0Pw,UgzQz_kubllz7bMZ0HN4AaABAg,2026-04-21T20:35:40Z,0
E2_cut,WW5hl1fo0Pw,UgwToOvuASaDSsxuFfF4AaABAg,2026-04-21T19:14:10Z,0
E2_cut,WW5hl1fo0Pw,UgxERR-YoEboL2DctlR4AaABAg,2026-04-21T19:43:22Z,0
E2_cut,WW5hl1fo0Pw,Ugz3qd_wRs583qqqsJl4AaABAg,2026-04-22T06:52:38Z,0
E2_cut,WW5hl1fo0Pw,Ugz6586p6ChEoFy6dn54AaABAg,2026-04-22T06:07:08Z,0
E2_cut,WW5hl1fo0Pw,UgwiCWsM3phVVcb_fMN4AaABAg,2026-04-21T18:46:38Z,3
E2_cut,WW5hl1fo0Pw,UgzjZgdfCVqrdKlAZZB4AaABAg,2026-04-22T00:13:47Z,1
E2_cut,WW5hl1fo0Pw,Ugyf-PdLWlLTrAdSOCt4AaABAg,2026-04-21T19:47:13Z,1
E2_cut,WW5hl1fo0Pw,UgyKzBqcmRLnY6Z41c94AaABAg,2026-04-21T18:29:58Z,1
E2_cut,WW5hl1fo0Pw,Ugx3Sp_1ePuH6OpY28x4AaABAg,2026-04-21T23:28:36Z,0
E2_cut,WW5hl1fo0Pw,Ugwl09mq5w7KzTmU9-x4AaABAg,2026-04-22T17:50:43Z,1
E2_cut,WW5hl1fo0Pw,UgwctHQiX0TeHWwvALF4AaABAg,2026-04-22T11:12:05Z,1
E2_cut,WW5hl1fo0Pw,UgxgFkRvXQtSCAsnhuZ4AaABAg,2026-04-21T23:10:19Z,1
E2_cut,WW5hl1fo0Pw,UgxhwAdikgs9IlvF7QZ4AaABAg,2026-04-21T23:41:45Z,0
E2_cut,WW5hl1fo0Pw,Ugw98J_4zj4dVxmKJ8F4AaABAg,2026-04-21T19:20:52Z,1
E2_cut,WW5hl1fo0Pw,UgwTfw4BXvW6PGTXiMR4AaABAg,2026-04-21T18:33:59Z,8
E2_cut,WW5hl1fo0Pw,UgyowSkVP1ue4Rcs1yl4AaABAg,2026-04-21T18:42:35Z,7
E2_cut,WW5hl1fo0Pw,UgxThqC-Y9uSYB4hNul4AaABAg,2026-04-22T02:55:07Z,0
E2_cut,WW5hl1fo0Pw,UgxcKz-Z-OjeJiwOE_B4AaABAg,2026-04-21T18:33:10Z,0
E2_cut,WW5hl1fo0Pw,UgyMvvZuutY693MkozB4AaABAg,2026-04-22T16:56:21Z,0
E2_cut,WW5hl1fo0Pw,UgxhLiIqMXGWRAtuam94AaABAg,2026-04-25T14:03:27Z,0
E2_cut,WW5hl1fo0Pw,Ugw5YHFdYFicw4a7d0t4AaABAg,2026-04-22T00:25:39Z,0
E2_cut,WW5hl1fo0Pw,Ugzk38UW-9SS84XU5Nt4AaABAg,2026-04-21T22:52:03Z,3
E2_cut,WW5hl1fo0Pw,Ugwzzh3EpliI_RHh3FR4AaABAg,2026-04-21T19:24:48Z,1
E2_cut,WW5hl1fo0Pw,UgyPJjaT1kywOV-u3l94AaABAg,2026-04-21T22:02:26Z,0
E2_cut,WW5hl1fo0Pw,Ugxc8uRqdLTIDykax_t4AaABAg,2026-04-21T18:31:37Z,2
E2_cut,WW5hl1fo0Pw,Ugwt21LKlYUjjfZiBV54AaABAg,2026-04-24T11:38:07Z,0
E2_cut,WW5hl1fo0Pw,UgxiKTYBLfZedY0Lb_J4AaABAg,2026-04-22T08:10:56Z,0
E2_cut,WW5hl1fo0Pw,UgyMS9RBTpAGFgqqc-N4AaABAg,2026-04-22T18:42:17Z,0
E2_cut,WW5hl1fo0Pw,UgyLFJdaI-pHCdZPm_F4AaABAg,2026-04-22T02:06:54Z,0
E2_cut,WW5hl1fo0Pw,Ugzut_ONRxQkeHF-IyR4AaABAg,2026-04-21T20:05:08Z,0
E2_cut,WW5hl1fo0Pw,Ugx9PZ_M74GwpghCUZd4AaABAg,2026-04-22T00:34:48Z,0
E2_cut,WW5hl1fo0Pw,UgwwwHaR6AWzknXULld4AaABAg,2026-04-27T12:47:48Z,0
E2_cut,WW5hl1fo0Pw,UgzBqXGopWH2tVBQPHd4AaABAg,2026-04-22T04:14:25Z,2
E2_cut,WW5hl1fo0Pw,UgxDZL-_VonAffF7O4F4AaABAg,2026-04-21T22:37:11Z,0
E2_cut,WW5hl1fo0Pw,UgwsFU6jYs0QtC6rKaZ4AaABAg,2026-04-21T18:17:18Z,1
E2_cut,WW5hl1fo0Pw,Ugz7dPhNAK2vn8d3ucd4AaABAg,2026-04-21T23:23:11Z,1
E2_cut,WW5hl1fo0Pw,UgwUMQMWoPbhX6aQ2md4AaABAg,2026-04-21T18:16:16Z,0
E2_cut,WW5hl1fo0Pw,UgzhiQpkamqxBG319FN4AaABAg,2026-04-22T10:21:00Z,0
E2_cut,WW5hl1fo0Pw,UgyKM5IUdr1SAlhX01p4AaABAg,2026-04-21T21:16:15Z,0
E2_cut,WW5hl1fo0Pw,UgwlBNxdlZa1AxTiMeJ4AaABAg,2026-04-22T04:54:39Z,1
E2_cut,WW5hl1fo0Pw,UgwVqtXgeGT9ybrwnJx4AaABAg,2026-04-21T18:21:45Z,4
E2_cut,WW5hl1fo0Pw,UgxpoXg1wl-wVWuJyUB4AaABAg,2026-04-23T01:53:12Z,0
E2_cut,WW5hl1fo0Pw,Ugxi1aBbaUMvW178SoZ4AaABAg,2026-04-21T21:29:13Z,4
E2_cut,WW5hl1fo0Pw,UgyI-h7n_jZcs-3c1Q54AaABAg,2026-04-21T18:32:06Z,1
E2_cut,WW5hl1fo0Pw,Ugx8sPG4cf-rktn6Ru94AaABAg,2026-04-21T20:14:21Z,0
E2_cut,WW5hl1fo0Pw,Ugy93fP4xkKDZ_WHyNR4AaABAg,2026-04-21T21:30:44Z,0
E2_cut,WW5hl1fo0Pw,UgzmJGLeUFHdLQroY-J4AaABAg,2026-04-21T19:58:06Z,0
E2_cut,WW5hl1fo0Pw,UgwsUPGWzEgkLOHS5AN4AaABAg,2026-04-21T18:09:24Z,5
E2_cut,WW5hl1fo0Pw,Ugwg-fy2FKn1LdBVTOJ4AaABAg,2026-04-22T07:00:13Z,0
E2_cut,WW5hl1fo0Pw,UgwnEELDzB9ewxVENSN4AaABAg,2026-04-22T20:24:27Z,2
E2_cut,WW5hl1fo0Pw,UgzqoyNwiXNkKq-A5xF4AaABAg,2026-04-21T18:29:52Z,1
E2_cut,WW5hl1fo0Pw,UgwW7UkV8n-GNcbo8Fh4AaABAg,2026-04-21T21:01:38Z,1
E2_cut,WW5hl1fo0Pw,UgyCBpBQpLDeDGuLuJ54AaABAg,2026-04-22T12:19:04Z,1
E2_cut,WW5hl1fo0Pw,Ugy2TP60vffJhDUmX414AaABAg,2026-04-21T19:30:05Z,3
E2_cut,WW5hl1fo0Pw,Ugxp26Lv_LDooSG1rB94AaABAg,2026-04-21T18:28:20Z,11
E2_cut,WW5hl1fo0Pw,Ugxeyt31FERE0Gjq2q14AaABAg,2026-04-24T11:26:13Z,1
E2_cut,WW5hl1fo0Pw,UgwIj0imQwLQslvx25p4AaABAg,2026-04-22T01:35:55Z,0
E2_cut,WW5hl1fo0Pw,Ugxy63I6SXLpqsZtkf94AaABAg,2026-04-22T18:41:11Z,0
E2_cut,WW5hl1fo0Pw,UgxUEV7MTO8ZzqBd_mt4AaABAg,2026-04-21T19:48:12Z,4
E2_cut,WW5hl1fo0Pw,UgyiA2cKr7oYvW_tG7B4AaABAg,2026-04-23T07:13:43Z,0
E2_cut,WW5hl1fo0Pw,UgxSiUXCIZR1Ubf0ump4AaABAg,2026-04-21T18:08:08Z,6
E2_cut,WW5hl1fo0Pw,UgwlpQtoHxqzFbQKL_N4AaABAg,2026-04-21T19:04:45Z,2
E2_cut,WW5hl1fo0Pw,UgyrAlSjmJz9V9OF5OR4AaABAg,2026-04-21T19:18:17Z,1
E2_cut,WW5hl1fo0Pw,UgxVUzRowvff04BzJRt4AaABAg,2026-04-21T22:04:33Z,0
E2_cut,WW5hl1fo0Pw,Ugyfif_fbqoZdpM6mS54AaABAg,2026-04-21T20:06:47Z,0
E2_cut,WW5hl1fo0Pw,UgwISoml0vJcpjqV1s14AaABAg,2026-04-22T21:01:55Z,2
E2_cut,WW5hl1fo0Pw,UgyLboJN05-Cbh4FAM54AaABAg,2026-04-22T17:20:23Z,0
E2_cut,WW5hl1fo0Pw,UgwyTQTQ1I_qqT7GgfF4AaABAg,2026-04-22T09:09:59Z,0
E2_cut,WW5hl1fo0Pw,UgwryftStN_P3Pk2Rlh4AaABAg,2026-04-22T08:36:26Z,0
E2_cut,WW5hl1fo0Pw,Ugwz9hbYnY7vkeHLMxh4AaABAg,2026-04-22T12:23:43Z,2
E2_cut,WW5hl1fo0Pw,Ugxh3mo2K39PuDnKXeN4AaABAg,2026-04-21T19:15:45Z,0
E2_cut,WW5hl1fo0Pw,UgyJqat9UiHJFHh1SEV4AaABAg,2026-04-21T18:22:26Z,1
E2_cut,WW5hl1fo0Pw,UgzZXod24WscuEajMMF4AaABAg,2026-04-22T09:31:08Z,2
E2_cut,WW5hl1fo0Pw,UgxPcLLCMzz4zV_Rsnh4AaABAg,2026-04-21T23:00:13Z,0
E2_cut,WW5hl1fo0Pw,Ugx6DbSYgikYx54R5Ih4AaABAg,2026-04-21T20:18:03Z,1
E2_cut,WW5hl1fo0Pw,Ugz2AHewXm4cbpOmPOp4AaABAg,2026-04-21T20:40:44Z,0
E2_cut,WW5hl1fo0Pw,UgyrCzF9sy_slEVToip4AaABAg,2026-04-21T20:47:14Z,0
E2_cut,WW5hl1fo0Pw,Ugwbh99K5emuaBUSz6d4AaABAg,2026-04-21T18:01:56Z,0
E2_cut,WW5hl1fo0Pw,Ugwz6-LFU8yk9o3vLQN4AaABAg,2026-05-16T20:01:04Z,0
E2_cut,WW5hl1fo0Pw,UgzDsHgNyclxu6Pqhl94AaABAg,2026-04-21T17:55:41Z,20
E2_cut,WW5hl1fo0Pw,Ugw5-K-WFqLaYoUHIs54AaABAg,2026-04-21T18:49:33Z,0
E2_cut,WW5hl1fo0Pw,UgziOTrQAQE7c0fzF4R4AaABAg,2026-04-21T19:14:27Z,1
E2_cut,WW5hl1fo0Pw,UgygIJtb3YP7yUoL_P14AaABAg,2026-04-22T01:15:25Z,0
E2_cut,WW5hl1fo0Pw,Ugwo1XwLAwtNBgczNWd4AaABAg,2026-04-23T06:14:30Z,0
E2_cut,WW5hl1fo0Pw,UgzEwcb3kWIKTqWoV6B4AaABAg,2026-04-24T11:34:00Z,0
E2_cut,WW5hl1fo0Pw,UgxsUN8Uruew3fO1ZsZ4AaABAg,2026-04-21T21:37:54Z,0
E2_cut,WW5hl1fo0Pw,UgxWB9aDpbL-mnJjoOF4AaABAg,2026-04-21T20:11:08Z,2
E2_cut,WW5hl1fo0Pw,UgyK9Y9Sp0G9n9LlbZR4AaABAg,2026-04-21T18:10:45Z,3
E2_cut,WW5hl1fo0Pw,Ugy0v8hN3clbKIQEglt4AaABAg,2026-04-21T20:28:51Z,4
E2_cut,WW5hl1fo0Pw,Ugx6tpzYU3qjISzyjKF4AaABAg,2026-04-21T22:55:21Z,3
E2_cut,WW5hl1fo0Pw,Ugy1jUAywbyM6ECfekJ4AaABAg,2026-04-22T16:32:18Z,0
E2_cut,WW5hl1fo0Pw,UgxnN309oo2SRYmF9-N4AaABAg,2026-04-22T13:15:13Z,0
E2_cut,WW5hl1fo0Pw,Ugw2NlHcv1ptIqBGJM54AaABAg,2026-04-21T19:34:26Z,0
E2_cut,WW5hl1fo0Pw,UgxupXzO8H3Urnzt42p4AaABAg,2026-04-21T22:44:35Z,0
E2_cut,WW5hl1fo0Pw,Ugycb1OXRBq4MINDIfJ4AaABAg,2026-04-22T02:32:39Z,0
E2_cut,WW5hl1fo0Pw,UgxJ8DgL4Bqw5f0vu7J4AaABAg,2026-04-21T17:56:14Z,3
E2_cut,WW5hl1fo0Pw,UgzagvRl6DTJ7Q3aBOh4AaABAg,2026-04-21T19:40:46Z,0
E2_cut,WW5hl1fo0Pw,Ugwng-uY2GlJZC7WIgh4AaABAg,2026-04-21T18:44:26Z,0
E2_cut,WW5hl1fo0Pw,UgyPoSIsfPsuj52kHQt4AaABAg,2026-04-21T18:20:40Z,3
E2_cut,WW5hl1fo0Pw,UgwFtwvhZDln0WpUmbx4AaABAg,2026-04-21T21:32:00Z,1
E2_cut,WW5hl1fo0Pw,UgwBfBqEYBdOcdmUF6B4AaABAg,2026-04-21T23:00:50Z,0
E2_cut,WW5hl1fo0Pw,UgzYT6kfWLcZOiMFbkB4AaABAg,2026-04-21T18:19:58Z,1
E2_cut,WW5hl1fo0Pw,UgzC6jVSZce0my9ngAh4AaABAg,2026-04-21T19:45:42Z,0
E2_cut,WW5hl1fo0Pw,UgxtzomrWqc-IpGiz-p4AaABAg,2026-04-21T22:15:35Z,0
E2_cut,WW5hl1fo0Pw,UgxRWHL1XZOShAeYn5p4AaABAg,2026-04-21T20:07:45Z,0
E2_cut,WW5hl1fo0Pw,UgzFwB00qMnAoWWX7IJ4AaABAg,2026-04-21T18:11:22Z,0
E2_cut,WW5hl1fo0Pw,Ugx7aii-9Owe18ZVpVx4AaABAg,2026-04-21T18:06:50Z,3
E2_cut,WW5hl1fo0Pw,UgwIrD14TOphe95T3DB4AaABAg,2026-04-21T18:59:52Z,0
E2_cut,WW5hl1fo0Pw,UgyuVTWX32tkMN_y8NB4AaABAg,2026-04-22T00:31:28Z,0
E2_cut,WW5hl1fo0Pw,Ugwo3viC7a7bbLJfE9t4AaABAg,2026-04-21T22:49:12Z,1
E2_cut,WW5hl1fo0Pw,UgxjR2lgywQZIPNDO2V4AaABAg,2026-04-21T23:06:02Z,0
E2_cut,WW5hl1fo0Pw,UgwJlhrrhj2S2ruUPVN4AaABAg,2026-04-21T18:04:48Z,3
E2_cut,WW5hl1fo0Pw,UgzROKDrJs4ZWH_G3k14AaABAg,2026-04-21T20:23:59Z,1
E2_cut,WW5hl1fo0Pw,Ugzl3laqemst7On3ljN4AaABAg,2026-04-21T18:28:28Z,1
E2_cut,WW5hl1fo0Pw,Ugx3UIvkU3iN6xCYn154AaABAg,2026-04-21T20:33:37Z,0
E2_cut,WW5hl1fo0Pw,UgwS7Q5nZKqtLhPDYvt4AaABAg,2026-04-21T22:06:50Z,0
E2_cut,WW5hl1fo0Pw,Ugxk2HTkAr72b0MG0kN4AaABAg,2026-04-21T18:48:02Z,0
E2_cut,676UrLXDnWw,UgxD_3AUyBVh3DGGmTJ4AaABAg,2026-04-22T22:32:42Z,4026
E2_cut,676UrLXDnWw,Ugz7OrQna6qF7qa_WuZ4AaABAg,2026-04-22T22:09:20Z,6264
E2_cut,676UrLXDnWw,Ugx3L9U5xVERVGwh-Kx4AaABAg,2026-04-22T22:29:38Z,1805
E2_cut,676UrLXDnWw,Ugy5VPfnT5BtlW0l32F4AaABAg,2026-04-22T22:30:21Z,1296
E2_cut,676UrLXDnWw,Ugxc5iYDnIq3ub5qNmZ4AaABAg,2026-04-22T22:36:08Z,727
E2_cut,676UrLXDnWw,UgyR257tmgW4O5u3jwN4AaABAg,2026-04-22T22:08:25Z,542
E2_cut,676UrLXDnWw,Ugyjs_-ryZ_b0Q8P4BR4AaABAg,2026-04-22T22:07:00Z,283
E2_cut,676UrLXDnWw,UgyDzc9-v3tbAm-t6Hh4AaABAg,2026-04-22T22:07:46Z,953
E2_cut,676UrLXDnWw,UgxFKSc7itCHPmgVm2B4AaABAg,2026-04-22T22:09:32Z,236
E2_cut,676UrLXDnWw,UgxKz96pDIvQ40LYV-54AaABAg,2026-04-23T00:53:36Z,17
E2_cut,676UrLXDnWw,UgwbXc2uTeLkKBreDYx4AaABAg,2026-04-22T22:13:22Z,320
E2_cut,676UrLXDnWw,Ugy_AIb2IBn2LzCwg8J4AaABAg,2026-04-22T22:06:49Z,47
E2_cut,676UrLXDnWw,UgzFKONcWGBW69rDyeF4AaABAg,2026-04-22T22:32:43Z,41
E2_cut,676UrLXDnWw,UgwfjOKeHEFSohOeMD54AaABAg,2026-04-22T23:02:29Z,15
E2_cut,676UrLXDnWw,UgyOLgrURpKrx5TYbtx4AaABAg,2026-04-22T22:30:59Z,17
E2_cut,676UrLXDnWw,Ugxn6GOegW37z3-GpfZ4AaABAg,2026-04-23T00:54:52Z,5
E2_cut,676UrLXDnWw,Ugwf6gDZfS9nycc9rkd4AaABAg,2026-04-23T01:58:40Z,4
E2_cut,676UrLXDnWw,UgzCJ7x-tmxMIFFZ_sJ4AaABAg,2026-04-23T10:33:12Z,7
E2_cut,676UrLXDnWw,Ugz-9Km9oHvIFlqiz-R4AaABAg,2026-04-27T19:56:04Z,4
E2_cut,676UrLXDnWw,UgzMW1IizwRe5dqzKlh4AaABAg,2026-04-28T20:15:27Z,5
E2_cut,676UrLXDnWw,UgzwgxViLq4Qzi8ZKch4AaABAg,2026-04-22T22:46:03Z,5
E2_cut,676UrLXDnWw,UgwUUlvKFRVsgoPqId94AaABAg,2026-04-23T01:40:13Z,1
E2_cut,676UrLXDnWw,Ugzs47YVbE_huggG2JB4AaABAg,2026-04-22T22:16:47Z,4
E2_cut,676UrLXDnWw,UgwOHSpKM1go-b9HbAF4AaABAg,2026-04-23T01:20:15Z,2
E2_cut,676UrLXDnWw,Ugwzof3_Q6fc0Dvyt4p4AaABAg,2026-04-22T22:12:32Z,5
E2_cut,676UrLXDnWw,UgxkJp7WpfFb0tBxcQR4AaABAg,2026-04-23T19:58:51Z,1
E2_cut,676UrLXDnWw,UgwuzW_UDQUOdhmPgU94AaABAg,2026-04-22T22:47:48Z,4
E2_cut,676UrLXDnWw,UgwiZ54wf9VUJkytsHt4AaABAg,2026-06-14T00:24:57Z,1
E2_cut,676UrLXDnWw,UgxnB0TBAe9syb-btG54AaABAg,2026-04-22T22:10:31Z,6
E2_cut,676UrLXDnWw,UgywDml8K5xHCIzRDYJ4AaABAg,2026-04-23T01:49:10Z,1
E2_cut,676UrLXDnWw,Ugy-ihhJltXYvt83vX54AaABAg,2026-04-22T22:10:40Z,9
E2_cut,676UrLXDnWw,UgzjNLIvI81FIunuVhZ4AaABAg,2026-06-09T13:21:30Z,1
E2_cut,676UrLXDnWw,UgxHGF9G5pnIvcU8zqR4AaABAg,2026-04-23T01:23:02Z,4
E2_cut,676UrLXDnWw,Ugyel8RZ1ff2UudIMlF4AaABAg,2026-04-23T16:12:11Z,1
E2_cut,676UrLXDnWw,UgwkgeXi_4UAt5VfE094AaABAg,2026-04-23T17:32:30Z,3
E2_cut,676UrLXDnWw,UgwhU9ooE2CyWHXoGBR4AaABAg,2026-04-23T01:52:15Z,1
E2_cut,676UrLXDnWw,Ugz8t1PGMapkq6Efl1x4AaABAg,2026-04-22T22:38:06Z,4
E2_cut,676UrLXDnWw,Ugxp0Ybto4DHXcy7Y-t4AaABAg,2026-04-29T20:32:06Z,1
E2_cut,676UrLXDnWw,UgyTmi9TGeO7mfADoYN4AaABAg,2026-04-23T06:24:56Z,3
E2_cut,676UrLXDnWw,UgwO9MB4MYhC_iNEeJV4AaABAg,2026-06-08T20:09:14Z,1
E2_cut,676UrLXDnWw,UgwvWxVseG7Q4nhACAF4AaABAg,2026-04-22T22:25:01Z,9
E2_cut,676UrLXDnWw,UgwPRCiJjQpCqs-D9Lt4AaABAg,2026-04-24T13:42:35Z,1
E2_cut,676UrLXDnWw,UgyfMcPkSTP0oH0FpYV4AaABAg,2026-05-04T05:07:51Z,1
E2_cut,676UrLXDnWw,UgxJc3hfO0oscor9ZWN4AaABAg,2026-06-01T11:40:16Z,1
E2_cut,676UrLXDnWw,UgyLX1apIXrXrDIYHMR4AaABAg,2026-05-03T22:32:25Z,1
E2_cut,676UrLXDnWw,Ugzwu0h7a4wd4tvCdGx4AaABAg,2026-04-22T22:30:16Z,1
E2_cut,676UrLXDnWw,Ugy8TQ5lzEU2QYc2aPZ4AaABAg,2026-04-22T23:56:19Z,0
E2_cut,676UrLXDnWw,UgyL8GqzOKejdg-BQA14AaABAg,2026-04-22T23:56:18Z,0
E2_cut,676UrLXDnWw,UgxISnynX0UaEpHQg9V4AaABAg,2026-04-22T23:38:32Z,2
E2_cut,676UrLXDnWw,UgxoSQHo5bkdNULXoyp4AaABAg,2026-04-28T04:10:02Z,1
E2_cut,676UrLXDnWw,Ugxc_Mrjc7Pm_K0Ruvx4AaABAg,2026-04-28T13:05:33Z,2
E2_cut,676UrLXDnWw,UgywRK8htgYKZ7b_S5J4AaABAg,2026-04-23T05:41:57Z,0
E2_cut,676UrLXDnWw,UgzY2a6yQZkW7h4GmMR4AaABAg,2026-04-23T01:57:05Z,0
E2_cut,676UrLXDnWw,Ugx4h7N02mhrbWmb3T94AaABAg,2026-04-23T00:18:02Z,1
E2_cut,676UrLXDnWw,UgwzpK6rn_XaVtTYEfB4AaABAg,2026-04-23T01:19:13Z,1
E2_cut,676UrLXDnWw,Ugw9nwZic1Msi78fiBV4AaABAg,2026-04-23T00:43:00Z,0
E2_cut,676UrLXDnWw,Ugzm6popkgO9VcK9dax4AaABAg,2026-04-23T01:08:47Z,0
E2_cut,676UrLXDnWw,UgwC-hxpK1T4t3gXPDd4AaABAg,2026-04-22T22:05:49Z,2
E2_cut,676UrLXDnWw,UgwaKiA8CFRjMwCp4WR4AaABAg,2026-04-23T13:32:27Z,0
E2_cut,676UrLXDnWw,UgwkGlYXEovR16fPMGR4AaABAg,2026-04-23T00:55:22Z,1
E2_cut,676UrLXDnWw,UgwgfNepkLs_VuVfdsd4AaABAg,2026-04-22T22:09:26Z,2
E2_cut,676UrLXDnWw,UgzWbFQvT-nuEf92UCB4AaABAg,2026-04-23T21:05:38Z,0
E2_cut,676UrLXDnWw,UgxfU4s6_U0fgvUiGih4AaABAg,2026-04-23T05:17:11Z,0
E2_cut,676UrLXDnWw,UgylJwLH6fsy2FYAmxx4AaABAg,2026-04-22T22:10:15Z,2
E2_cut,676UrLXDnWw,UgyclKeqh09kl1KIGGd4AaABAg,2026-04-24T22:36:43Z,0
E2_cut,676UrLXDnWw,Ugxi5fPfpPUEbQV9Qtx4AaABAg,2026-04-22T22:41:25Z,0
E2_cut,676UrLXDnWw,UgzLc-SDoBs5Meqn3QV4AaABAg,2026-04-28T18:11:02Z,1
E2_cut,676UrLXDnWw,Ugw5Y0Tegah6bjxjFEl4AaABAg,2026-04-22T23:18:30Z,0
E2_cut,676UrLXDnWw,UgzVPsUTgoe8Pi4_AZN4AaABAg,2026-07-31T13:21:52Z,0
E2_cut,676UrLXDnWw,Ugy4eEZCIJ4dDblhmf14AaABAg,2026-04-23T06:05:13Z,1
E2_cut,676UrLXDnWw,UgxaZCk8gf4hcj7pUJZ4AaABAg,2026-05-19T00:50:12Z,0
E2_cut,676UrLXDnWw,Ugyqc3g3fgP1pkJw5Ol4AaABAg,2026-04-24T16:24:46Z,2
E2_cut,676UrLXDnWw,UgyZPNKm6kDpyqdjdvB4AaABAg,2026-04-23T04:15:37Z,1
E2_cut,676UrLXDnWw,UgxlAertowdHPBhWOHR4AaABAg,2026-06-01T12:56:25Z,0
E2_cut,676UrLXDnWw,UgxDtfLCpo-H95jI9z94AaABAg,2026-05-30T13:58:24Z,0
E2_cut,676UrLXDnWw,UgxZCoH6H_Z3tO8fq9V4AaABAg,2026-04-23T15:08:49Z,0
E2_cut,676UrLXDnWw,UgyhiFUdgAik0zzAdjt4AaABAg,2026-05-05T22:05:30Z,0
E2_cut,676UrLXDnWw,Ugx_E3VUEzwu8vsXTS94AaABAg,2026-06-20T19:10:40Z,0
E2_cut,676UrLXDnWw,UgwjgLcxIByro7vSdT54AaABAg,2026-04-22T23:54:32Z,0
E2_cut,676UrLXDnWw,Ugwmv45nkRgww-KJnE94AaABAg,2026-04-22T22:10:40Z,2
E2_cut,676UrLXDnWw,UgziYF6KJpaPNM9rWpJ4AaABAg,2026-04-22T22:10:16Z,2
E2_cut,676UrLXDnWw,UgzQN3_T1AJo97me6Z14AaABAg,2026-08-27T15:41:43Z,0
E2_cut,676UrLXDnWw,Ugy_X5D4XATI30bnuPN4AaABAg,2026-07-30T03:55:22Z,0
E2_cut,676UrLXDnWw,UgwVk2IRT1MBw7c9QXR4AaABAg,2026-05-29T13:59:47Z,0
E2_cut,676UrLXDnWw,Ugyp4gZ5CLIV3l34vZx4AaABAg,2026-06-09T18:12:30Z,0
E2_cut,676UrLXDnWw,UgxdcYUNpHc0b-bmHUZ4AaABAg,2026-05-24T14:38:09Z,0
E2_cut,676UrLXDnWw,UgwBfWJg1-XDgHBqbWN4AaABAg,2026-06-15T16:23:19Z,0
E2_cut,676UrLXDnWw,UgwNHoILXg5GIc4t1NN4AaABAg,2026-04-22T23:20:45Z,1
E2_cut,676UrLXDnWw,UgybF8caqGWCMOFdjcB4AaABAg,2026-06-12T10:49:09Z,0
E2_cut,676UrLXDnWw,UgyMK2gk3jrOYonsbAx4AaABAg,2026-08-01T20:47:15Z,0
E2_cut,676UrLXDnWw,UgzBhe-4TNcOqK_o1w54AaABAg,2026-04-24T20:25:34Z,1
E2_cut,676UrLXDnWw,UgzamWVRg84Ma2m4fmd4AaABAg,2026-04-25T00:00:35Z,1
E2_cut,676UrLXDnWw,UgxjhSe4Q5Fqas8RGCl4AaABAg,2026-05-21T19:49:48Z,0
E2_cut,676UrLXDnWw,UgyzspYK_kGozfkgS1V4AaABAg,2026-04-23T10:22:40Z,1
E2_cut,676UrLXDnWw,Ugxi3kiZr849g6sdEMt4AaABAg,2026-04-28T00:58:17Z,0
E2_cut,676UrLXDnWw,UgyzDbhZBFJH18YLDWx4AaABAg,2026-04-23T11:50:23Z,0
E2_cut,676UrLXDnWw,UgwJQtweVYN6ii1agu94AaABAg,2026-06-17T07:03:15Z,0
E2_cut,676UrLXDnWw,Ugx-D9EXxIBAcJKC59R4AaABAg,2026-04-23T04:12:05Z,1
E2_cut,676UrLXDnWw,Ugzz9C5Vbf0qyI8tGw14AaABAg,2026-04-23T09:40:22Z,0
E2_cut,676UrLXDnWw,UgyJQvLB73pkBS0vUux4AaABAg,2026-07-03T12:53:27Z,0
E2_cut,676UrLXDnWw,Ugzt7pb1N9EtpbMDVvR4AaABAg,2026-04-22T22:22:48Z,0
E2_cut,676UrLXDnWw,UgyvYSzFZcjLNxSFuTt4AaABAg,2026-05-31T09:11:40Z,0
E2_cut,676UrLXDnWw,Ugx_ke0oTvXJZ7wV2D94AaABAg,2026-04-23T06:16:16Z,0
E2_cut,676UrLXDnWw,UgwvRkITTl4538ZjLjN4AaABAg,2026-06-21T19:18:18Z,0
E2_cut,676UrLXDnWw,UgzC4nr25rHXNoCp3x94AaABAg,2026-04-23T08:15:59Z,0
E2_cut,676UrLXDnWw,UgwEEuQAfI8hZKsddfV4AaABAg,2026-04-22T23:53:04Z,0
E2_cut,676UrLXDnWw,Ugz7YO8_oyw7nckUl9x4AaABAg,2026-06-17T02:13:20Z,0
E2_cut,676UrLXDnWw,UgycZvXZ_OHMK4OsKMl4AaABAg,2026-05-10T12:03:33Z,0
E2_cut,676UrLXDnWw,UgywiAe6csyCMiRjfhp4AaABAg,2026-04-26T05:56:46Z,0
E2_cut,676UrLXDnWw,UgxtObW5N6RESXFCcBh4AaABAg,2026-07-21T17:33:35Z,0
E2_cut,676UrLXDnWw,UgwOq7IT1VJgxW3vvnZ4AaABAg,2026-06-10T07:37:24Z,0
E2_cut,676UrLXDnWw,UgwCbzXqjoHg9plD42h4AaABAg,2026-04-24T00:06:08Z,0
E2_cut,676UrLXDnWw,UgxFt_JTE9ZE-2VTsyp4AaABAg,2026-07-28T19:08:40Z,0
E2_cut,676UrLXDnWw,UgwFGYX9Pi_E20kY9yh4AaABAg,2026-04-23T06:46:28Z,0
E2_cut,676UrLXDnWw,UgyeDn_UZCv-h-f7z4B4AaABAg,2026-04-23T16:12:31Z,0
E2_cut,676UrLXDnWw,UgxiisW1oSAJXH6j_bZ4AaABAg,2026-04-25T11:12:35Z,0
E2_cut,676UrLXDnWw,UgxX3BIAhggUONgpfIt4AaABAg,2026-04-23T00:43:51Z,0
E2_cut,676UrLXDnWw,UgxPUM209zJ7vKm20BZ4AaABAg,2026-06-14T03:41:07Z,0
E2_cut,676UrLXDnWw,UgxgTS4LYG-oWoR_cjt4AaABAg,2026-04-22T23:48:09Z,2
E2_cut,676UrLXDnWw,Ugy3SLgZeRNRKDW04zJ4AaABAg,2026-04-23T14:09:56Z,0
E2_cut,676UrLXDnWw,UgxxFpO3Ve_1r2A2GnF4AaABAg,2026-05-22T14:35:17Z,0
E2_cut,676UrLXDnWw,UgxRhX9yl32FQBt_rJd4AaABAg,2026-04-23T01:07:23Z,0
E2_cut,676UrLXDnWw,UgyjhKn-LpmoY3gvn654AaABAg,2026-06-04T02:28:23Z,0
E2_cut,676UrLXDnWw,UgwR8mCsOlY1gPoseHt4AaABAg,2026-06-18T12:14:51Z,0
E2_cut,676UrLXDnWw,UgwAZbEYsMUAP3IT8SZ4AaABAg,2026-04-22T23:48:58Z,0
E2_cut,676UrLXDnWw,UgzrSDesDD2kLqgfZut4AaABAg,2026-04-23T03:39:37Z,0
E2_cut,676UrLXDnWw,UgzGvrccpOaOeiSj-Mt4AaABAg,2026-04-23T03:04:29Z,0
E2_cut,676UrLXDnWw,UgxB3n7wSrwy_JxNacN4AaABAg,2026-04-24T14:32:32Z,0
E2_cut,676UrLXDnWw,UgwCWQ_T3ZhtOUpkYdh4AaABAg,2026-04-23T05:10:49Z,0
E2_cut,676UrLXDnWw,UgxSQV6yqp4rhBWO0ah4AaABAg,2026-04-23T03:04:34Z,0
E2_cut,676UrLXDnWw,UgxW1kaAfkVgqpAU-z14AaABAg,2026-06-27T17:33:17Z,0
E2_cut,676UrLXDnWw,Ugy8BwFSwZDJx1Ok-aN4AaABAg,2026-04-23T00:48:49Z,0
E2_cut,676UrLXDnWw,UgyohwNdWRib1GSxgpN4AaABAg,2026-05-24T17:41:58Z,0
E2_cut,676UrLXDnWw,UgztRLMnCUsD0a3jANx4AaABAg,2026-05-03T05:39:45Z,0
E2_cut,676UrLXDnWw,UgxPnrw6C2__7hC_hFd4AaABAg,2026-04-23T07:53:02Z,0
E2_cut,676UrLXDnWw,UgxJ09SbyTAoX5HYRAt4AaABAg,2026-04-22T23:02:56Z,0
E2_cut,676UrLXDnWw,UgzYQ2naymDhZ5oZcvt4AaABAg,2026-04-23T10:58:56Z,0
E2_cut,676UrLXDnWw,UgxYxmuDnM84E5rtxT54AaABAg,2026-04-23T13:24:42Z,0
E2_cut,676UrLXDnWw,UgxK3SAHfvmbyBwQb6Z4AaABAg,2026-04-23T05:36:55Z,0
E2_cut,676UrLXDnWw,Ugwrh7PAVJC0XL_UFVN4AaABAg,2026-08-03T12:41:12Z,0
E2_cut,676UrLXDnWw,UgxO3xLWPp4811r-xAl4AaABAg,2026-07-29T00:30:20Z,0
E2_cut,676UrLXDnWw,UgweDswIon3cTLNvp5h4AaABAg,2026-04-27T09:18:59Z,0
E2_cut,676UrLXDnWw,UgzShOIBs9cQJBlbWUx4AaABAg,2026-08-02T16:59:33Z,0
E2_cut,676UrLXDnWw,UgyU5rNVlEYzHQZSFdh4AaABAg,2026-04-23T01:10:24Z,0
E2_cut,676UrLXDnWw,UgxyS4JCWKZ99gEkIE94AaABAg,2026-04-23T01:03:24Z,0
E2_cut,676UrLXDnWw,UgzgSFmDHPl3GMvbn9J4AaABAg,2026-04-30T06:35:50Z,0
E2_cut,676UrLXDnWw,UgzcSNjqHeGHqZK1EIx4AaABAg,2026-04-22T23:51:18Z,0
E2_cut,676UrLXDnWw,UgxDpwMfTrnBKabYZQR4AaABAg,2026-04-23T05:40:08Z,0
E2_cut,676UrLXDnWw,Ugz4IwybA5pz2tvnNdN4AaABAg,2026-04-23T22:11:09Z,0
E2_cut,676UrLXDnWw,Ugx8VyupIPk5SaVYmmh4AaABAg,2026-04-22T22:57:55Z,0
E2_cut,676UrLXDnWw,Ugx71fFPO4vi5lMYOcN4AaABAg,2026-06-11T10:48:42Z,0
E2_cut,676UrLXDnWw,UgwKAygQwvYKuOeil3Z4AaABAg,2026-04-23T04:33:40Z,0
E2_cut,676UrLXDnWw,UgyxDEISxHU1HkS_7PB4AaABAg,2026-06-21T23:18:27Z,0
E2_cut,676UrLXDnWw,UgzyGwmXeex4k8zhl3V4AaABAg,2026-05-29T12:31:05Z,0
E2_cut,676UrLXDnWw,UgzTHLEy_sr6itNQ1I54AaABAg,2026-04-23T01:58:49Z,1
E2_cut,676UrLXDnWw,UgzlmTw_AKijr9nLLhB4AaABAg,2026-04-23T02:31:16Z,0
E2_cut,676UrLXDnWw,UgxB0PfTCsmOwuTlHGJ4AaABAg,2026-05-04T19:46:16Z,1
E2_cut,676UrLXDnWw,Ugyz74kK-eUffr3gOnd4AaABAg,2026-04-25T10:20:29Z,0
E2_cut,676UrLXDnWw,UgwLf3AmLRP-gM60UkV4AaABAg,2026-06-12T01:05:54Z,0
E2_cut,676UrLXDnWw,UgxXe_WgNzdAJQMZgYZ4AaABAg,2026-04-23T04:32:03Z,0
E2_cut,676UrLXDnWw,UgzcM02ocRmUv5gIyhR4AaABAg,2026-04-24T21:00:01Z,0
E2_cut,676UrLXDnWw,UgxFJHazrZjLF-uHEE54AaABAg,2026-04-23T00:08:57Z,0
E2_cut,676UrLXDnWw,Ugy5w0YLsrxoN9B0PH14AaABAg,2026-05-31T10:27:18Z,0
E2_cut,676UrLXDnWw,UgzXZpKKA9F7P-mZ2VV4AaABAg,2026-06-23T14:16:58Z,0
E2_cut,676UrLXDnWw,UgzkeZf_FYvwboNs0754AaABAg,2026-04-22T23:42:31Z,0
E2_cut,676UrLXDnWw,UgxKmiNTcvuEzoq2Nl94AaABAg,2026-04-23T14:48:13Z,0
E2_cut,676UrLXDnWw,Ugy7FxcJjX0aAs9g9b54AaABAg,2026-04-23T11:26:50Z,0
E2_cut,676UrLXDnWw,UgweKB4rR2PUqeULNUp4AaABAg,2026-06-08T03:15:27Z,0
E2_cut,676UrLXDnWw,UgwB_k2RLOHaQg0rpjZ4AaABAg,2026-06-24T04:39:38Z,0
E2_cut,676UrLXDnWw,UgwnPTA3HycfFUKGdPB4AaABAg,2026-06-11T05:07:55Z,0
E2_cut,676UrLXDnWw,UgybxMJ0T40jFzOOnTt4AaABAg,2026-04-23T03:55:02Z,0
E2_cut,676UrLXDnWw,UgxRzXUOh-R3AudHb2V4AaABAg,2026-07-30T22:26:16Z,0
E2_cut,676UrLXDnWw,UgzzPf-YCzlR0XWe6dV4AaABAg,2026-04-24T14:59:10Z,0
E2_cut,676UrLXDnWw,UgyQtkWrpkHlfA_o0MB4AaABAg,2026-04-29T02:09:55Z,0
E2_cut,676UrLXDnWw,UgxhCn5gTWq2NSPtpKF4AaABAg,2026-05-21T22:25:05Z,0
E2_cut,676UrLXDnWw,UgzPmJydKfEvKYyzLWh4AaABAg,2026-06-07T15:49:44Z,0
E2_cut,676UrLXDnWw,Ugyw4DP6CfeMdvR461J4AaABAg,2026-04-22T22:51:47Z,0
E2_cut,676UrLXDnWw,UgxCDAsZBOs-MM6CbSF4AaABAg,2026-07-04T17:49:07Z,0
E2_cut,676UrLXDnWw,UgylJLmvGcolo94o2V94AaABAg,2026-04-23T14:13:51Z,0
E2_cut,676UrLXDnWw,Ugwv6uilOUULAlkrf-54AaABAg,2026-04-24T17:38:22Z,0
E2_cut,676UrLXDnWw,Ugwq1eKcacbX1z1DIwp4AaABAg,2026-06-19T01:08:49Z,0
E2_cut,676UrLXDnWw,UgwI33ykAxCjhdIxsZt4AaABAg,2026-04-30T17:08:47Z,0
E2_cut,676UrLXDnWw,Ugz7Sw-t7pHcWVnw9st4AaABAg,2026-04-23T13:06:03Z,0
E2_cut,676UrLXDnWw,Ugz37v46arUBbxILNad4AaABAg,2026-04-23T03:32:14Z,0
E2_cut,676UrLXDnWw,UgyJ7Oyzj2wm62-sdyx4AaABAg,2026-06-24T21:57:23Z,0
E2_cut,676UrLXDnWw,Ugweyh_t_jAl9IqJFml4AaABAg,2026-04-23T01:24:26Z,0
E2_cut,676UrLXDnWw,Ugx6cmrfqbiEOPMbm1N4AaABAg,2026-04-22T23:15:56Z,0
E2_cut,676UrLXDnWw,Ugw9nCIsHrg3my-ONdF4AaABAg,2026-06-01T15:20:50Z,0
E2_cut,676UrLXDnWw,Ugzd2rtjN-QLCGeFalx4AaABAg,2026-04-29T21:25:39Z,0
E2_cut,676UrLXDnWw,Ugy2f-xQjxZ3SNGBycB4AaABAg,2026-04-24T15:44:46Z,0
E2_cut,676UrLXDnWw,UgwsDqY9FeDtBbXXjZN4AaABAg,2026-05-07T20:55:52Z,0
E2_cut,676UrLXDnWw,UgxCylsvkBTuldaWvPl4AaABAg,2026-07-31T22:43:35Z,0
E2_cut,676UrLXDnWw,UgwgbIhgKr_OWI9LQBF4AaABAg,2026-06-03T17:46:35Z,0
E2_cut,676UrLXDnWw,Ugy9n3-AKR3OZNlN4Ep4AaABAg,2026-06-21T12:00:16Z,0
E2_cut,676UrLXDnWw,Ugyp5gyj_3b8BjQkXEh4AaABAg,2026-06-08T14:41:05Z,0
E2_cut,676UrLXDnWw,UgyzIllOBVMPF3uqF_t4AaABAg,2026-05-23T11:52:20Z,0
E2_cut,676UrLXDnWw,UgygMlY-BABHft9oOvd4AaABAg,2026-04-23T05:52:14Z,0
E2_cut,676UrLXDnWw,Ugwg44At6ciekEsGM4h4AaABAg,2026-04-23T19:05:29Z,0
E2_cut,676UrLXDnWw,UgxjpSmhj1zvke9wfrB4AaABAg,2026-04-23T17:38:00Z,0
E2_cut,676UrLXDnWw,UgztRrFSs7aGWc7b3VR4AaABAg,2026-04-25T16:11:33Z,0
E2_cut,676UrLXDnWw,UgwDBZTNQDCEMmOEfNl4AaABAg,2026-04-25T10:43:38Z,0
E2_cut,676UrLXDnWw,UgwAbOidkkfb6GG_fwJ4AaABAg,2026-04-23T13:28:12Z,0
E2_cut,676UrLXDnWw,UgxY4JSE8kGD8Jaa4Fx4AaABAg,2026-04-23T05:05:08Z,1
E2_cut,676UrLXDnWw,UgyPSheYE4-OM40u6CN4AaABAg,2026-07-29T17:22:47Z,0
E2_cut,676UrLXDnWw,UgwFWhk88pHRz3cvntN4AaABAg,2026-05-17T20:03:09Z,0
E2_cut,676UrLXDnWw,UgyHWivT5BmqLO0rTBh4AaABAg,2026-08-02T22:24:27Z,0
E2_cut,676UrLXDnWw,UgwBsKQjfa0CJedr_Dp4AaABAg,2026-06-09T20:57:42Z,0
E2_cut,676UrLXDnWw,UgzftI-0igF1y6jjJWN4AaABAg,2026-05-02T05:56:56Z,0
E2_cut,676UrLXDnWw,Ugzx-VZIbslSA_T85tV4AaABAg,2026-05-18T02:22:07Z,0
E2_cut,676UrLXDnWw,UgzU2SyWnCfBfWoFrU54AaABAg,2026-06-05T20:44:19Z,0
E2_cut,676UrLXDnWw,UgzTkhw4T6K0kqZJ3f14AaABAg,2026-05-07T08:47:26Z,0
E2_cut,676UrLXDnWw,UgzbVnURS1-YkzFCPWl4AaABAg,2026-04-28T23:44:15Z,0
E2_cut,676UrLXDnWw,UgwbQNubOht9HixcqGt4AaABAg,2026-07-01T02:04:57Z,0
E2_cut,676UrLXDnWw,Ugydr9_W171XvEvIpZp4AaABAg,2026-04-23T03:17:57Z,0
E2_cut,676UrLXDnWw,UgwcgX1V3ZmK4B_i3hB4AaABAg,2026-04-23T05:54:14Z,0
E2_cut,676UrLXDnWw,Ugxtyu0gPrOxV2UuBqJ4AaABAg,2026-04-23T03:08:04Z,0
E2_cut,676UrLXDnWw,UgxEPs0MjVl43R277Wd4AaABAg,2026-04-22T22:30:13Z,0
E2_cut,676UrLXDnWw,UgwQFitDzKTboxBmGSR4AaABAg,2026-04-23T18:51:35Z,0
E2_cut,676UrLXDnWw,UgwF5HrTqeMqbODbMBV4AaABAg,2026-06-10T18:51:01Z,0
E2_cut,676UrLXDnWw,UgyjHkydjWF9pTFpv0N4AaABAg,2026-05-01T10:28:36Z,0
E2_cut,676UrLXDnWw,UgzGRtEJ0YjDVSPUyMV4AaABAg,2026-04-23T00:24:26Z,0
E2_cut,676UrLXDnWw,UgwG1XAumSpBhU04MQx4AaABAg,2026-04-23T16:39:44Z,0
E2_cut,676UrLXDnWw,Ugw5Gyvnn04yCJ4AgXB4AaABAg,2026-06-19T16:40:11Z,0
E2_cut,676UrLXDnWw,UgxoRX7yryXmcXJKIbh4AaABAg,2026-04-23T23:33:39Z,0
E2_cut,676UrLXDnWw,UgzPPlhdM29wvuaK1H94AaABAg,2026-08-05T00:10:49Z,0
E2_cut,676UrLXDnWw,UgyJzlrT-Y3E6W12WLx4AaABAg,2026-06-25T22:24:31Z,0
E2_cut,676UrLXDnWw,UgwOoiKbDbjgTZX2G454AaABAg,2026-04-27T05:08:33Z,0
E2_cut,676UrLXDnWw,UgwWUpiWBZ8pZrrAdRt4AaABAg,2026-07-30T17:23:17Z,0
E2_cut,676UrLXDnWw,UgzuSEslVEW_W3Rzfgp4AaABAg,2026-07-29T21:18:11Z,0
E2_cut,676UrLXDnWw,Ugw819Kqg9-0Z2kVwGB4AaABAg,2026-04-23T07:56:19Z,0
E2_cut,676UrLXDnWw,UgznBHAXuVrlH4VDSvV4AaABAg,2026-04-22T23:12:08Z,0
E2_cut,676UrLXDnWw,UgxrXI5wwwBWQVIbVJl4AaABAg,2026-05-05T01:44:43Z,0
E2_cut,676UrLXDnWw,UgwF_J-oPGlvk0sioLh4AaABAg,2026-04-23T04:35:14Z,0
E2_cut,676UrLXDnWw,UgwOXum2MGGqJy5Lfi14AaABAg,2026-04-22T23:24:25Z,1
E2_cut,676UrLXDnWw,UgzKGYJXA3WCnDudEeB4AaABAg,2026-05-02T14:12:52Z,0
E2_cut,676UrLXDnWw,Ugy2fO5cdbRI-Gkq3nV4AaABAg,2026-05-02T14:50:09Z,0
E2_cut,676UrLXDnWw,UgwBiuVq7RIeICCGeZR4AaABAg,2026-04-23T07:57:17Z,0
E2_cut,676UrLXDnWw,UgxX40j9g6YGKcqP_3V4AaABAg,2026-04-23T17:24:13Z,1
E2_cut,676UrLXDnWw,Ugw9MM8PJI-HS8A4-Zp4AaABAg,2026-05-30T17:17:28Z,0
E2_cut,676UrLXDnWw,UgyC_hCj0ce_EuMmNKx4AaABAg,2026-04-25T03:28:22Z,0
E2_cut,676UrLXDnWw,UgxTYITKN6M6Ak0wwXd4AaABAg,2026-06-03T10:32:33Z,0
E2_cut,676UrLXDnWw,Ugw6cGZTSobIZg7x6tR4AaABAg,2026-07-27T11:08:39Z,0
E2_cut,676UrLXDnWw,Ugy3ipYgN7ugH_TqbN94AaABAg,2026-07-30T02:34:59Z,0
E2_cut,676UrLXDnWw,Ugzs1c8HwXkJR0mWC5B4AaABAg,2026-04-27T04:42:21Z,0
E2_cut,676UrLXDnWw,Ugxt-iBgwDNQXcHFTeh4AaABAg,2026-04-22T23:16:23Z,0
E2_cut,676UrLXDnWw,Ugzf3FJH_KlDUzmTWVd4AaABAg,2026-05-22T10:55:53Z,0
E2_cut,676UrLXDnWw,UgxhNJhCN_6ONcu9wJJ4AaABAg,2026-04-23T16:54:40Z,0
E2_cut,676UrLXDnWw,UgzoJpd2j_Je1dlBzrp4AaABAg,2026-04-23T14:19:41Z,0
E2_cut,676UrLXDnWw,Ugz9_VWyoNsI4T5TWld4AaABAg,2026-04-23T18:50:44Z,0
E2_cut,676UrLXDnWw,Ugy1a-fotk4YKP9lYCh4AaABAg,2026-05-18T19:50:21Z,0
E2_cut,676UrLXDnWw,UgysM1_8vl5hFCj708p4AaABAg,2026-06-18T18:59:18Z,0
E2_cut,676UrLXDnWw,UgyIWn_llkOe69jC1894AaABAg,2026-06-08T22:18:38Z,0
E2_cut,676UrLXDnWw,Ugw0RVWry4w3pyBptNt4AaABAg,2026-04-23T00:26:20Z,0
E2_cut,676UrLXDnWw,Ugw_qGu5zWp_5VdziBp4AaABAg,2026-04-23T05:37:34Z,0
E2_cut,676UrLXDnWw,Ugw-5tidm8y3ptGL45B4AaABAg,2026-08-01T19:00:13Z,0
E2_cut,676UrLXDnWw,Ugxyav9_qI0zJkvUAd14AaABAg,2026-04-23T15:29:27Z,2
E2_cut,676UrLXDnWw,Ugw57N_HAJmIyyhF89F4AaABAg,2026-04-23T02:09:12Z,0
E2_cut,676UrLXDnWw,Ugyr3fVnAmxqNwu2OdR4AaABAg,2026-04-23T16:05:48Z,0
E2_cut,676UrLXDnWw,UgyThc-VaDJEaaCaxKl4AaABAg,2026-04-25T02:26:58Z,0
E2_cut,676UrLXDnWw,UgxxBTV8EUY6KngVhit4AaABAg,2026-05-30T20:19:34Z,0
E2_cut,676UrLXDnWw,UgxkC_mNPMFV87Jmh9h4AaABAg,2026-04-23T05:15:56Z,0
E2_cut,676UrLXDnWw,Ugyh101pIiq0Gl7vO1N4AaABAg,2026-07-28T06:04:53Z,0
E2_cut,676UrLXDnWw,UgxDOK1sl2V390YWwmN4AaABAg,2026-05-19T23:32:52Z,0
E2_cut,676UrLXDnWw,UgwrAJ9WqxSaRVPQ3vd4AaABAg,2026-05-29T03:21:21Z,0
E2_cut,676UrLXDnWw,UgxafgZ8BU2LtuSoLbd4AaABAg,2026-04-29T16:58:38Z,0
E2_cut,676UrLXDnWw,UgwPtpf7P2nEbVEV1nB4AaABAg,2026-04-23T15:17:48Z,0
E2_cut,676UrLXDnWw,UgwwvTxjapG7F7agr3F4AaABAg,2026-06-10T17:45:02Z,0
E2_cut,676UrLXDnWw,Ugz8ifwvfe2FB-Kvn4x4AaABAg,2026-04-22T23:06:04Z,0
E2_cut,676UrLXDnWw,UgyteJ8l-031Gb4jakJ4AaABAg,2026-04-24T06:20:38Z,0
E2_cut,676UrLXDnWw,Ugxp_dxmCzTeMD709u94AaABAg,2026-05-02T15:34:12Z,0
E2_cut,676UrLXDnWw,Ugw3bN-6PaQveHHe2cd4AaABAg,2026-05-22T18:20:18Z,0
E2_cut,676UrLXDnWw,Ugy0Tbfhoh1J7c2R7gN4AaABAg,2026-04-24T16:48:01Z,0
E2_cut,676UrLXDnWw,Ugwq9yIS-0JTpOZzDtZ4AaABAg,2026-04-24T13:39:59Z,0
E2_cut,676UrLXDnWw,UgzMvCUYKMmnIMt6Sr94AaABAg,2026-04-23T05:33:49Z,0
E2_cut,676UrLXDnWw,UgzPUZCr_kPE64kQ5mR4AaABAg,2026-04-23T03:29:58Z,0
E2_cut,676UrLXDnWw,Ugw8Us8x8OubFE3OPjh4AaABAg,2026-06-15T07:24:39Z,0
E2_cut,676UrLXDnWw,UgxKUvGGICkQ_vEwGLR4AaABAg,2026-06-09T02:51:23Z,0
E2_cut,676UrLXDnWw,UgxkZDOAy-KRzmGTitB4AaABAg,2026-04-22T23:25:46Z,0
E2_cut,676UrLXDnWw,UgxlLCypGBs3bpkLnT94AaABAg,2026-05-22T18:54:05Z,0
E2_cut,676UrLXDnWw,UgyEcxnsgXAuhiZ45WZ4AaABAg,2026-04-23T04:13:58Z,1
E2_cut,676UrLXDnWw,UgynysLnQCbwZ1NYxGl4AaABAg,2026-05-31T14:11:39Z,0
E2_cut,676UrLXDnWw,UgxiKf7kGlIYk30G_Md4AaABAg,2026-04-23T00:41:02Z,1
E2_cut,676UrLXDnWw,UgxTMC1dRcESsjitFKl4AaABAg,2026-04-24T21:27:54Z,0
E2_cut,676UrLXDnWw,UgyubCWKFdPxSmCW46J4AaABAg,2026-06-10T21:43:07Z,0
E2_cut,676UrLXDnWw,Ugyg99IpvKNlwVjHH1Z4AaABAg,2026-04-23T10:04:34Z,0
E2_cut,676UrLXDnWw,UgyffI9qxWC6YHgkw-F4AaABAg,2026-05-19T05:08:43Z,0
E2_cut,676UrLXDnWw,Ugwji6Zx_LPGGPumZz14AaABAg,2026-07-30T04:33:52Z,0
E2_cut,676UrLXDnWw,Ugy3HKF5NaS48CzEg694AaABAg,2026-04-27T11:19:12Z,1
E2_cut,676UrLXDnWw,Ugzu2amJdo2qrhJvF5x4AaABAg,2026-08-05T11:30:41Z,0
E2_cut,676UrLXDnWw,Ugwt05IZgdgE6aImyWR4AaABAg,2026-04-22T23:13:10Z,0
E2_cut,676UrLXDnWw,UgyJebx0Ow7tt6YjP2h4AaABAg,2026-04-23T01:28:38Z,0
E2_cut,676UrLXDnWw,Ugwl_jeHvWooeVVH13Z4AaABAg,2026-05-27T01:02:34Z,0
E2_cut,676UrLXDnWw,UgzUwqt2Qz9mWUJfCiB4AaABAg,2026-06-26T15:59:47Z,0
E2_cut,676UrLXDnWw,Ugy0K056zAN4Ta1KSHh4AaABAg,2026-05-18T21:40:01Z,0
E2_cut,676UrLXDnWw,Ugx6ud2nZZ69OUjL3ih4AaABAg,2026-04-23T13:44:53Z,0
E2_cut,676UrLXDnWw,Ugxm0KOtLQE8XFg1eld4AaABAg,2026-04-23T14:01:05Z,0
E2_cut,676UrLXDnWw,Ugyi7ofLj68ACHcpZUp4AaABAg,2026-04-23T09:22:39Z,0
E2_cut,676UrLXDnWw,UgxB0DBHihMjQfJnX9Z4AaABAg,2026-05-18T17:52:30Z,0
E2_cut,676UrLXDnWw,UgxUFjkzkg-WreyDmvF4AaABAg,2026-07-29T08:03:15Z,0
E2_cut,676UrLXDnWw,UgzCi5jWM25GVb5dnh14AaABAg,2026-06-13T04:34:42Z,0
E2_cut,676UrLXDnWw,UgwieZgWmgrm8OZaj6d4AaABAg,2026-05-13T12:49:42Z,0
E2_cut,676UrLXDnWw,UgxOrpnyuOFbNJ19xJp4AaABAg,2026-05-04T11:20:08Z,0
E2_cut,676UrLXDnWw,Ugyw0Sk9Z054nqRTvf14AaABAg,2026-05-30T15:19:41Z,0
E2_cut,676UrLXDnWw,UgwCoi8dhA-UYbFeAWJ4AaABAg,2026-07-28T09:13:10Z,0
E2_cut,676UrLXDnWw,UgwrAfUVqaP6LQFNKoZ4AaABAg,2026-04-23T01:44:37Z,0
E2_cut,676UrLXDnWw,Ugz-X5iIkbM_cTwUwIp4AaABAg,2026-04-23T21:29:09Z,0
E2_cut,676UrLXDnWw,UgysTzc-zNBFWKsmKw94AaABAg,2026-04-22T22:45:32Z,0
E2_cut,676UrLXDnWw,UgwbML8DELCbTr0M9fh4AaABAg,2026-05-24T15:01:27Z,0
E2_cut,676UrLXDnWw,Ugw3goWqXW8wCDDd3BJ4AaABAg,2026-05-03T12:16:58Z,0
E2_cut,676UrLXDnWw,UgxRWGkJMtyaBfq91yV4AaABAg,2026-07-29T08:51:06Z,0
E2_cut,676UrLXDnWw,UgxV4aF3eKByjnir3-t4AaABAg,2026-04-22T23:46:20Z,0
E2_cut,676UrLXDnWw,Ugx8LDuN3ltKTvIzSbJ4AaABAg,2026-07-18T01:45:36Z,0
E2_cut,676UrLXDnWw,UgxXZhdRmprCvHngPal4AaABAg,2026-05-03T14:03:18Z,0
E2_cut,676UrLXDnWw,UgyXkklqAhs8n3Jqzgx4AaABAg,2026-04-23T19:33:20Z,0
E2_cut,676UrLXDnWw,UgxrI6h4rtVxTa1wpcF4AaABAg,2026-08-01T18:43:35Z,0
E2_cut,676UrLXDnWw,UgzIEhterVRlUCPxdhh4AaABAg,2026-04-23T01:09:42Z,0
E2_cut,676UrLXDnWw,UgwIN2hOe95_nEnPwYV4AaABAg,2026-04-23T20:51:20Z,0
E2_cut,676UrLXDnWw,UgyIb1u84m2jBQXZv0x4AaABAg,2026-04-22T22:36:46Z,0
E2_cut,676UrLXDnWw,UgySAmmcvHJyM2m9b3R4AaABAg,2026-04-22T22:41:24Z,0
E2_cut,676UrLXDnWw,UgxGNYNuEi_QM-sZrfx4AaABAg,2026-04-23T03:02:15Z,0
E2_cut,676UrLXDnWw,UgxpY7T62iWSedEOtE94AaABAg,2026-05-29T19:13:15Z,0
E2_cut,676UrLXDnWw,UgzLS7zyBssHOS805Id4AaABAg,2026-06-27T02:08:04Z,0
E2_cut,676UrLXDnWw,Ugz1iCeauV6XedoIohJ4AaABAg,2026-07-27T21:32:34Z,0
E2_cut,676UrLXDnWw,Ugzu-y9hPiPDX7f9bAd4AaABAg,2026-06-03T22:04:29Z,0
E2_cut,676UrLXDnWw,UgzTvn9_OZ9ClcafRWl4AaABAg,2026-04-22T22:09:07Z,0
E2_cut,676UrLXDnWw,Ugyy9o3r4w1VLpwUs2d4AaABAg,2026-04-25T08:15:08Z,0
E2_cut,676UrLXDnWw,UgzOkH136gAKZahNrhV4AaABAg,2026-04-23T04:38:28Z,0
E2_cut,676UrLXDnWw,Ugzs6DyOXZ8ihqKZcW94AaABAg,2026-04-23T03:53:34Z,0
E2_cut,676UrLXDnWw,UgyoBLbVnrCdMXPiq8p4AaABAg,2026-04-23T01:03:42Z,0
E2_cut,676UrLXDnWw,UgxELMXdVTNq81danpR4AaABAg,2026-05-09T23:39:13Z,0
E2_cut,676UrLXDnWw,UgxgqIxpEkjjdO7vLjF4AaABAg,2026-06-12T01:51:14Z,0
E2_cut,676UrLXDnWw,UgxEbFs1pxIHIUIOCy14AaABAg,2026-04-23T05:06:11Z,0
E2_cut,676UrLXDnWw,Ugx7m6XwGMBhmnv7uwV4AaABAg,2026-07-31T13:34:24Z,0
E2_cut,676UrLXDnWw,UgxOT2czUIvBJNRZYbh4AaABAg,2026-04-23T16:25:30Z,0
E2_cut,676UrLXDnWw,Ugwmyy5jBSEuJQGjiwR4AaABAg,2026-06-01T22:39:03Z,0
E2_cut,676UrLXDnWw,Ugy7rgWiUXlfqPGPi5d4AaABAg,2026-09-04T09:42:50Z,0
E2_cut,676UrLXDnWw,UgyLMCb-DIGua6fqqC94AaABAg,2026-05-05T15:14:45Z,0
E2_cut,676UrLXDnWw,Ugy_panuhUodgTfq7r14AaABAg,2026-04-23T06:15:02Z,0
E2_cut,676UrLXDnWw,UgwS8VkEfW1HQkXSavF4AaABAg,2026-04-22T22:19:39Z,0
E2_cut,676UrLXDnWw,UgxnwglJxY50SCU6_cl4AaABAg,2026-04-23T04:33:21Z,0
E2_cut,676UrLXDnWw,UgxjTmmIsXZ1_513tM94AaABAg,2026-06-16T18:59:09Z,0
E2_cut,676UrLXDnWw,UgxTExEp-FRNfB-4QLN4AaABAg,2026-04-23T15:47:08Z,0
E2_cut,676UrLXDnWw,Ugw9KGBYLRDXItFJPbV4AaABAg,2026-08-26T06:57:48Z,0
E2_cut,676UrLXDnWw,UgxMfKtchP_XNIBNC454AaABAg,2026-04-22T23:20:28Z,0
E2_cut,676UrLXDnWw,UgzI7IMja719WdcP-2l4AaABAg,2026-08-01T12:13:49Z,0
E2_cut,676UrLXDnWw,Ugw-MZ07BmSdJMcahFJ4AaABAg,2026-08-02T23:39:02Z,0
E2_cut,676UrLXDnWw,Ugw4PIJUoBLzwJAtjPJ4AaABAg,2026-04-22T22:36:37Z,0
E2_cut,676UrLXDnWw,Ugy8BmIkK8ex7apCnJJ4AaABAg,2026-05-02T23:00:14Z,0
E2_cut,676UrLXDnWw,Ugxx3loXrVxjjlVgIEZ4AaABAg,2026-04-24T23:34:06Z,0
E2_cut,676UrLXDnWw,UgxFq_GjGY8hrIgb2OB4AaABAg,2026-04-23T01:06:28Z,0
E2_cut,676UrLXDnWw,Ugyc5U2PNbCVIz4r0s94AaABAg,2026-04-25T14:49:44Z,0
E2_cut,676UrLXDnWw,Ugz7fJ4cuYVy61rJYXp4AaABAg,2026-08-05T19:48:04Z,1
E2_cut,676UrLXDnWw,UgyuCWzIRqwtS2aSVBt4AaABAg,2026-06-11T21:06:43Z,0
E2_cut,676UrLXDnWw,UgwOfRPPppv7KqgHe3l4AaABAg,2026-04-25T05:58:52Z,0
E2_cut,676UrLXDnWw,UgwiN8iJMfF6OhGz2fZ4AaABAg,2026-04-23T09:38:33Z,0
E2_cut,676UrLXDnWw,UgwpLqEITwvHy0Id9FV4AaABAg,2026-04-22T22:06:54Z,2
E2_cut,676UrLXDnWw,Ugx4qgW_ihMGF-UdQc14AaABAg,2026-04-22T23:11:41Z,0
E2_cut,676UrLXDnWw,UgwuAcpWH73XoPL-qXd4AaABAg,2026-04-23T01:10:34Z,0
E2_cut,676UrLXDnWw,Ugx_SzAaf6s-1PCAGdJ4AaABAg,2026-07-02T20:05:36Z,0
E2_cut,676UrLXDnWw,UgxsDDToWTfex9tGrIR4AaABAg,2026-05-03T20:49:44Z,0
E2_cut,676UrLXDnWw,Ugy20QJNrdxdVSzqd8p4AaABAg,2026-04-23T04:44:57Z,0
E2_cut,676UrLXDnWw,UgwIYIzHK-Sst9LzCyF4AaABAg,2026-05-16T14:01:36Z,0
E2_cut,676UrLXDnWw,UgzaiB6hNddoHxWVRf54AaABAg,2026-07-03T13:07:25Z,0
E2_cut,676UrLXDnWw,UgwFK0T-izl0Lxyk5ld4AaABAg,2026-04-29T01:13:30Z,0
E2_cut,676UrLXDnWw,UgxVmBt6LsWUqBjuJ0R4AaABAg,2026-04-23T01:08:28Z,0
E2_cut,676UrLXDnWw,UgyGarC8eBs-QJk2lbd4AaABAg,2026-04-23T00:00:20Z,0
E2_cut,676UrLXDnWw,UgzE10ReJ8dD4E6nOhZ4AaABAg,2026-04-29T10:41:19Z,0
E2_cut,676UrLXDnWw,Ugw198YfFGyrI9FdjPR4AaABAg,2026-04-23T06:11:19Z,0
E2_cut,676UrLXDnWw,Ugwvl8dRbzPG1f4gOV14AaABAg,2026-04-23T01:51:12Z,0
E2_cut,676UrLXDnWw,UgwEfjJcpjmagtAhv4l4AaABAg,2026-06-11T12:32:35Z,0
E2_cut,676UrLXDnWw,UgyJqdYrqiYdGreDp314AaABAg,2026-04-23T01:57:58Z,0
E2_cut,676UrLXDnWw,UgwcYrokMuDqfiIlXmZ4AaABAg,2026-05-03T09:12:37Z,0
E2_cut,676UrLXDnWw,Ugy59sg6ag5ONLjIIwt4AaABAg,2026-07-29T10:35:43Z,0
E2_cut,676UrLXDnWw,UgyZQ5vG9iRqxOrXxZF4AaABAg,2026-04-22T22:47:57Z,0
E2_cut,676UrLXDnWw,UgxfL-bYjpEsrVzvGR14AaABAg,2026-07-28T11:00:31Z,0
E2_cut,676UrLXDnWw,UgzELH9-md0cCBBTsrx4AaABAg,2026-06-01T16:50:30Z,0
E2_cut,676UrLXDnWw,UgwEQvWs5fKPKKGozSN4AaABAg,2026-05-04T14:18:56Z,0
E2_cut,676UrLXDnWw,Ugx6Za1GAvOiDIxOk0h4AaABAg,2026-04-22T22:08:17Z,0
E2_cut,676UrLXDnWw,Ugxu8dDB6u-6FuGd9rB4AaABAg,2026-06-14T20:27:38Z,0
E2_cut,676UrLXDnWw,UgyNE47etnmk4QC8u4N4AaABAg,2026-04-23T06:28:16Z,0
E2_cut,676UrLXDnWw,UgxxQBj0CyTIwf_EYZd4AaABAg,2026-04-23T11:35:28Z,0
E2_cut,676UrLXDnWw,UgzVR0vbZJ7_tFywPrJ4AaABAg,2026-04-25T04:14:35Z,0
E2_cut,676UrLXDnWw,UgwF1Ai5wM0kPhdBJ194AaABAg,2026-07-30T19:54:52Z,0
E2_cut,676UrLXDnWw,Ugw_vtsDX1fsAOVwENx4AaABAg,2026-06-11T17:48:14Z,0
E2_cut,676UrLXDnWw,UgwAMPAi-uXEuNY2W_d4AaABAg,2026-04-23T23:12:34Z,0
E2_cut,676UrLXDnWw,Ugw4_QLPiHh-oDxgtqp4AaABAg,2026-05-28T23:59:53Z,0
E2_cut,676UrLXDnWw,Ugx8TcS6xqeH_AiCVNR4AaABAg,2026-09-03T06:52:51Z,0
E2_cut,676UrLXDnWw,Ugyy-OXafxNCu3vPOCR4AaABAg,2026-04-26T02:40:07Z,0
E2_cut,676UrLXDnWw,UgwC4546vmC8p4vpRit4AaABAg,2026-07-30T14:41:03Z,0
E2_cut,676UrLXDnWw,UgxTc_IsJQ4NmnW8fEZ4AaABAg,2026-04-23T00:02:31Z,0
E2_cut,676UrLXDnWw,UgzKBrTj1vLNjoyHzS54AaABAg,2026-08-01T12:44:30Z,0
E2_cut,676UrLXDnWw,UgwIn71XqKsOydiTDNN4AaABAg,2026-04-23T11:16:34Z,0
E2_cut,676UrLXDnWw,Ugwaj1M6RcgplYIMMSh4AaABAg,2026-06-14T22:27:53Z,0
E2_cut,676UrLXDnWw,UgwqKKNF77EvtHX8BbF4AaABAg,2026-04-22T23:12:34Z,0
E2_cut,676UrLXDnWw,UgwPXVKrL7WUglJV-3N4AaABAg,2026-05-17T12:46:20Z,0
E2_cut,676UrLXDnWw,UgzRkUWPKhzYu5gLRIp4AaABAg,2026-04-23T02:02:36Z,0
E2_cut,676UrLXDnWw,UgxcLUsKvWUn3WFVzb54AaABAg,2026-07-30T19:41:50Z,0
E2_cut,676UrLXDnWw,UgzTK7s_IxSx3ooGqmJ4AaABAg,2026-07-29T08:00:12Z,0
E2_cut,676UrLXDnWw,UgydGSfztEYFuHNrWdN4AaABAg,2026-08-22T03:27:27Z,0
E2_cut,676UrLXDnWw,UgxXpwAHyLlAqEMkV8t4AaABAg,2026-05-03T17:44:37Z,0
E2_cut,gy5AAjAgD8E,UgzJESr51pnn7XNSQ3d4AaABAg,2026-04-21T21:31:54Z,40
E2_cut,gy5AAjAgD8E,UgzZ1XZIExZTq5Ro0_d4AaABAg,2026-04-21T21:27:58Z,70
E2_cut,gy5AAjAgD8E,UgyBibL0_LEhP7ufKu54AaABAg,2026-04-21T23:07:43Z,12
E2_cut,gy5AAjAgD8E,Ugy6kE-ckBJEDzKr8v14AaABAg,2026-04-21T21:37:37Z,10
E2_cut,gy5AAjAgD8E,Ugx8-a4h3sZCSgXxJTV4AaABAg,2026-04-21T22:28:14Z,21
E2_cut,gy5AAjAgD8E,Ugx6aZ8uwmd0uX2dheF4AaABAg,2026-04-21T21:58:16Z,14
E2_cut,gy5AAjAgD8E,UgykLMEM6WcPN4Da_aR4AaABAg,2026-04-22T06:57:54Z,3
E2_cut,gy5AAjAgD8E,UgxXQnl_CJ2Vji7azfl4AaABAg,2026-04-22T00:01:39Z,2
E2_cut,gy5AAjAgD8E,UgzMSrPVS5cMWSbRLIN4AaABAg,2026-04-22T03:23:45Z,3
E2_cut,gy5AAjAgD8E,UgyDJfEiK7Hq5eDPJLt4AaABAg,2026-04-22T08:37:59Z,2
E2_cut,gy5AAjAgD8E,UgwemgRjDvetH9Ee-UR4AaABAg,2026-04-22T22:49:08Z,1
E2_cut,gy5AAjAgD8E,Ugycs00A_aknPXI8wEt4AaABAg,2026-04-22T12:21:22Z,0
E2_cut,gy5AAjAgD8E,UgxJUKynR5zu1i9Jxal4AaABAg,2026-04-22T13:48:57Z,0
E2_cut,gy5AAjAgD8E,UgxvubZMiweV89aApRV4AaABAg,2026-04-22T12:39:53Z,0
E2_cut,gy5AAjAgD8E,Ugy9hF5dYkAhRXErMAx4AaABAg,2026-04-22T09:52:50Z,0
E2_cut,gy5AAjAgD8E,Ugxv8hQjRfcbSfQ36v54AaABAg,2026-04-24T23:48:08Z,0
E2_cut,gy5AAjAgD8E,UgwKG4d-yYHKuYM-x_N4AaABAg,2026-04-22T14:23:42Z,0
E2_cut,gy5AAjAgD8E,Ugxmx1kdMbfRDAeuVGd4AaABAg,2026-04-22T03:25:35Z,1
E2_cut,gy5AAjAgD8E,UgxHX_eP9d2KaXU-XEh4AaABAg,2026-04-22T01:40:32Z,11
E2_cut,gy5AAjAgD8E,UgxbBacXJD0B53tdo5d4AaABAg,2026-04-22T10:38:44Z,0
E2_cut,gy5AAjAgD8E,Ugw24EBJygXhXG8vsPl4AaABAg,2026-04-22T09:47:47Z,0
E2_cut,gy5AAjAgD8E,Ugz5n5pzrgCeVgzDVC54AaABAg,2026-04-21T23:35:17Z,3
E2_cut,gy5AAjAgD8E,UgzTsgTWsFqzjndKQfx4AaABAg,2026-04-22T13:37:28Z,0
E2_cut,gy5AAjAgD8E,UgyMLYGZ5HH9b28V0lt4AaABAg,2026-04-22T10:21:31Z,0
E2_cut,gy5AAjAgD8E,Ugw9cp3igDHhTO4loV94AaABAg,2026-04-21T21:45:23Z,0
E2_cut,gy5AAjAgD8E,UgzBzvmZkBSs0zIk5u94AaABAg,2026-04-22T11:43:06Z,0
E2_cut,gy5AAjAgD8E,UgwexZvYRf1PyFnZBR54AaABAg,2026-04-26T22:19:25Z,0
E2_cut,gy5AAjAgD8E,Ugx5kfEJPZfOUBca1Ct4AaABAg,2026-04-23T17:43:37Z,0
E2_cut,gy5AAjAgD8E,Ugxsuwsy7TVT0CuKMpx4AaABAg,2026-04-22T04:59:09Z,0
E2_cut,gy5AAjAgD8E,Ugwa8HGvqkmDa_HMu-F4AaABAg,2026-04-22T01:53:24Z,0
E2_cut,gy5AAjAgD8E,UgzgUIXU01u2FO1lxGp4AaABAg,2026-04-22T04:51:50Z,0
E2_cut,gy5AAjAgD8E,Ugw97cLA03upZdNB0Ph4AaABAg,2026-04-22T11:17:52Z,0
E2_cut,gy5AAjAgD8E,Ugxsguqc-L_6U9reamF4AaABAg,2026-04-21T21:50:36Z,2
E2_cut,gy5AAjAgD8E,Ugy98INdf11qOZIj-Qh4AaABAg,2026-04-23T09:43:26Z,0
E2_cut,gy5AAjAgD8E,UgztVhAJo3z1M3rQpPp4AaABAg,2026-04-21T21:50:53Z,0
E2_cut,gy5AAjAgD8E,UgwbtmYFtm90EhaAuy54AaABAg,2026-04-21T21:40:36Z,0
E2_cut,gy5AAjAgD8E,UgytZGZSmK9ddFVEUNt4AaABAg,2026-04-22T15:28:45Z,0
E2_cut,gy5AAjAgD8E,Ugzf2ORqTKgy_4_hzod4AaABAg,2026-04-21T22:05:44Z,0
E2_cut,gy5AAjAgD8E,UgyUIG1BC6R462qbAnx4AaABAg,2026-04-22T10:57:03Z,0
E2_cut,gy5AAjAgD8E,UgzGSQcMl_LK4baUl7F4AaABAg,2026-04-22T06:35:40Z,0
E2_cut,gy5AAjAgD8E,UgycfYVeJNL3sWMLbdF4AaABAg,2026-04-22T08:30:16Z,0
E2_cut,gy5AAjAgD8E,UgwH8CZ1YRPnx_36lcZ4AaABAg,2026-04-22T11:12:26Z,0
E2_cut,gy5AAjAgD8E,UgyQeS5XZ8EK0-0yZC54AaABAg,2026-04-22T05:24:52Z,0
E2_cut,gy5AAjAgD8E,UgwWxwdoohXcy1QjU9R4AaABAg,2026-04-22T11:57:55Z,0
E2_cut,gy5AAjAgD8E,UgwkhEMNd8wo9XYyOOt4AaABAg,2026-04-21T22:48:49Z,0
E2_cut,gy5AAjAgD8E,Ugzk7L9pUFjewIHnTJR4AaABAg,2026-04-22T13:58:37Z,0
E2_cut,gy5AAjAgD8E,UgzaM7BwVdvZZvo1pDx4AaABAg,2026-04-22T12:03:13Z,0
E2_cut,gy5AAjAgD8E,UgwfYPE2nl9BlRy2jFl4AaABAg,2026-04-22T01:14:52Z,0
E2_cut,gy5AAjAgD8E,UgxX3gxaDQYYc_oM7I14AaABAg,2026-04-21T21:46:17Z,2
E2_cut,gy5AAjAgD8E,Ugz0cn5KkkbGqWoj7Wd4AaABAg,2026-04-22T10:27:15Z,0
E2_cut,gy5AAjAgD8E,Ugxi3PZk_EdYqSv1NHZ4AaABAg,2026-04-22T05:21:33Z,0
E2_cut,gy5AAjAgD8E,UgyUVnIzSuddXtmclMB4AaABAg,2026-04-22T07:07:09Z,0
E2_cut,gy5AAjAgD8E,UgyELMz55G-AiahxCfh4AaABAg,2026-06-13T07:12:57Z,0
E2_cut,gy5AAjAgD8E,UgxjXp9VtfYqwoKcQ8t4AaABAg,2026-04-22T00:07:13Z,0
E2_cut,gy5AAjAgD8E,UgxcbHHkPqPC5rfh8Jl4AaABAg,2026-04-27T08:57:55Z,0
E2_cut,gy5AAjAgD8E,Ugzip_PJ5dbLB3inX4d4AaABAg,2026-04-21T22:11:56Z,0
E2_cut,gy5AAjAgD8E,Ugypo8Qw4AdKmkcPBCt4AaABAg,2026-04-22T00:22:48Z,2
E2_cut,gy5AAjAgD8E,Ugyo_o5-j_Ofim_fT_R4AaABAg,2026-04-21T21:45:50Z,2
E2_cut,gy5AAjAgD8E,UgxOA812-KsBXlBUc7d4AaABAg,2026-04-22T18:29:41Z,0
E2_cut,gy5AAjAgD8E,UgwS5FE7UD_tFSWmmEh4AaABAg,2026-04-22T13:05:16Z,0
E2_cut,gy5AAjAgD8E,UgxTwlFsgMU5i9HHjM14AaABAg,2026-04-22T08:18:34Z,0
E2_cut,gy5AAjAgD8E,UgyxD9J5TSSMF1CzLrh4AaABAg,2026-04-27T23:27:26Z,0
E2_cut,gy5AAjAgD8E,UgznSxh-pEJRdQnk0dV4AaABAg,2026-04-21T21:27:59Z,4
E2_cut,gy5AAjAgD8E,UgxmcHyePmZsBzoi-7F4AaABAg,2026-04-21T23:44:59Z,0
E2_cut,gy5AAjAgD8E,UgyyLvpNVo6AHhIq7lR4AaABAg,2026-04-21T21:30:02Z,5
E2_cut,gy5AAjAgD8E,UgxSt2boVGo4EZ1YHGB4AaABAg,2026-04-22T12:02:26Z,0
E2_cut,gy5AAjAgD8E,UgyxTDE7NfjAkzYB5wp4AaABAg,2026-04-25T17:18:34Z,0
